date,starting_equity,ending_equity,net_pnl,net_return,costs,gross_pnl,turnover_dollars,turnover_equity_multiple,fill_count,max_drawdown,max_gross_exposure,max_abs_net_exposure,max_symbol_exposure,min_cash,ending_cash,ending_gross_exposure,ending_net_exposure,SNDK_net_pnl,SNDK_costs,SNDK_fill_count,TSLA_net_pnl,TSLA_costs,TSLA_fill_count,MSTR_net_pnl,MSTR_costs,MSTR_fill_count,NVDA_net_pnl,NVDA_costs,NVDA_fill_count
2026-08-31,100000.0,100709.03103911894,709.0310391189414,0.007090310391189414,251.41238892059337,960.4434280395348,1257061.9446029663,12.570619446029664,142,-0.01169862087329554,0.9526965744180338,0.5261968286887214,0.7035392998029927,58340.376386601216,100709.03103911894,0.0,0.0,1969.7548993896671,120.17832814941406,31,-325.6300960632216,55.74328576049804,16,-256.84956562957814,17.422357682800293,42,-678.244198577886,58.06841732788085,53
2026-09-01,100709.03103911894,102079.43658607031,1370.4055469513696,0.01360757354937767,407.20604057311994,1777.6115875244896,2036030.2028656006,20.21695752464081,122,-0.007338284850878285,0.9508762714889235,0.9484227278946302,0.7013649605047072,5182.147634718305,102079.43658607031,0.0,0.0,660.3549263672066,56.3267142578125,20,3.8506067077705666,51.18360349731445,28,-202.78988589470828,153.34686221313478,29,908.9898997711425,146.34886060485837,45
2026-09-02,102079.43658607031,100444.93058078467,-1634.5060052856425,-0.016012098616036894,176.79666995849584,-1457.7093353271466,883983.3497924805,8.659759294881416,47,-0.025490774079844902,0.9505996584714372,0.6982653925098631,0.7012055167952053,30093.951888902346,100444.93058078467,0.0,0.0,-492.75977844236877,63.10975402832031,8,-527.6636094176956,81.34155741577149,15,-64.85933400878457,5.24066640625,8,-549.2232834167444,27.104692108154303,16
2026-09-03,100444.93058078467,103297.97540004745,2853.044819262781,0.02840406979990063,285.9632984130859,3139.0081176758667,1429816.4920654297,14.234829809708252,111,-0.017395476298362578,0.9492802267041427,0.9492802267041427,0.7024902094598804,5273.899826149056,103297.97540004745,0.0,0.0,754.0278271728575,71.23596677246094,25,-537.669515692105,85.58763703002928,26,2728.6191574493587,114.40380702819826,44,-91.93264966735842,14.735887582397464,16
2026-09-04,103297.97540004745,102542.09258445296,-755.8828155944939,-0.007317498844165601,194.4111969421383,-561.4716186523556,972055.9847106934,9.410213326506755,83,-0.013223690127976861,0.9525767642187511,0.934556978732404,0.7011848054892243,6757.433880809171,102542.09258445296,0.0,0.0,-71.01892807617241,77.75305893554686,11,-600.4857588928473,69.28437339477541,27,-142.44361337279952,14.87620004272461,26,58.065484747318806,32.49756456909179,19
2026-09-08,102542.09258445296,104341.072938054,1798.980353601044,0.01754382330475084,287.60515665283106,2086.585510253875,1438025.7832641602,14.02376084806161,69,-0.009760293099297268,0.9635741527212334,0.7723756628217376,0.7020177847741838,23554.798167799498,104341.072938054,0.0,0.0,-684.2996768066241,112.29332915039063,21,1481.9718451538404,83.14888238525391,18,519.7536548187354,58.91265072326661,11,481.5545304351808,33.2502943939209,19
2026-09-09,104341.072938054,102627.31771034711,-1713.7552277068899,-0.016424550557615266,348.10311283874535,-1365.6521148681445,1740515.5641937256,16.681020380411923,104,-0.02034704907986795,0.9486529669454319,0.9480979042697923,0.7030750929490748,5382.448166740537,102627.31771034711,0.0,0.0,80.09651516112717,43.95121433105469,18,-446.6334269470208,65.46689252319335,16,-1386.212394903533,151.70958728637697,54,38.99407898253412,86.97541869812011,16
2026-09-10,102627.31771034711,101843.02008047955,-784.297629867564,-0.007642191644150214,148.5002818450928,-635.7973480224712,742501.4092254639,7.234929507960854,98,-0.012390722734999304,0.9507468135758214,0.9497544904631929,0.70069422728213,5126.1021926408275,101843.02008047955,0.0,0.0,-65.643544775392,24.454335791015623,16,59.474713806153886,41.54512261962891,26,-504.26210972289846,53.75756260375976,33,-273.86668917540374,28.743260830688477,23
2026-09-11,101843.02008047955,99248.01539399271,-2595.0046864868345,-0.02548043728903739,316.38759053955255,-2278.617095947282,1581937.952697754,15.533101349976237,123,-0.03024484042045117,0.9555008100902362,0.8576470997363317,0.7016607919650484,16915.71943317732,99248.01539399271,0.0,0.0,-254.75076928709723,50.919958740234385,20,-24.472636730952217,77.11722901611328,33,-1836.5668569610716,115.98420010070801,43,-479.214423507683,72.36620268249511,27
