date,starting_equity,ending_equity,net_pnl,net_return,costs,gross_pnl,turnover_dollars,turnover_equity_multiple,fill_count,max_drawdown,max_gross_exposure,max_abs_net_exposure,max_symbol_exposure,min_cash,ending_cash,ending_gross_exposure,ending_net_exposure,SPY_net_pnl,SPY_costs,SPY_fill_count,QQQ_net_pnl,QQQ_costs,QQQ_fill_count,IWM_net_pnl,IWM_costs,IWM_fill_count,XLK_net_pnl,XLK_costs,XLK_fill_count,SOXX_net_pnl,SOXX_costs,SOXX_fill_count,AAPL_net_pnl,AAPL_costs,AAPL_fill_count,MSFT_net_pnl,MSFT_costs,MSFT_fill_count,NVDA_net_pnl,NVDA_costs,NVDA_fill_count,AMD_net_pnl,AMD_costs,AMD_fill_count,AVGO_net_pnl,AVGO_costs,AVGO_fill_count,MU_net_pnl,MU_costs,MU_fill_count,SNDK_net_pnl,SNDK_costs,SNDK_fill_count,TSLA_net_pnl,TSLA_costs,TSLA_fill_count,META_net_pnl,META_costs,META_fill_count,AMZN_net_pnl,AMZN_costs,AMZN_fill_count,GOOGL_net_pnl,GOOGL_costs,GOOGL_fill_count,NFLX_net_pnl,NFLX_costs,NFLX_fill_count,ORCL_net_pnl,ORCL_costs,ORCL_fill_count,PLTR_net_pnl,PLTR_costs,PLTR_fill_count,COIN_net_pnl,COIN_costs,COIN_fill_count,MSTR_net_pnl,MSTR_costs,MSTR_fill_count,MARA_net_pnl,MARA_costs,MARA_fill_count,HOOD_net_pnl,HOOD_costs,HOOD_fill_count,SMCI_net_pnl,SMCI_costs,SMCI_fill_count,INTC_net_pnl,INTC_costs,INTC_fill_count,TSM_net_pnl,TSM_costs,TSM_fill_count,CRM_net_pnl,CRM_costs,CRM_fill_count,UBER_net_pnl,UBER_costs,UBER_fill_count,JPM_net_pnl,JPM_costs,JPM_fill_count,XLF_net_pnl,XLF_costs,XLF_fill_count
2026-08-31,100000.0,100577.18799431427,577.1879943142703,0.005771879943142703,445.5957314243316,1022.7837257386019,891191.4628486633,8.911914628486633,101,-0.008497476411648774,0.9579946285785695,0.942337784350423,0.7023615746893032,5810.112475608825,100577.18799431427,0.0,0.0,0.0,0,0,0.0,0,0,0.0,0,0,0.0,0,0,0.0,0.0,0,0.0,0,0,0.0,0,0,0.0,0,0,0.0,0.0,0,43.59213874817215,80.22393180847168,28,0.0,0.0,0,286.85244445802664,114.43515319824222,38,0.0,0.0,0,0.0,0.0,0,0.0,0.0,0,-361.6902052001824,71.91560803222657,8,0.0,0.0,0,0.0,0.0,0,15.013626907350044,12.696364547729493,8,0.0,0.0,0,218.74762422179992,22.962855514526368,5,0.0,0.0,0,0.0,0.0,0,-481.9462202777645,73.0176810016632,10,0.0,0.0,0,0.0,0,0,856.6185854568466,70.34413732147216,4,0.0,0.0,0,0.0,0,0,0.0,0,0
2026-09-01,100577.18799431427,99938.23955998817,-638.9484343260992,-0.0063528166482664005,421.1911787719729,-217.75725555412635,842382.3575439453,8.375481302893117,111,-0.007918929615721493,0.9493518633036903,0.689185516520853,0.7012533589538891,31226.895513372518,99938.23955998817,0.0,0.0,0.0,0,0,0.0,0,0,0.0,0,0,0.0,0,0,0.0,0.0,0,0.0,0,0,0.0,0,0,0.0,0,0,0.0,0.0,0,-52.567148742669815,31.512583312988276,16,0.0,0.0,0,-160.5464860839843,59.35166186523437,19,-30.201928466791287,30.101342529296872,15,0.0,0.0,0,0.0,0.0,0,-56.59675712585158,25.09575004577637,2,0.0,0.0,0,0.0,0.0,0,-97.20527148437395,8.6098125,2,0.0,0.0,0,396.2314766769523,69.99351416778565,3,-276.82145627211116,69.72827084732057,37,0.0,0.0,0,0.0,0.0,0,143.53953339767395,25.525202014923096,2,0.0,0,0,-504.78039622495817,101.27304148864748,15,0.0,0.0,0,0.0,0,0,0.0,0,0
2026-09-02,99938.23955998817,98492.59368664095,-1445.6458733472246,-0.014465392623606023,348.4223359022153,-1097.2235374450092,696844.6718044281,6.972753121052782,64,-0.015355971223363296,0.9479476658768468,0.9373391334704978,0.6976382745148,6259.283154737626,98492.59368664095,0.0,0.0,0.0,0,0,0.0,0,0,0.0,0,0,0.0,0,0,0.0,0.0,0,0.0,0,0,0.0,0,0,0.0,0,0,0.0,0.0,0,77.64636010742834,32.35363989257812,2,0.0,0.0,0,-51.12232501220751,24.74598223876953,10,-0.7753042449951977,1.055119918823242,4,0.0,0.0,0,0.0,0.0,0,0.0,0.0,0,103.75263850784154,13.126809429168702,4,0.0,0.0,0,0.0,0.0,0,0.0,0.0,0,-527.5779296874971,49.575,2,-129.64774948406034,25.92596679973603,24,0.0,0.0,0,-0.03142024612424166,0.03641749954223633,2,-38.75164841460173,63.384277809143065,9,0.0,0,0,-879.1384948730138,138.2191223144531,7,0.0,0.0,0,0.0,0,0,0.0,0,0
2026-09-03,98492.59368664095,97787.36923943926,-705.22444720169,-0.007160177438776731,457.372993420601,-247.85145378108905,914745.9868412018,9.287459621091017,86,-0.013846913022070417,0.9500926394632659,0.9471717809912814,0.6993910349154512,5195.190934756531,97787.36923943926,0.0,0.0,0.0,0,0,0.0,0,0,0.0,0,0,0.0,0,0,0.0,0.0,0,0.0,0,0,0.0,0,0,0.0,0,0,0.0,0.0,0,-612.3351143493528,68.62393270874024,6,0.0,0.0,0,-31.700406860348266,24.399869750976563,7,200.75129173279316,26.20442726135254,6,0.0,0.0,0,0.0,0.0,0,0.0,0.0,0,0.0,0.0,0,-339.6130568466142,24.605076499938967,5,434.76185717010594,12.288084846496583,6,95.35279895782878,32.47546337127686,5,22.137233123783517,86.38126052856444,10,-257.78333106708124,40.97772994709015,19,-298.9459464454585,65.60330270767211,7,0.0,0.0,0,-27.918496555327636,6.944337314605714,11,0.0,0,0,110.06872393800688,68.8695084838867,4,0.0,0.0,0,0.0,0,0,0.0,0,0
2026-09-04,97787.36923943926,97088.89364484148,-698.4755945977813,-0.007142799729968343,250.36177547550164,-448.11381912227966,500723.550951004,5.1205340203492655,50,-0.008681107073267968,0.9518145950584024,0.5933531574917087,0.5933531574917087,51466.497866658494,97088.89364484148,0.0,0.0,0.0,0,0,0.0,0,0,0.0,0,0,0.0,0,0,0.0,0.0,0,0.0,0,0,0.0,0,0,0.0,0,0,0.0,0.0,0,-290.87429980468005,70.5649736328125,4,0.0,0.0,0,192.92588769531562,71.4705966796875,13,-14.900391204833568,5.6603399353027335,4,0.0,0.0,0,0.0,0.0,0,0.0,0.0,0,0.0,0.0,0,0.0,0.0,0,0.0,0.0,0,-420.46871796416235,57.903242500305176,3,-93.80568880462124,34.85044283294678,6,-61.8389652338019,6.273577507972717,5,0.0,0.0,0,0.0,0.0,0,0.0,0.0,0,0.0,0,0,-9.513419281005497,3.6386023864746098,15,0.0,0.0,0,0.0,0,0,0.0,0,0
2026-09-08,97088.89364484148,97049.63529341813,-39.25835142334108,-0.0004043547098904135,201.1358328838353,161.8774814604942,402271.6657676697,4.143333502585887,62,-0.007271098242426111,0.9552476994960949,0.6989366775814018,0.700737204423158,70164.39368520281,97049.63529341813,0.0,0.0,0.0,0,0,0.0,0,0,0.0,0,0,0.0,0,0,0.0,0.0,0,0.0,0,0,0.0,0,0,0.0,0,0,0.0,0.0,0,153.89454328919237,86.26845109558106,8,0.0,0.0,0,-2.1818544311520327,1.7818300170898436,2,2.838462600710045,23.81177543640137,2,0.0,0.0,0,0.0,0.0,0,0.0,0.0,0,0.0,0.0,0,-284.2432284851038,18.475955535888673,36,0.0,0.0,0,0.0,0.0,0,13.167302505495172,8.53212986755371,2,140.41026282310986,17.60103058815002,3,0.0,0.0,0,-39.030513229364544,20.47133964538574,6,0.0,0.0,0,0.0,0,0,0.0,0.0,0,-24.113326496120862,24.193320697784422,3,0.0,0,0,0.0,0,0
2026-09-09,97049.63529341813,95439.40714663382,-1610.2281467843131,-0.01659180008163841,348.2846453118332,-1261.94350147248,696569.2906236649,7.177453975150651,160,-0.017802229188910834,0.9500961301871444,0.8619772495360439,0.6966244848323482,76591.15486482068,95439.40714663382,0.0,0.0,0.0,0,0,0.0,0,0,0.0,0,0,0.0,0,0,-317.9910539550756,67.52413500976563,17,0.0,0,0,0.0,0,0,0.0,0,0,0.0,0.0,0,0.0,0.0,0,0.0,0.0,0,-219.86097155760876,60.8319188232422,9,-0.3612257537841401,0.37120500183105465,2,-232.64377374268224,84.69931573486329,35,0.0,0.0,0,10.854189987183418,16.125149612426757,3,0.0,0.0,0,0.0,0.0,0,0.0,0.0,0,-176.58388692473818,14.013894859313968,34,-340.18410781096736,26.314188987731935,39,-382.3513946747703,64.80271436929702,10,0.0,0.0,0,49.308967014314476,12.652260402679445,7,-0.41488936614968,0.9498625106811523,4,0.0,0,0,0.0,0.0,0,0.0,0.0,0,0.0,0,0,0.0,0,0
2026-09-10,95439.40714663382,97459.64569122481,2020.2385445909895,0.021167760833709706,275.72636400890406,2295.9649085998935,551452.728017807,5.778040167103625,72,-0.002685296655827285,0.9478060137693429,0.9467231978566121,0.7005589124022549,5102.601896596629,97459.64569122481,0.0,0.0,0.0,0,0,0.0,0,0,0.0,0,0,0.0,0,0,0.0,0.0,0,0.0,0,0,0.0,0,0,0.0,0,0,0.0,0.0,0,0.0,0.0,0,0.0,0.0,0,43.57818090820615,44.138127685546884,14,0.0,0.0,0,472.6154285278317,31.259937683105466,7,-6.085888229366901,12.615764938354493,6,0.0,0.0,0,0.0,0.0,0,0.0,0.0,0,-236.22914916991976,36.907860107421875,2,0.0,0.0,0,119.55844851684651,9.20208004760742,5,170.44094881153433,32.928165110588075,3,27.569448036195354,15.156763511657715,4,0.0,0.0,0,-64.71606306457477,25.97646955871582,3,0.0,0,0,0.0,0.0,0,1493.5071902541931,67.54119536590576,28,0.0,0,0,0.0,0,0
2026-09-11,97459.64569122481,97995.83189253024,536.1862013054342,0.00550162272294934,447.9072740364072,984.0934753418414,895814.5480728149,9.191645852181395,93,-0.010956999862774208,0.9505427722509395,0.9500199686698007,0.6986052114388003,4879.332748674155,97995.83189253024,0.0,0.0,0.0,0,0,0.0,0,0,0.0,0,0,0.0,0,0,-486.0558833923069,68.24881552124023,13,0.0,0,0,0.0,0,0,0.0,0,0,39.41546246337748,23.76239398193359,9,144.84873838806016,20.40147523498535,5,-73.63780780029265,6.875478698730468,2,148.63125238037037,60.94821539306639,19,-214.71489364623102,68.91087753295898,7,0.0,0.0,0,0.0,0.0,0,0.0,0.0,0,0.0,0.0,0,0.0,0.0,0,0.0,0.0,0,1.395021041869768,18.73391572570801,2,349.60278691864187,17.359844306945803,4,199.94215087128305,44.117221076965336,5,62.59539338303193,40.55297545242309,5,-63.89503549194262,9.719414459228512,16,0.0,0.0,0,0.0,0,0,428.0590161895896,68.27664665222167,6,0.0,0.0,0,0.0,0,0,0.0,0,0
