ticker,date,selected_candidate,selection_data_cutoff,validation_start_date,validation_end_date,available_prior_sessions,selection_mode,selection_score,bar_data_start,bar_data_end,candidate,is_selected,status,validation_score,model_train_sessions,model_train_last_date,net_return,gross_return,cost_fraction_of_day_start_equity,slippage_cost_fraction,commission_cost_fraction,max_drawdown,trade_count,fill_count,turnover,exposed_bars
SNDK,2026-08-31,ml_ridge,2026-08-28T16:00:00-0400,2026-08-26,2026-08-28,25,fixed_external_daily_choices,,2026-08-31T09:30:00-04:00,2026-08-31T16:00:00-04:00,flat,False,ok,0.0,0,,0.0,0.0,0.0,0.0,0.0,0.0,0,0,0.0,0
SNDK,2026-08-31,ml_ridge,2026-08-28T16:00:00-0400,2026-08-26,2026-08-28,25,fixed_external_daily_choices,,2026-08-31T09:30:00-04:00,2026-08-31T16:00:00-04:00,trend_3,False,ok,-0.08436287203403925,0,,0.10567285085838773,0.1223910987385115,0.015206776303974899,0.015206776303974899,0.0,-0.015635812523920323,15,16,30.0,74
SNDK,2026-08-31,ml_ridge,2026-08-28T16:00:00-0400,2026-08-26,2026-08-28,25,fixed_external_daily_choices,,2026-08-31T09:30:00-04:00,2026-08-31T16:00:00-04:00,trend_12,False,ok,-0.0938076109945184,0,,-0.06247509524935124,-0.05210041279208111,0.010801034987562588,0.010801034987562588,0.0,-0.08218348392480801,11,12,22.0,65
SNDK,2026-08-31,ml_ridge,2026-08-28T16:00:00-0400,2026-08-26,2026-08-28,25,fixed_external_daily_choices,,2026-08-31T09:30:00-04:00,2026-08-31T16:00:00-04:00,reversal_3,False,ok,-0.046790152487512504,0,,-0.12448873624651269,-0.11125063031137383,0.014593837138257891,0.014593837138257891,0.0,-0.12708585115344329,15,16,30.0,74
SNDK,2026-08-31,ml_ridge,2026-08-28T16:00:00-0400,2026-08-26,2026-08-28,25,fixed_external_daily_choices,,2026-08-31T09:30:00-04:00,2026-08-31T16:00:00-04:00,ml_ridge,True,ok,-0.021430378685144857,25,2026-08-28,0.08716306449973943,0.09480346409270801,0.007075079223198946,0.007075079223198946,0.0,-0.028560061472978293,7,8,14.0,77
SNDK,2026-08-31,ml_ridge,2026-08-28T16:00:00-0400,2026-08-26,2026-08-28,25,fixed_external_daily_choices,,2026-08-31T09:30:00-04:00,2026-08-31T16:00:00-04:00,buy_hold_session,False,ok,,0,,0.05506361109928082,0.05611946653595057,0.001027795703401341,0.001027795703401341,0.0,-0.053400208251770165,1,2,2.0,78
SNDK,2026-09-01,ml_ridge,2026-08-31T16:00:00-0400,2026-08-27,2026-08-31,26,fixed_external_daily_choices,,2026-09-01T09:30:00-04:00,2026-09-01T16:00:00-04:00,flat,False,ok,0.0,0,,0.0,0.0,0.0,0.0,0.0,0.0,0,0,0.0,0
SNDK,2026-09-01,ml_ridge,2026-08-31T16:00:00-0400,2026-08-27,2026-08-31,26,fixed_external_daily_choices,,2026-09-01T09:30:00-04:00,2026-09-01T16:00:00-04:00,trend_3,False,ok,0.019619378870393334,0,,0.004340471581852912,0.023614852225144256,0.019232963423769227,0.019232963423769227,0.0,-0.025177007185125833,19,20,38.0,74
SNDK,2026-09-01,ml_ridge,2026-08-31T16:00:00-0400,2026-08-27,2026-08-31,26,fixed_external_daily_choices,,2026-09-01T09:30:00-04:00,2026-09-01T16:00:00-04:00,trend_12,False,ok,-0.11565125320227398,0,,0.02663529480213267,0.030751864957071717,0.004091698294350633,0.004091698294350633,0.0,-0.024759488397244178,4,5,8.0,65
SNDK,2026-09-01,ml_ridge,2026-08-31T16:00:00-0400,2026-08-27,2026-08-31,26,fixed_external_daily_choices,,2026-09-01T09:30:00-04:00,2026-09-01T16:00:00-04:00,reversal_3,False,ok,-0.13707653005410914,0,,-0.042244904319502674,-0.02386454745892308,0.01842951517063188,0.018429515170631884,0.0,-0.056543770014284345,19,20,38.0,74
SNDK,2026-09-01,ml_ridge,2026-08-31T16:00:00-0400,2026-08-27,2026-08-31,26,fixed_external_daily_choices,,2026-09-01T09:30:00-04:00,2026-09-01T16:00:00-04:00,ml_ridge,True,ok,0.06032358940877525,26,2026-08-31,-0.010875863489029802,6.98178204729949e-05,0.011053902874761736,0.011053902874761734,0.0,-0.0347405644595421,11,12,22.0,77
SNDK,2026-09-01,ml_ridge,2026-08-31T16:00:00-0400,2026-08-27,2026-08-31,26,fixed_external_daily_choices,,2026-09-01T09:30:00-04:00,2026-09-01T16:00:00-04:00,buy_hold_session,False,ok,,0,,0.0058455156619965365,0.006852116065031666,0.0010031743450035,0.0010031743450035,0.0,-0.04683510924054757,1,2,2.0,78
SNDK,2026-09-02,ml_ridge,2026-09-01T16:00:00-0400,2026-08-28,2026-09-01,27,fixed_external_daily_choices,,2026-09-02T09:30:00-04:00,2026-09-02T16:00:00-04:00,flat,False,ok,0.0,0,,0.0,0.0,0.0,0.0,0.0,0.0,0,0,0.0,0
SNDK,2026-09-02,ml_ridge,2026-09-01T16:00:00-0400,2026-08-28,2026-09-01,27,fixed_external_daily_choices,,2026-09-02T09:30:00-04:00,2026-09-02T16:00:00-04:00,trend_3,False,ok,0.05869130071466011,0,,-0.05987156944865679,-0.037987204416524034,0.021970544773635962,0.021970544773635962,0.0,-0.065721406096798,23,24,46.0,74
SNDK,2026-09-02,ml_ridge,2026-09-01T16:00:00-0400,2026-08-28,2026-09-01,27,fixed_external_daily_choices,,2026-09-02T09:30:00-04:00,2026-09-02T16:00:00-04:00,trend_12,False,ok,-0.07318534021256695,0,,-0.01676464044786108,-0.002895802266600467,0.014109755386454084,0.014109755386454084,0.0,-0.041776274412966496,14,15,28.0,65
SNDK,2026-09-02,ml_ridge,2026-09-01T16:00:00-0400,2026-08-28,2026-09-01,27,fixed_external_daily_choices,,2026-09-02T09:30:00-04:00,2026-09-02T16:00:00-04:00,reversal_3,False,ok,-0.16411490036796827,0,,0.014783335913310935,0.038405522233778466,0.023536241853172615,0.023536241853172615,0.0,-0.01686458270810054,23,24,46.0,74
SNDK,2026-09-02,ml_ridge,2026-09-01T16:00:00-0400,2026-08-28,2026-09-01,27,fixed_external_daily_choices,,2026-09-02T09:30:00-04:00,2026-09-02T16:00:00-04:00,ml_ridge,True,ok,0.09802321573066575,27,2026-09-01,-0.04305539330809616,-0.028585980289768664,0.014467388570404475,0.014467388570404475,0.0,-0.06499470903540217,15,16,30.0,77
SNDK,2026-09-02,ml_ridge,2026-09-01T16:00:00-0400,2026-08-28,2026-09-01,27,fixed_external_daily_choices,,2026-09-02T09:30:00-04:00,2026-09-02T16:00:00-04:00,buy_hold_session,False,ok,,0,,0.012948638092489695,0.013962346948851678,0.0010067276828876887,0.0010067276828876887,0.0,-0.04010763847279597,1,2,2.0,78
SNDK,2026-09-03,trend_3,2026-09-02T16:00:00-0400,2026-08-31,2026-09-02,28,fixed_external_daily_choices,,2026-09-03T09:30:00-04:00,2026-09-03T16:00:00-04:00,flat,False,ok,0.0,0,,0.0,0.0,0.0,0.0,0.0,0.0,0,0,0.0,0
SNDK,2026-09-03,trend_3,2026-09-02T16:00:00-0400,2026-08-31,2026-09-02,28,fixed_external_daily_choices,,2026-09-03T09:30:00-04:00,2026-09-03T16:00:00-04:00,trend_3,True,ok,0.04398629142982413,0,,-0.031642261152674656,-0.011081580173291972,0.02045725398496271,0.02045725398496271,0.0,-0.0547535479182818,21,22,42.0,74
SNDK,2026-09-03,trend_3,2026-09-02T16:00:00-0400,2026-08-31,2026-09-02,28,fixed_external_daily_choices,,2026-09-03T09:30:00-04:00,2026-09-03T16:00:00-04:00,trend_12,False,ok,-0.05363974503107716,0,,-0.03719190262229788,-0.024587586080756174,0.012687948923426211,0.012687948923426211,0.0,-0.038460270370746286,13,14,26.0,65
SNDK,2026-09-03,trend_3,2026-09-02T16:00:00-0400,2026-08-31,2026-09-02,28,fixed_external_daily_choices,,2026-09-03T09:30:00-04:00,2026-09-03T16:00:00-04:00,reversal_3,False,ok,-0.14907842353600553,0,,-0.010629752781656565,0.010377076830470289,0.02112263987591538,0.02112263987591538,0.0,-0.03064161316900027,21,22,42.0,74
SNDK,2026-09-03,trend_3,2026-09-02T16:00:00-0400,2026-08-31,2026-09-02,28,fixed_external_daily_choices,,2026-09-03T09:30:00-04:00,2026-09-03T16:00:00-04:00,ml_ridge,False,ok,0.029040074043735764,28,2026-09-02,-0.0036889987538010205,0.011375651039847945,0.015070924516582715,0.015070924516582715,0.0,-0.036499923214742824,15,16,30.0,77
SNDK,2026-09-03,trend_3,2026-09-02T16:00:00-0400,2026-08-31,2026-09-02,28,fixed_external_daily_choices,,2026-09-03T09:30:00-04:00,2026-09-03T16:00:00-04:00,buy_hold_session,False,ok,,0,,0.006312801646516153,0.007319869686235325,0.001003408104875696,0.001003408104875696,0.0,-0.023665982043107214,1,2,2.0,78
SNDK,2026-09-04,flat,2026-09-03T16:00:00-0400,2026-09-01,2026-09-03,29,fixed_external_daily_choices,,2026-09-04T09:30:00-04:00,2026-09-04T16:00:00-04:00,flat,True,ok,0.0,0,,0.0,0.0,0.0,0.0,0.0,0.0,0,0,0.0,0
SNDK,2026-09-04,flat,2026-09-03T16:00:00-0400,2026-09-01,2026-09-03,29,fixed_external_daily_choices,,2026-09-04T09:30:00-04:00,2026-09-04T16:00:00-04:00,trend_3,False,ok,-0.08566787746326798,0,,-0.00020774965944281298,0.022042152047662356,0.02192106537778363,0.021921065377783627,0.0,-0.0407349049793303,22,24,44.0,73
SNDK,2026-09-04,flat,2026-09-03T16:00:00-0400,2026-09-01,2026-09-03,29,fixed_external_daily_choices,,2026-09-04T09:30:00-04:00,2026-09-04T16:00:00-04:00,trend_12,False,ok,-0.028118280481470914,0,,0.009331355584490275,0.020500650666991582,0.011093933745981837,0.011093933745981837,0.0,-0.03103174550598664,11,12,22.0,65
SNDK,2026-09-04,flat,2026-09-03T16:00:00-0400,2026-09-01,2026-09-03,29,fixed_external_daily_choices,,2026-09-04T09:30:00-04:00,2026-09-04T16:00:00-04:00,reversal_3,False,ok,-0.03841729361617097,0,,-0.04364021087043046,-0.022356877960505228,0.02160862377250246,0.02160862377250246,0.0,-0.04364021087043046,22,24,44.0,73
SNDK,2026-09-04,flat,2026-09-03T16:00:00-0400,2026-09-01,2026-09-03,29,fixed_external_daily_choices,,2026-09-04T09:30:00-04:00,2026-09-04T16:00:00-04:00,ml_ridge,False,ok,-0.056954766059178485,29,2026-09-03,0.016555498013604675,0.03295921249652367,0.016205515430869084,0.016205515430869084,0.0,-0.023976022221302462,16,17,32.0,77
SNDK,2026-09-04,flat,2026-09-03T16:00:00-0400,2026-09-01,2026-09-03,29,fixed_external_daily_choices,,2026-09-04T09:30:00-04:00,2026-09-04T16:00:00-04:00,buy_hold_session,False,ok,,0,,0.09616662750305949,0.09726361680395934,0.0010483574924977786,0.0010483574924977786,0.0,-0.014875231649107756,1,2,2.0,78
SNDK,2026-09-08,flat,2026-09-04T16:00:00-0400,2026-09-02,2026-09-04,30,fixed_external_daily_choices,,2026-09-08T09:30:00-04:00,2026-09-08T16:00:00-04:00,flat,True,ok,0.0,0,,0.0,0.0,0.0,0.0,0.0,0.0,0,0,0.0,0
SNDK,2026-09-08,flat,2026-09-04T16:00:00-0400,2026-09-02,2026-09-04,30,fixed_external_daily_choices,,2026-09-08T09:30:00-04:00,2026-09-08T16:00:00-04:00,trend_3,False,ok,-0.08980849003339642,0,,0.005435140274828498,0.0288397187460947,0.02272422809807685,0.02272422809807685,0.0,-0.024898977420229507,23,24,46.0,74
SNDK,2026-09-08,flat,2026-09-04T16:00:00-0400,2026-09-02,2026-09-04,30,fixed_external_daily_choices,,2026-09-08T09:30:00-04:00,2026-09-08T16:00:00-04:00,trend_12,False,ok,-0.04449934811710843,0,,0.021474857089839983,0.03381234491760843,0.011945909315690988,0.011945909315690988,0.0,-0.014394486659675354,12,13,24.0,65
SNDK,2026-09-08,flat,2026-09-04T16:00:00-0400,2026-09-02,2026-09-04,30,fixed_external_daily_choices,,2026-09-08T09:30:00-04:00,2026-09-08T16:00:00-04:00,reversal_3,False,ok,-0.03981817642590735,0,,-0.050737919215701255,-0.028640940534967463,0.02276558040596897,0.02276558040596897,0.0,-0.06290419857296559,23,24,46.0,74
SNDK,2026-09-08,flat,2026-09-04T16:00:00-0400,2026-09-02,2026-09-04,30,fixed_external_daily_choices,,2026-09-08T09:30:00-04:00,2026-09-08T16:00:00-04:00,ml_ridge,False,ok,-0.030801309914818886,30,2026-09-04,-0.007685206759255991,0.009336682683511732,0.017201759293600606,0.017201759293600606,0.0,-0.031840494360588556,17,18,34.0,77
SNDK,2026-09-08,flat,2026-09-04T16:00:00-0400,2026-09-02,2026-09-04,30,fixed_external_daily_choices,,2026-09-08T09:30:00-04:00,2026-09-08T16:00:00-04:00,buy_hold_session,False,ok,,0,,-0.01882950590118926,-0.017847599038327444,0.0009908306623805957,0.0009908306623805955,0.0,-0.037678291848809664,1,2,2.0,78
SNDK,2026-09-09,ml_ridge,2026-09-08T16:00:00-0400,2026-09-03,2026-09-08,31,fixed_external_daily_choices,,2026-09-09T09:30:00-04:00,2026-09-09T16:00:00-04:00,flat,False,ok,0.0,0,,0.0,0.0,0.0,0.0,0.0,0.0,0,0,0.0,0
SNDK,2026-09-09,ml_ridge,2026-09-08T16:00:00-0400,2026-09-03,2026-09-08,31,fixed_external_daily_choices,,2026-09-09T09:30:00-04:00,2026-09-09T16:00:00-04:00,trend_3,False,ok,-0.02658137041601616,0,,-0.04213415834553491,-0.01787363019879251,0.024492886028151625,0.024492886028151625,0.0,-0.0763783931936669,25,26,50.0,74
SNDK,2026-09-09,ml_ridge,2026-09-08T16:00:00-0400,2026-09-03,2026-09-08,31,fixed_external_daily_choices,,2026-09-09T09:30:00-04:00,2026-09-09T16:00:00-04:00,trend_12,False,ok,-0.007338494950079877,0,,-0.021468853468103788,-0.015577308865573847,0.005924234147871505,0.005924234147871504,0.0,-0.036273450987690525,6,7,12.0,65
SNDK,2026-09-09,ml_ridge,2026-09-08T16:00:00-0400,2026-09-03,2026-09-08,31,fixed_external_daily_choices,,2026-09-09T09:30:00-04:00,2026-09-09T16:00:00-04:00,reversal_3,False,ok,-0.10181398972532141,0,,-0.007999924973806305,0.017125144420227834,0.024899650526610147,0.024899650526610143,0.0,-0.030751878422910717,25,26,50.0,74
SNDK,2026-09-09,ml_ridge,2026-09-08T16:00:00-0400,2026-09-03,2026-09-08,31,fixed_external_daily_choices,,2026-09-09T09:30:00-04:00,2026-09-09T16:00:00-04:00,ml_ridge,True,ok,0.00502180694218568,31,2026-09-08,-0.0019208355925028897,0.011145221658128479,0.01320707401411461,0.01320707401411461,0.0,-0.04671129091404769,13,14,26.0,77
SNDK,2026-09-09,ml_ridge,2026-09-08T16:00:00-0400,2026-09-03,2026-09-08,31,fixed_external_daily_choices,,2026-09-09T09:30:00-04:00,2026-09-09T16:00:00-04:00,buy_hold_session,False,ok,,0,,0.007010676245207792,0.008018442683280336,0.0010037572167309694,0.0010037572167309694,0.0,-0.030219627282820793,1,2,2.0,78
SNDK,2026-09-10,ml_ridge,2026-09-09T16:00:00-0400,2026-09-04,2026-09-09,32,fixed_external_daily_choices,,2026-09-10T09:30:00-04:00,2026-09-10T16:00:00-04:00,flat,False,ok,0.0,0,,0.0,0.0,0.0,0.0,0.0,0.0,0,0,0.0,0
SNDK,2026-09-10,ml_ridge,2026-09-09T16:00:00-0400,2026-09-04,2026-09-09,32,fixed_external_daily_choices,,2026-09-10T09:30:00-04:00,2026-09-10T16:00:00-04:00,trend_3,False,ok,-0.03712810100688957,0,,-0.023304594959327796,-0.003564317380486126,0.019646896934877655,0.019646896934877655,0.0,-0.028049940382283922,20,21,40.0,74
SNDK,2026-09-10,ml_ridge,2026-09-09T16:00:00-0400,2026-09-04,2026-09-09,32,fixed_external_daily_choices,,2026-09-10T09:30:00-04:00,2026-09-10T16:00:00-04:00,trend_12,False,ok,0.008872072534640285,0,,-0.010943791297228,-0.0009988628174799619,0.009938530064638079,0.009938530064638079,0.0,-0.024140375546543247,10,11,20.0,65
SNDK,2026-09-10,ml_ridge,2026-09-09T16:00:00-0400,2026-09-04,2026-09-09,32,fixed_external_daily_choices,,2026-09-10T09:30:00-04:00,2026-09-10T16:00:00-04:00,reversal_3,False,ok,-0.09942653714820637,0,,-0.016736199699089127,0.0031368336447690215,0.0199730393083001,0.019973039308300095,0.0,-0.04002061810791946,20,21,40.0,74
SNDK,2026-09-10,ml_ridge,2026-09-09T16:00:00-0400,2026-09-04,2026-09-09,32,fixed_external_daily_choices,,2026-09-10T09:30:00-04:00,2026-09-10T16:00:00-04:00,ml_ridge,True,ok,0.006805429258022633,32,2026-09-09,-0.012945655029040437,-0.004017834369732132,0.008845687562707113,0.008845687562707113,0.0,-0.027093024628914497,9,10,18.0,77
SNDK,2026-09-10,ml_ridge,2026-09-09T16:00:00-0400,2026-09-04,2026-09-09,32,fixed_external_daily_choices,,2026-09-10T09:30:00-04:00,2026-09-10T16:00:00-04:00,buy_hold_session,False,ok,,0,,-0.019368217675114763,-0.01838684992833106,0.0009905611717483168,0.0009905611717483168,0.0,-0.02770426307532947,1,2,2.0,78
SNDK,2026-09-11,trend_12,2026-09-10T16:00:00-0400,2026-09-08,2026-09-10,33,fixed_external_daily_choices,,2026-09-11T09:30:00-04:00,2026-09-11T16:00:00-04:00,flat,False,ok,0.0,0,,0.0,0.0,0.0,0.0,0.0,0.0,0,0,0.0,0
SNDK,2026-09-11,trend_12,2026-09-10T16:00:00-0400,2026-09-08,2026-09-10,33,fixed_external_daily_choices,,2026-09-11T09:30:00-04:00,2026-09-11T16:00:00-04:00,trend_3,False,ok,-0.05937202546927156,0,,-0.014123798883863614,0.001784857112010485,0.015926501829860874,0.01592650182986087,0.0,-0.040022972131173784,16,17,32.0,74
SNDK,2026-09-11,trend_12,2026-09-10T16:00:00-0400,2026-09-08,2026-09-10,33,fixed_external_daily_choices,,2026-09-11T09:30:00-04:00,2026-09-11T16:00:00-04:00,trend_12,True,ok,-0.011393848406315965,0,,-0.038190356378111634,-0.018750939293608604,0.01948023077453214,0.01948023077453214,0.0,-0.04381178334924296,20,21,40.0,65
SNDK,2026-09-11,trend_12,2026-09-10T16:00:00-0400,2026-09-08,2026-09-10,33,fixed_external_daily_choices,,2026-09-11T09:30:00-04:00,2026-09-11T16:00:00-04:00,reversal_3,False,ok,-0.0740918892671717,0,,-0.018224562492197394,-0.002382078737312554,0.015827512639440065,0.015827512639440065,0.0,-0.024250377520346422,16,17,32.0,74
SNDK,2026-09-11,trend_12,2026-09-10T16:00:00-0400,2026-09-08,2026-09-10,33,fixed_external_daily_choices,,2026-09-11T09:30:00-04:00,2026-09-11T16:00:00-04:00,ml_ridge,False,ok,-0.022412769955641565,33,2026-09-10,0.02426196616533871,0.03456088740804608,0.010223898874524165,0.010223898874524165,0.0,-0.015089843011518056,10,11,20.0,77
SNDK,2026-09-11,trend_12,2026-09-10T16:00:00-0400,2026-09-08,2026-09-10,33,fixed_external_daily_choices,,2026-09-11T09:30:00-04:00,2026-09-11T16:00:00-04:00,buy_hold_session,False,ok,,0,,-0.04726405953408941,-0.04631060856500213,0.0009766062733696402,0.0009766062733696402,0.0,-0.05504661891981377,1,2,2.0,78
TSLA,2026-08-31,trend_3,2026-08-28T16:00:00-0400,2026-08-26,2026-08-28,25,fixed_external_daily_choices,,2026-08-31T09:30:00-04:00,2026-08-31T16:00:00-04:00,flat,False,ok,0.0,0,,0.0,0.0,0.0,0.0,0.0,0.0,0,0,0.0,0
TSLA,2026-08-31,trend_3,2026-08-28T16:00:00-0400,2026-08-26,2026-08-28,25,fixed_external_daily_choices,,2026-08-31T09:30:00-04:00,2026-08-31T16:00:00-04:00,trend_3,True,ok,-0.033485731976286015,0,,-0.051092487672516396,-0.027058853304979702,0.024490215775241506,0.024490215775241506,0.0,-0.06527243524750048,25,26,50.0,74
TSLA,2026-08-31,trend_3,2026-08-28T16:00:00-0400,2026-08-26,2026-08-28,25,fixed_external_daily_choices,,2026-08-31T09:30:00-04:00,2026-08-31T16:00:00-04:00,trend_12,False,ok,-0.03375850189310792,0,,-0.02557822164980139,-0.010844546297638091,0.014762072646031727,0.014762072646031722,0.0,-0.031904446557731836,15,16,30.0,65
TSLA,2026-08-31,trend_3,2026-08-28T16:00:00-0400,2026-08-26,2026-08-28,25,fixed_external_daily_choices,,2026-08-31T09:30:00-04:00,2026-08-31T16:00:00-04:00,reversal_3,False,ok,-0.08298060763039283,0,,0.0020546482045995518,0.027434376701181984,0.024912215915559355,0.024912215915559355,0.0,-0.02033234419656127,25,26,50.0,74
TSLA,2026-08-31,trend_3,2026-08-28T16:00:00-0400,2026-08-26,2026-08-28,25,fixed_external_daily_choices,,2026-08-31T09:30:00-04:00,2026-08-31T16:00:00-04:00,ml_ridge,False,ok,-0.04884582280674965,25,2026-08-28,-0.026916738123977102,-0.010224740972380686,0.016753628714222334,0.016753628714222334,0.0,-0.028511411851952717,17,18,34.0,77
TSLA,2026-08-31,trend_3,2026-08-28T16:00:00-0400,2026-08-26,2026-08-28,25,fixed_external_daily_choices,,2026-08-31T09:30:00-04:00,2026-08-31T16:00:00-04:00,buy_hold_session,False,ok,,0,,0.05877053681847211,0.05983010196290972,0.001029650093455964,0.001029650093455964,0.0,-0.008812512963673358,1,2,2.0,78
TSLA,2026-09-01,flat,2026-08-31T16:00:00-0400,2026-08-27,2026-08-31,26,fixed_external_daily_choices,,2026-09-01T09:30:00-04:00,2026-09-01T16:00:00-04:00,flat,True,ok,0.0,0,,0.0,0.0,0.0,0.0,0.0,0.0,0,0,0.0,0
TSLA,2026-09-01,flat,2026-08-31T16:00:00-0400,2026-08-27,2026-08-31,26,fixed_external_daily_choices,,2026-09-01T09:30:00-04:00,2026-09-01T16:00:00-04:00,trend_3,False,ok,-0.06354091798365213,0,,-0.018915477778102874,0.000913259057894189,0.01975353842889841,0.019753538428898407,0.0,-0.02744627336909966,20,22,40.0,73
TSLA,2026-09-01,flat,2026-08-31T16:00:00-0400,2026-08-27,2026-08-31,26,fixed_external_daily_choices,,2026-09-01T09:30:00-04:00,2026-09-01T16:00:00-04:00,trend_12,False,ok,-0.04482326315857754,0,,-0.016133717373984613,-0.005246219654258533,0.010881251033948417,0.010881251033948417,0.0,-0.017741980590920914,11,12,22.0,65
TSLA,2026-09-01,flat,2026-08-31T16:00:00-0400,2026-08-27,2026-08-31,26,fixed_external_daily_choices,,2026-09-01T09:30:00-04:00,2026-09-01T16:00:00-04:00,reversal_3,False,ok,-0.0649932421213072,0,,-0.020826864151796798,-0.0010367584189702184,0.019866841641460437,0.019866841641460437,0.0,-0.020926090771591688,20,22,40.0,73
TSLA,2026-09-01,flat,2026-08-31T16:00:00-0400,2026-08-27,2026-08-31,26,fixed_external_daily_choices,,2026-09-01T09:30:00-04:00,2026-09-01T16:00:00-04:00,ml_ridge,False,ok,-0.058897419091386016,26,2026-08-31,-0.002478846423458414,0.012604101392626577,0.015055255206693822,0.015055255206693824,0.0,-0.02603029909078447,15,16,30.0,77
TSLA,2026-09-01,flat,2026-08-31T16:00:00-0400,2026-08-27,2026-08-31,26,fixed_external_daily_choices,,2026-09-01T09:30:00-04:00,2026-09-01T16:00:00-04:00,buy_hold_session,False,ok,,0,,-0.014108289144561414,-0.013121657521668273,0.000993192451653546,0.000993192451653546,0.0,-0.02134289166803416,1,2,2.0,78
TSLA,2026-09-02,flat,2026-09-01T16:00:00-0400,2026-08-28,2026-09-01,27,fixed_external_daily_choices,,2026-09-02T09:30:00-04:00,2026-09-02T16:00:00-04:00,flat,True,ok,0.0,0,,0.0,0.0,0.0,0.0,0.0,0.0,0,0,0.0,0
TSLA,2026-09-02,flat,2026-09-01T16:00:00-0400,2026-08-28,2026-09-01,27,fixed_external_daily_choices,,2026-09-02T09:30:00-04:00,2026-09-02T16:00:00-04:00,trend_3,False,ok,-0.05783110605094122,0,,-0.028101108144340636,-0.006471711252480916,0.02157079281092872,0.02157079281092872,0.0,-0.03831960302828963,22,23,44.0,74
TSLA,2026-09-02,flat,2026-09-01T16:00:00-0400,2026-08-28,2026-09-01,27,fixed_external_daily_choices,,2026-09-02T09:30:00-04:00,2026-09-02T16:00:00-04:00,trend_12,False,ok,-0.04404587872753796,0,,-0.033996642086907,-0.016442534154874844,0.017522922127144246,0.017522922127144246,0.0,-0.04499241462119796,18,19,36.0,65
TSLA,2026-09-02,flat,2026-09-01T16:00:00-0400,2026-08-28,2026-09-01,27,fixed_external_daily_choices,,2026-09-02T09:30:00-04:00,2026-09-02T16:00:00-04:00,reversal_3,False,ok,-0.06494891757810428,0,,-0.015692772733878035,0.006212768943832936,0.021967820026248662,0.02196782002624866,0.0,-0.023324187390059703,22,23,44.0,74
TSLA,2026-09-02,flat,2026-09-01T16:00:00-0400,2026-08-28,2026-09-01,27,fixed_external_daily_choices,,2026-09-02T09:30:00-04:00,2026-09-02T16:00:00-04:00,ml_ridge,False,ok,-0.05597989485598853,27,2026-09-01,0.00997075926846347,0.023192491804980175,0.013291033842446915,0.013291033842446915,0.0,-0.027487585178458174,13,14,26.0,77
TSLA,2026-09-02,flat,2026-09-01T16:00:00-0400,2026-08-28,2026-09-01,27,fixed_external_daily_choices,,2026-09-02T09:30:00-04:00,2026-09-02T16:00:00-04:00,buy_hold_session,False,ok,,0,,-0.011028246641721084,-0.010038532664752742,0.00099473324330079,0.00099473324330079,0.0,-0.028106033841923117,1,2,2.0,78
TSLA,2026-09-03,ml_ridge,2026-09-02T16:00:00-0400,2026-08-31,2026-09-02,28,fixed_external_daily_choices,,2026-09-03T09:30:00-04:00,2026-09-03T16:00:00-04:00,flat,False,ok,0.0,0,,0.0,0.0,0.0,0.0,0.0,0.0,0,0,0.0,0
TSLA,2026-09-03,ml_ridge,2026-09-02T16:00:00-0400,2026-08-31,2026-09-02,28,fixed_external_daily_choices,,2026-09-03T09:30:00-04:00,2026-09-03T16:00:00-04:00,trend_3,False,ok,-0.09520249137333014,0,,-0.06979527055334223,-0.045280615069224206,0.024702243338533394,0.024702243338533394,0.0,-0.07618401148767928,26,27,52.0,74
TSLA,2026-09-03,ml_ridge,2026-09-02T16:00:00-0400,2026-08-31,2026-09-02,28,fixed_external_daily_choices,,2026-09-03T09:30:00-04:00,2026-09-03T16:00:00-04:00,trend_12,False,ok,-0.07389187290537436,0,,0.012461340917088393,0.021618709983538542,0.009052842932479873,0.009052842932479873,0.0,-0.016575115403772434,9,11,18.0,64
TSLA,2026-09-03,ml_ridge,2026-09-02T16:00:00-0400,2026-08-31,2026-09-02,28,fixed_external_daily_choices,,2026-09-03T09:30:00-04:00,2026-09-03T16:00:00-04:00,reversal_3,False,ok,-0.03421252091830895,0,,0.020078150786378313,0.046961334285434475,0.026685726695896327,0.026685726695896327,0.0,-0.01265080919085615,26,27,52.0,74
TSLA,2026-09-03,ml_ridge,2026-09-02T16:00:00-0400,2026-08-31,2026-09-02,28,fixed_external_daily_choices,,2026-09-03T09:30:00-04:00,2026-09-03T16:00:00-04:00,ml_ridge,True,ok,-0.01965053384243376,28,2026-09-02,-0.0972437643970121,-0.06787369312608704,0.030175642263605897,0.030175642263605893,0.0,-0.09898692692477107,32,33,64.0,77
TSLA,2026-09-03,ml_ridge,2026-09-02T16:00:00-0400,2026-08-31,2026-09-02,28,fixed_external_daily_choices,,2026-09-03T09:30:00-04:00,2026-09-03T16:00:00-04:00,buy_hold_session,False,ok,,0,,0.02750294818239718,0.02853122227186411,0.0010140084783303639,0.0010140084783303639,0.0,-0.018548428489166602,1,2,2.0,78
TSLA,2026-09-04,reversal_3,2026-09-03T16:00:00-0400,2026-09-01,2026-09-03,29,fixed_external_daily_choices,,2026-09-04T09:30:00-04:00,2026-09-04T16:00:00-04:00,flat,False,ok,0.0,0,,0.0,0.0,0.0,0.0,0.0,0.0,0,0,0.0,0
TSLA,2026-09-04,reversal_3,2026-09-03T16:00:00-0400,2026-09-01,2026-09-03,29,fixed_external_daily_choices,,2026-09-04T09:30:00-04:00,2026-09-04T16:00:00-04:00,trend_3,False,ok,-0.11303587464315978,0,,-0.07037431321441623,-0.04396380148468326,0.026891897010261588,0.026891897010261588,0.0,-0.07037431321441623,28,29,56.0,74
TSLA,2026-09-04,reversal_3,2026-09-03T16:00:00-0400,2026-09-01,2026-09-03,29,fixed_external_daily_choices,,2026-09-04T09:30:00-04:00,2026-09-04T16:00:00-04:00,trend_12,False,ok,-0.037738382879764276,0,,-0.0032059023877941684,0.006816830316942246,0.009984358048097988,0.009984358048097988,0.0,-0.014216558292887593,10,11,20.0,65
TSLA,2026-09-04,reversal_3,2026-09-03T16:00:00-0400,2026-09-01,2026-09-03,29,fixed_external_daily_choices,,2026-09-04T09:30:00-04:00,2026-09-04T16:00:00-04:00,reversal_3,True,ok,-0.016841339462420613,0,,0.016822417261302958,0.045710173656019926,0.028375339847094012,0.028375339847094012,0.0,-0.008771369108678262,28,29,56.0,74
TSLA,2026-09-04,reversal_3,2026-09-03T16:00:00-0400,2026-09-01,2026-09-03,29,fixed_external_daily_choices,,2026-09-04T09:30:00-04:00,2026-09-04T16:00:00-04:00,ml_ridge,False,ok,-0.09050270586551301,29,2026-09-03,-0.022935822359160807,-0.016069179268608513,0.006913896119968449,0.006913896119968449,0.0,-0.026297195926502037,7,8,14.0,77
TSLA,2026-09-04,reversal_3,2026-09-03T16:00:00-0400,2026-09-01,2026-09-03,29,fixed_external_daily_choices,,2026-09-04T09:30:00-04:00,2026-09-04T16:00:00-04:00,buy_hold_session,False,ok,,0,,-0.02370082311369137,-0.022723791223968393,0.0009883937853358222,0.0009883937853358222,0.0,-0.02969735157332576,1,2,2.0,78
TSLA,2026-09-08,reversal_3,2026-09-04T16:00:00-0400,2026-09-02,2026-09-04,30,fixed_external_daily_choices,,2026-09-08T09:30:00-04:00,2026-09-08T16:00:00-04:00,flat,False,ok,0.0,0,,0.0,0.0,0.0,0.0,0.0,0.0,0,0,0.0,0
TSLA,2026-09-08,reversal_3,2026-09-04T16:00:00-0400,2026-09-02,2026-09-04,30,fixed_external_daily_choices,,2026-09-08T09:30:00-04:00,2026-09-08T16:00:00-04:00,trend_3,False,ok,-0.15955800391015085,0,,-0.043269158050619816,-0.02197732278605269,0.021530086999104036,0.021530086999104036,0.0,-0.04865902144114087,22,23,44.0,74
TSLA,2026-09-08,reversal_3,2026-09-04T16:00:00-0400,2026-09-02,2026-09-04,30,fixed_external_daily_choices,,2026-09-08T09:30:00-04:00,2026-09-08T16:00:00-04:00,trend_12,False,ok,-0.025094449070751423,0,,0.008768246713038996,0.01180036096219883,0.00301962643801641,0.00301962643801641,0.0,-0.006939064234136039,3,4,6.0,65
TSLA,2026-09-08,reversal_3,2026-09-04T16:00:00-0400,2026-09-02,2026-09-04,30,fixed_external_daily_choices,,2026-09-08T09:30:00-04:00,2026-09-08T16:00:00-04:00,reversal_3,True,ok,0.020961185677570437,0,,-1.0958738078437058e-05,0.02224357827416945,0.022010938671543367,0.022010938671543367,0.0,-0.012934949079052016,22,23,44.0,74
TSLA,2026-09-08,reversal_3,2026-09-04T16:00:00-0400,2026-09-02,2026-09-04,30,fixed_external_daily_choices,,2026-09-08T09:30:00-04:00,2026-09-08T16:00:00-04:00,ml_ridge,False,ok,-0.10915450507096003,30,2026-09-04,0.02614865053739912,0.04166445838980293,0.015494878819556926,0.015494878819556926,0.0,-0.017809576323169707,15,16,30.0,77
TSLA,2026-09-08,reversal_3,2026-09-04T16:00:00-0400,2026-09-02,2026-09-04,30,fixed_external_daily_choices,,2026-09-08T09:30:00-04:00,2026-09-08T16:00:00-04:00,buy_hold_session,False,ok,,0,,0.029115436091971647,0.030145323879521513,0.0010148151256087902,0.0010148151256087902,0.0,-0.010539704173063158,1,2,2.0,78
TSLA,2026-09-09,reversal_3,2026-09-08T16:00:00-0400,2026-09-03,2026-09-08,31,fixed_external_daily_choices,,2026-09-09T09:30:00-04:00,2026-09-09T16:00:00-04:00,flat,False,ok,0.0,0,,0.0,0.0,0.0,0.0,0.0,0.0,0,0,0.0,0
TSLA,2026-09-09,reversal_3,2026-09-08T16:00:00-0400,2026-09-03,2026-09-08,31,fixed_external_daily_choices,,2026-09-09T09:30:00-04:00,2026-09-09T16:00:00-04:00,trend_3,False,ok,-0.17267445691452066,0,,-0.016341238392746482,0.004544321951983177,0.020902424121629567,0.020902424121629567,0.0,-0.02740556959303786,21,22,42.0,74
TSLA,2026-09-09,reversal_3,2026-09-08T16:00:00-0400,2026-09-03,2026-09-08,31,fixed_external_daily_choices,,2026-09-09T09:30:00-04:00,2026-09-09T16:00:00-04:00,trend_12,False,ok,0.018064539078118225,0,,-0.03839854580088742,-0.023858719250288596,0.014695703197466017,0.014695703197466017,0.0,-0.04071199329829123,15,16,30.0,65
TSLA,2026-09-09,reversal_3,2026-09-08T16:00:00-0400,2026-09-03,2026-09-08,31,fixed_external_daily_choices,,2026-09-09T09:30:00-04:00,2026-09-09T16:00:00-04:00,reversal_3,True,ok,0.03722696425484995,0,,-0.025474711228011038,-0.004783077583782602,0.020676917774107153,0.020676917774107153,0.0,-0.025474711228011038,21,22,42.0,74
TSLA,2026-09-09,reversal_3,2026-09-08T16:00:00-0400,2026-09-03,2026-09-08,31,fixed_external_daily_choices,,2026-09-09T09:30:00-04:00,2026-09-09T16:00:00-04:00,ml_ridge,False,ok,-0.09488478347543383,31,2026-09-08,-0.012369910628606262,-0.007417159488201763,0.004971190798040427,0.004971190798040426,0.0,-0.01780100665978146,5,6,10.0,77
TSLA,2026-09-09,reversal_3,2026-09-08T16:00:00-0400,2026-09-03,2026-09-08,31,fixed_external_daily_choices,,2026-09-09T09:30:00-04:00,2026-09-09T16:00:00-04:00,buy_hold_session,False,ok,,0,,-0.002505005235804436,-0.00150676162073482,0.000998996995880038,0.0009989969958800378,0.0,-0.017209327455154355,1,2,2.0,78
TSLA,2026-09-10,reversal_3,2026-09-09T16:00:00-0400,2026-09-04,2026-09-09,32,fixed_external_daily_choices,,2026-09-10T09:30:00-04:00,2026-09-10T16:00:00-04:00,flat,False,ok,0.0,0,,0.0,0.0,0.0,0.0,0.0,0.0,0,0,0.0,0
TSLA,2026-09-10,reversal_3,2026-09-09T16:00:00-0400,2026-09-04,2026-09-09,32,fixed_external_daily_choices,,2026-09-10T09:30:00-04:00,2026-09-10T16:00:00-04:00,trend_3,False,ok,-0.12513235700100944,0,,-0.03721610126925856,-0.009863570232223617,0.027595557797850948,0.027595557797850948,0.0,-0.042113249992945856,28,29,56.0,74
TSLA,2026-09-10,reversal_3,2026-09-09T16:00:00-0400,2026-09-04,2026-09-09,32,fixed_external_daily_choices,,2026-09-10T09:30:00-04:00,2026-09-10T16:00:00-04:00,trend_12,False,ok,-0.03307681816343366,0,,-0.040813966678207914,-0.021427576151745176,0.019608632258812615,0.019608632258812615,0.0,-0.04678527568420798,20,21,40.0,65
TSLA,2026-09-10,reversal_3,2026-09-09T16:00:00-0400,2026-09-04,2026-09-09,32,fixed_external_daily_choices,,2026-09-10T09:30:00-04:00,2026-09-10T16:00:00-04:00,reversal_3,True,ok,-0.009091699412126064,0,,-0.018187265207147973,0.009705871909477803,0.0276504791238343,0.0276504791238343,0.0,-0.02219047044461875,28,29,56.0,74
TSLA,2026-09-10,reversal_3,2026-09-09T16:00:00-0400,2026-09-04,2026-09-09,32,fixed_external_daily_choices,,2026-09-10T09:30:00-04:00,2026-09-10T16:00:00-04:00,ml_ridge,False,ok,-0.00978914691131394,32,2026-09-09,-0.019659482521812377,-0.00384015344812072,0.015919527078275292,0.015919527078275292,0.0,-0.03512769400734983,16,17,32.0,77
TSLA,2026-09-10,reversal_3,2026-09-09T16:00:00-0400,2026-09-04,2026-09-09,32,fixed_external_daily_choices,,2026-09-10T09:30:00-04:00,2026-09-10T16:00:00-04:00,buy_hold_session,False,ok,,0,,0.007898092176551463,0.008906746696559997,0.0010042011466616066,0.0010042011466616066,0.0,-0.01515972361537865,1,2,2.0,78
TSLA,2026-09-11,ml_ridge,2026-09-10T16:00:00-0400,2026-09-08,2026-09-10,33,fixed_external_daily_choices,,2026-09-11T09:30:00-04:00,2026-09-11T16:00:00-04:00,flat,False,ok,0.0,0,,0.0,0.0,0.0,0.0,0.0,0.0,0,0,0.0,0
TSLA,2026-09-11,ml_ridge,2026-09-10T16:00:00-0400,2026-09-08,2026-09-10,33,fixed_external_daily_choices,,2026-09-11T09:30:00-04:00,2026-09-11T16:00:00-04:00,trend_3,False,ok,-0.09392727398439527,0,,-0.09605996162023189,-0.06665161034282763,0.03004503275082975,0.03004503275082975,0.0,-0.09662236075536657,32,34,64.0,73
TSLA,2026-09-11,ml_ridge,2026-09-10T16:00:00-0400,2026-09-08,2026-09-10,33,fixed_external_daily_choices,,2026-09-11T09:30:00-04:00,2026-09-11T16:00:00-04:00,trend_12,False,ok,-0.06955788207975322,0,,-0.03470807587249525,-0.016183079116938504,0.01860495803724497,0.01860495803724497,0.0,-0.03530864595483718,19,20,38.0,65
TSLA,2026-09-11,ml_ridge,2026-09-10T16:00:00-0400,2026-09-08,2026-09-10,33,fixed_external_daily_choices,,2026-09-11T09:30:00-04:00,2026-09-11T16:00:00-04:00,reversal_3,False,ok,-0.04320914644124563,0,,0.03720025405470473,0.07094402921807186,0.03304281829678297,0.03304281829678297,0.0,-0.005445133694103488,32,34,64.0,73
TSLA,2026-09-11,ml_ridge,2026-09-10T16:00:00-0400,2026-09-08,2026-09-10,33,fixed_external_daily_choices,,2026-09-11T09:30:00-04:00,2026-09-11T16:00:00-04:00,ml_ridge,True,ok,-0.006468722992812759,33,2026-09-10,-0.04251724953766933,-0.02609285918015014,0.016603120957284424,0.016603120957284424,0.0,-0.043578458582752666,17,18,34.0,77
TSLA,2026-09-11,ml_ridge,2026-09-10T16:00:00-0400,2026-09-08,2026-09-10,33,fixed_external_daily_choices,,2026-09-11T09:30:00-04:00,2026-09-11T16:00:00-04:00,buy_hold_session,False,ok,,0,,0.002649002855334759,0.003652404346579985,0.0010015752890722034,0.0010015752890722034,0.0,-0.012489164192376556,1,2,2.0,78
MSTR,2026-08-31,ml_ridge,2026-08-28T16:00:00-0400,2026-08-26,2026-08-28,25,fixed_external_daily_choices,,2026-08-31T09:30:00-04:00,2026-08-31T16:00:00-04:00,flat,False,ok,0.0,0,,0.0,0.0,0.0,0.0,0.0,0.0,0,0,0.0,0
MSTR,2026-08-31,ml_ridge,2026-08-28T16:00:00-0400,2026-08-26,2026-08-28,25,fixed_external_daily_choices,,2026-08-31T09:30:00-04:00,2026-08-31T16:00:00-04:00,trend_3,False,ok,-0.032362531512862724,0,,-0.06583091902152371,-0.041211786846475196,0.025223544999446786,0.025223544999446786,0.0,-0.06795993719204907,26,27,52.0,74
MSTR,2026-08-31,ml_ridge,2026-08-28T16:00:00-0400,2026-08-26,2026-08-28,25,fixed_external_daily_choices,,2026-08-31T09:30:00-04:00,2026-08-31T16:00:00-04:00,trend_12,False,ok,0.02012803097517768,0,,0.0351447631972841,0.0372179027396895,0.0020112535961731314,0.0020112535961731314,0.0,-0.007896684208288596,2,3,4.0,65
MSTR,2026-08-31,ml_ridge,2026-08-28T16:00:00-0400,2026-08-26,2026-08-28,25,fixed_external_daily_choices,,2026-08-31T09:30:00-04:00,2026-08-31T16:00:00-04:00,reversal_3,False,ok,-0.08300048844083374,0,,0.015511758668687703,0.042274599273295355,0.026134642067216284,0.026134642067216284,0.0,-0.015105567844970413,26,27,52.0,74
MSTR,2026-08-31,ml_ridge,2026-08-28T16:00:00-0400,2026-08-26,2026-08-28,25,fixed_external_daily_choices,,2026-08-31T09:30:00-04:00,2026-08-31T16:00:00-04:00,ml_ridge,True,ok,0.03197329355921008,25,2026-08-28,-0.010596602049290249,0.009400520505188359,0.020011660596844786,0.020011660596844786,0.0,-0.03168561362733324,20,21,40.0,77
MSTR,2026-08-31,ml_ridge,2026-08-28T16:00:00-0400,2026-08-26,2026-08-28,25,fixed_external_daily_choices,,2026-08-31T09:30:00-04:00,2026-08-31T16:00:00-04:00,buy_hold_session,False,ok,,0,,0.03307336885343126,0.03410721754417079,0.0010167950819676996,0.0010167950819676996,0.0,-0.02160719413347545,1,2,2.0,78
MSTR,2026-09-01,ml_ridge,2026-08-31T16:00:00-0400,2026-08-27,2026-08-31,26,fixed_external_daily_choices,,2026-09-01T09:30:00-04:00,2026-09-01T16:00:00-04:00,flat,False,ok,0.0,0,,0.0,0.0,0.0,0.0,0.0,0.0,0,0,0.0,0
MSTR,2026-09-01,ml_ridge,2026-08-31T16:00:00-0400,2026-08-27,2026-08-31,26,fixed_external_daily_choices,,2026-09-01T09:30:00-04:00,2026-09-01T16:00:00-04:00,trend_3,False,ok,-0.07583689841903996,0,,0.003099993914560173,0.02132796229282463,0.017988957234965335,0.017988957234965335,0.0,-0.023797440168379813,18,20,36.0,73
MSTR,2026-09-01,ml_ridge,2026-08-31T16:00:00-0400,2026-08-27,2026-08-31,26,fixed_external_daily_choices,,2026-09-01T09:30:00-04:00,2026-09-01T16:00:00-04:00,trend_12,False,ok,0.05166045737237668,0,,-0.0003717407935691641,0.004641178571734184,0.005007441979030685,0.005007441979030685,0.0,-0.017098933328094645,5,6,10.0,65
MSTR,2026-09-01,ml_ridge,2026-08-31T16:00:00-0400,2026-08-27,2026-08-31,26,fixed_external_daily_choices,,2026-09-01T09:30:00-04:00,2026-09-01T16:00:00-04:00,reversal_3,False,ok,-0.04756438065264146,0,,-0.0388707945075103,-0.021405504036542622,0.01770192055311924,0.01770192055311924,0.0,-0.041595166644930126,18,20,36.0,73
MSTR,2026-09-01,ml_ridge,2026-08-31T16:00:00-0400,2026-08-27,2026-08-31,26,fixed_external_daily_choices,,2026-09-01T09:30:00-04:00,2026-09-01T16:00:00-04:00,ml_ridge,True,ok,0.04884429795465639,26,2026-08-31,-0.01698498720823216,0.002883017818237965,0.02003014233214037,0.02003014233214037,0.0,-0.05348085844817785,20,21,40.0,77
MSTR,2026-09-01,ml_ridge,2026-08-31T16:00:00-0400,2026-08-27,2026-08-31,26,fixed_external_daily_choices,,2026-09-01T09:30:00-04:00,2026-09-01T16:00:00-04:00,buy_hold_session,False,ok,,0,,-0.025116211828528745,-0.024140596389769176,0.0009876857369542128,0.0009876857369542128,0.0,-0.04306559500677121,1,2,2.0,78
MSTR,2026-09-02,trend_12,2026-09-01T16:00:00-0400,2026-08-28,2026-09-01,27,fixed_external_daily_choices,,2026-09-02T09:30:00-04:00,2026-09-02T16:00:00-04:00,flat,False,ok,0.0,0,,0.0,0.0,0.0,0.0,0.0,0.0,0,0,0.0,0
MSTR,2026-09-02,trend_12,2026-09-01T16:00:00-0400,2026-08-28,2026-09-01,27,fixed_external_daily_choices,,2026-09-02T09:30:00-04:00,2026-09-02T16:00:00-04:00,trend_3,False,ok,-0.08049528454810673,0,,-0.03366534578559932,-0.00919032218809046,0.024533899456728223,0.024533899456728223,0.0,-0.043156567536442036,25,26,50.0,74
MSTR,2026-09-02,trend_12,2026-09-01T16:00:00-0400,2026-08-28,2026-09-01,27,fixed_external_daily_choices,,2026-09-02T09:30:00-04:00,2026-09-02T16:00:00-04:00,trend_12,True,ok,0.05341295252108824,0,,-0.009685794554881388,-0.0007284887412500884,0.009015779672496933,0.009015779672496933,0.0,-0.03232556598592573,9,10,18.0,65
MSTR,2026-09-02,trend_12,2026-09-01T16:00:00-0400,2026-08-28,2026-09-01,27,fixed_external_daily_choices,,2026-09-02T09:30:00-04:00,2026-09-02T16:00:00-04:00,reversal_3,False,ok,-0.043556649630020816,0,,-0.01606127614299302,0.008859617855661694,0.024866429375941485,0.024866429375941485,0.0,-0.023965579358337985,25,26,50.0,74
MSTR,2026-09-02,trend_12,2026-09-01T16:00:00-0400,2026-08-28,2026-09-01,27,fixed_external_daily_choices,,2026-09-02T09:30:00-04:00,2026-09-02T16:00:00-04:00,ml_ridge,False,ok,-0.0444853731502568,27,2026-09-01,-0.0294312524789766,0.004152316504568487,0.034061302216863515,0.034061302216863515,0.0,-0.04676290531878502,34,35,68.0,77
MSTR,2026-09-02,trend_12,2026-09-01T16:00:00-0400,2026-08-28,2026-09-01,27,fixed_external_daily_choices,,2026-09-02T09:30:00-04:00,2026-09-02T16:00:00-04:00,buy_hold_session,False,ok,,0,,-0.00189063478800644,-0.0008917763414039159,0.0009993043347733834,0.0009993043347733834,0.0,-0.022363219819430347,1,2,2.0,78
MSTR,2026-09-03,trend_12,2026-09-02T16:00:00-0400,2026-08-31,2026-09-02,28,fixed_external_daily_choices,,2026-09-03T09:30:00-04:00,2026-09-03T16:00:00-04:00,flat,False,ok,0.0,0,,0.0,0.0,0.0,0.0,0.0,0.0,0,0,0.0,0
MSTR,2026-09-03,trend_12,2026-09-02T16:00:00-0400,2026-08-31,2026-09-02,28,fixed_external_daily_choices,,2026-09-03T09:30:00-04:00,2026-09-03T16:00:00-04:00,trend_3,False,ok,-0.0944816177852078,0,,-0.01014922281811792,0.008847084907500635,0.01893939084352213,0.01893939084352213,0.0,-0.0650676855755925,19,20,38.0,74
MSTR,2026-09-03,trend_12,2026-09-02T16:00:00-0400,2026-08-31,2026-09-02,28,fixed_external_daily_choices,,2026-09-03T09:30:00-04:00,2026-09-03T16:00:00-04:00,trend_12,True,ok,0.024737485298026662,0,,0.05876256969346283,0.061944954829500354,0.003108813020778481,0.003108813020778481,0.0,-0.009885404154533761,3,4,6.0,65
MSTR,2026-09-03,trend_12,2026-09-02T16:00:00-0400,2026-08-31,2026-09-02,28,fixed_external_daily_choices,,2026-09-03T09:30:00-04:00,2026-09-03T16:00:00-04:00,reversal_3,False,ok,-0.03963840622357728,0,,-0.028672180196510855,-0.010031348070305368,0.01871063036121989,0.01871063036121989,0.0,-0.047286158212940244,19,20,38.0,74
MSTR,2026-09-03,trend_12,2026-09-02T16:00:00-0400,2026-08-31,2026-09-02,28,fixed_external_daily_choices,,2026-09-03T09:30:00-04:00,2026-09-03T16:00:00-04:00,ml_ridge,False,ok,-0.05602639499856876,28,2026-09-02,0.006305445738377324,0.020499694604920293,0.014581038297339637,0.014581038297339635,0.0,-0.05468448729714259,14,15,28.0,77
MSTR,2026-09-03,trend_12,2026-09-02T16:00:00-0400,2026-08-31,2026-09-02,28,fixed_external_daily_choices,,2026-09-03T09:30:00-04:00,2026-09-03T16:00:00-04:00,buy_hold_session,False,ok,,0,,0.130122141702822,0.1312531120015461,0.0010653437427227725,0.0010653437427227725,0.0,-0.009885404154533761,1,2,2.0,78
MSTR,2026-09-04,trend_12,2026-09-03T16:00:00-0400,2026-09-01,2026-09-03,29,fixed_external_daily_choices,,2026-09-04T09:30:00-04:00,2026-09-04T16:00:00-04:00,flat,False,ok,0.0,0,,0.0,0.0,0.0,0.0,0.0,0.0,0,0,0.0,0
MSTR,2026-09-04,trend_12,2026-09-03T16:00:00-0400,2026-09-01,2026-09-03,29,fixed_external_daily_choices,,2026-09-04T09:30:00-04:00,2026-09-04T16:00:00-04:00,trend_3,False,ok,-0.04050766329265343,0,,0.007370055232134742,0.023625548215014947,0.01596773170199013,0.01596773170199013,0.0,-0.0259919214836708,16,17,32.0,74
MSTR,2026-09-04,trend_12,2026-09-03T16:00:00-0400,2026-09-01,2026-09-03,29,fixed_external_daily_choices,,2026-09-04T09:30:00-04:00,2026-09-04T16:00:00-04:00,trend_12,True,ok,0.04811783990890817,0,,-0.013291821820984318,-0.005362765077976617,0.007881890376828531,0.007881890376828531,0.0,-0.024303781407706615,8,9,16.0,65
MSTR,2026-09-04,trend_12,2026-09-03T16:00:00-0400,2026-09-01,2026-09-03,29,fixed_external_daily_choices,,2026-09-04T09:30:00-04:00,2026-09-04T16:00:00-04:00,reversal_3,False,ok,-0.08142281451396494,0,,-0.039261052497960525,-0.02375802544411265,0.015788009571546982,0.015788009571546982,0.0,-0.04299459943349826,16,17,32.0,74
MSTR,2026-09-04,trend_12,2026-09-03T16:00:00-0400,2026-09-01,2026-09-03,29,fixed_external_daily_choices,,2026-09-04T09:30:00-04:00,2026-09-04T16:00:00-04:00,ml_ridge,False,ok,-0.0399004275568986,29,2026-09-03,0.021215731714414154,0.037694646364169415,0.016312679133286306,0.016312679133286306,0.0,-0.016049008244276797,16,17,32.0,77
MSTR,2026-09-04,trend_12,2026-09-03T16:00:00-0400,2026-09-01,2026-09-03,29,fixed_external_daily_choices,,2026-09-04T09:30:00-04:00,2026-09-04T16:00:00-04:00,buy_hold_session,False,ok,,0,,0.038750525325008445,0.039790055432926685,0.0010196350802026055,0.0010196350802026055,0.0,-0.014843723668971576,1,2,2.0,78
MSTR,2026-09-08,trend_12,2026-09-04T16:00:00-0400,2026-09-02,2026-09-04,30,fixed_external_daily_choices,,2026-09-08T09:30:00-04:00,2026-09-08T16:00:00-04:00,flat,False,ok,0.0,0,,0.0,0.0,0.0,0.0,0.0,0.0,0,0,0.0,0
MSTR,2026-09-08,trend_12,2026-09-04T16:00:00-0400,2026-09-02,2026-09-04,30,fixed_external_daily_choices,,2026-09-08T09:30:00-04:00,2026-09-08T16:00:00-04:00,trend_3,False,ok,-0.03642323388747071,0,,-0.01946235407198471,0.00035558016547199145,0.019905717346401484,0.019905717346401484,0.0,-0.030532862271615557,20,21,40.0,74
MSTR,2026-09-08,trend_12,2026-09-04T16:00:00-0400,2026-09-02,2026-09-04,30,fixed_external_daily_choices,,2026-09-08T09:30:00-04:00,2026-09-08T16:00:00-04:00,trend_12,True,ok,0.03457103659159011,0,,-0.02631415978652063,-0.013567440502071149,0.012786281944189128,0.012786281944189126,0.0,-0.02790340181558537,13,14,26.0,65
MSTR,2026-09-08,trend_12,2026-09-04T16:00:00-0400,2026-09-02,2026-09-04,30,fixed_external_daily_choices,,2026-09-08T09:30:00-04:00,2026-09-08T16:00:00-04:00,reversal_3,False,ok,-0.08179579463404929,0,,-0.020715116253867683,-0.0009225019606660112,0.019709396761679515,0.019709396761679515,0.0,-0.02549091064112685,20,21,40.0,74
MSTR,2026-09-08,trend_12,2026-09-04T16:00:00-0400,2026-09-02,2026-09-04,30,fixed_external_daily_choices,,2026-09-08T09:30:00-04:00,2026-09-08T16:00:00-04:00,ml_ridge,False,ok,-0.002590220258547715,30,2026-09-04,-0.024217073097125175,-0.002501237856295302,0.02193969948848455,0.02193969948848455,0.0,-0.04962497552246936,22,23,44.0,77
MSTR,2026-09-08,trend_12,2026-09-04T16:00:00-0400,2026-09-02,2026-09-04,30,fixed_external_daily_choices,,2026-09-08T09:30:00-04:00,2026-09-08T16:00:00-04:00,buy_hold_session,False,ok,,0,,-0.009021449724085362,-0.0080297274440978,0.0009957371437098123,0.0009957371437098123,0.0,-0.020397877074191717,1,2,2.0,78
MSTR,2026-09-09,ml_ridge,2026-09-08T16:00:00-0400,2026-09-03,2026-09-08,31,fixed_external_daily_choices,,2026-09-09T09:30:00-04:00,2026-09-09T16:00:00-04:00,flat,False,ok,0.0,0,,0.0,0.0,0.0,0.0,0.0,0.0,0,0,0.0,0
MSTR,2026-09-09,ml_ridge,2026-09-08T16:00:00-0400,2026-09-03,2026-09-08,31,fixed_external_daily_choices,,2026-09-09T09:30:00-04:00,2026-09-09T16:00:00-04:00,trend_3,False,ok,-0.02226077705655649,0,,-0.03366907221706872,-0.015124135856854903,0.01855709588649299,0.01855709588649299,0.0,-0.057309905395918626,19,20,38.0,74
MSTR,2026-09-09,ml_ridge,2026-09-08T16:00:00-0400,2026-09-03,2026-09-08,31,fixed_external_daily_choices,,2026-09-09T09:30:00-04:00,2026-09-09T16:00:00-04:00,trend_12,False,ok,0.01719955493462666,0,,-0.02124285721914998,-0.009421318733315642,0.012039414887381467,0.012039414887381467,0.0,-0.05395247243208168,12,13,24.0,64
MSTR,2026-09-09,ml_ridge,2026-09-08T16:00:00-0400,2026-09-03,2026-09-08,31,fixed_external_daily_choices,,2026-09-09T09:30:00-04:00,2026-09-09T16:00:00-04:00,reversal_3,False,ok,-0.08613872316943127,0,,-0.0047476379877887664,0.01435233199683661,0.019094700245853864,0.019094700245853868,0.0,-0.025502057856592986,19,20,38.0,74
MSTR,2026-09-09,ml_ridge,2026-09-08T16:00:00-0400,2026-09-03,2026-09-08,31,fixed_external_daily_choices,,2026-09-09T09:30:00-04:00,2026-09-09T16:00:00-04:00,ml_ridge,True,ok,0.002768157004338967,31,2026-09-08,-0.04415282849849067,-0.026783277681076467,0.017481430042207643,0.017481430042207643,0.0,-0.05269670032247742,18,19,36.0,77
MSTR,2026-09-09,ml_ridge,2026-09-08T16:00:00-0400,2026-09-03,2026-09-08,31,fixed_external_daily_choices,,2026-09-09T09:30:00-04:00,2026-09-09T16:00:00-04:00,buy_hold_session,False,ok,,0,,-0.06635289569721425,-0.06541854789046853,0.0009670570806917388,0.0009670570806917388,0.0,-0.06635289569721425,1,2,2.0,78
MSTR,2026-09-10,flat,2026-09-09T16:00:00-0400,2026-09-04,2026-09-09,32,fixed_external_daily_choices,,2026-09-10T09:30:00-04:00,2026-09-10T16:00:00-04:00,flat,True,ok,0.0,0,,0.0,0.0,0.0,0.0,0.0,0.0,0,0,0.0,0
MSTR,2026-09-10,flat,2026-09-09T16:00:00-0400,2026-09-04,2026-09-09,32,fixed_external_daily_choices,,2026-09-10T09:30:00-04:00,2026-09-10T16:00:00-04:00,trend_3,False,ok,-0.04549284375306173,0,,-0.013724641298544116,0.006209259536308798,0.019840785469185013,0.019840785469185013,0.0,-0.028979989233372527,20,21,40.0,74
MSTR,2026-09-10,flat,2026-09-09T16:00:00-0400,2026-09-04,2026-09-09,32,fixed_external_daily_choices,,2026-09-10T09:30:00-04:00,2026-09-10T16:00:00-04:00,trend_12,False,ok,-0.059665161459178884,0,,-0.0057820477014324245,0.00220735659563287,0.00797858307748111,0.00797858307748111,0.0,-0.019258297455914897,8,9,16.0,65
MSTR,2026-09-10,flat,2026-09-09T16:00:00-0400,2026-09-04,2026-09-09,32,fixed_external_daily_choices,,2026-09-10T09:30:00-04:00,2026-09-10T16:00:00-04:00,reversal_3,False,ok,-0.06362962557674323,0,,-0.026374380068060366,-0.006696146817307902,0.019773565513530364,0.019773565513530364,0.0,-0.029922006779718013,20,21,40.0,74
MSTR,2026-09-10,flat,2026-09-09T16:00:00-0400,2026-09-04,2026-09-09,32,fixed_external_daily_choices,,2026-09-10T09:30:00-04:00,2026-09-10T16:00:00-04:00,ml_ridge,False,ok,-0.047512750126196934,32,2026-09-09,0.0023010472305566854,0.018474743833276408,0.016048891889880006,0.016048891889880006,0.0,-0.028294978278017302,16,17,32.0,77
MSTR,2026-09-10,flat,2026-09-09T16:00:00-0400,2026-09-04,2026-09-09,32,fixed_external_daily_choices,,2026-09-10T09:30:00-04:00,2026-09-10T16:00:00-04:00,buy_hold_session,False,ok,,0,,0.003602831748981794,0.004607187784969602,0.0010020524420955388,0.0010020524420955388,0.0,-0.02416933677137678,1,2,2.0,78
MSTR,2026-09-11,flat,2026-09-10T16:00:00-0400,2026-09-08,2026-09-10,33,fixed_external_daily_choices,,2026-09-11T09:30:00-04:00,2026-09-11T16:00:00-04:00,flat,True,ok,0.0,0,,0.0,0.0,0.0,0.0,0.0,0.0,0,0,0.0,0
MSTR,2026-09-11,flat,2026-09-10T16:00:00-0400,2026-09-08,2026-09-10,33,fixed_external_daily_choices,,2026-09-11T09:30:00-04:00,2026-09-11T16:00:00-04:00,trend_3,False,ok,-0.06548057189011713,0,,-0.017902454469784446,0.009998521320316422,0.028251471420497238,0.028251471420497238,0.0,-0.06128522208526366,28,30,56.0,73
MSTR,2026-09-11,flat,2026-09-10T16:00:00-0400,2026-09-08,2026-09-10,33,fixed_external_daily_choices,,2026-09-11T09:30:00-04:00,2026-09-11T16:00:00-04:00,trend_12,False,ok,-0.052508331921980345,0,,-0.023640646113684216,-0.012836220322510528,0.010892683798831484,0.010892683798831484,0.0,-0.033561120248252974,11,12,22.0,65
MSTR,2026-09-11,flat,2026-09-10T16:00:00-0400,2026-09-08,2026-09-10,33,fixed_external_daily_choices,,2026-09-11T09:30:00-04:00,2026-09-11T16:00:00-04:00,reversal_3,False,ok,-0.051069815943096786,0,,-0.03876759073124425,-0.011459384635292391,0.02698117881706165,0.026981178817061646,0.0,-0.05565556195681387,28,30,56.0,73
MSTR,2026-09-11,flat,2026-09-10T16:00:00-0400,2026-09-08,2026-09-10,33,fixed_external_daily_choices,,2026-09-11T09:30:00-04:00,2026-09-11T16:00:00-04:00,ml_ridge,False,ok,-0.06515446406259973,33,2026-09-10,0.0037439301116908297,0.005754181533469405,0.0020069142453781105,0.0020069142453781105,0.0,-0.04903248336946475,2,3,4.0,77
MSTR,2026-09-11,flat,2026-09-10T16:00:00-0400,2026-09-08,2026-09-10,33,fixed_external_daily_choices,,2026-09-11T09:30:00-04:00,2026-09-11T16:00:00-04:00,buy_hold_session,False,ok,,0,,0.0023677712830481035,0.003370891331655912,0.0010014346029429957,0.0010014346029429957,0.0,-0.04903248336946364,1,2,2.0,78
NVDA,2026-08-31,trend_12,2026-08-28T16:00:00-0400,2026-08-26,2026-08-28,25,fixed_external_daily_choices,,2026-08-31T09:30:00-04:00,2026-08-31T16:00:00-04:00,flat,False,ok,0.0,0,,0.0,0.0,0.0,0.0,0.0,0.0,0,0,0.0,0
NVDA,2026-08-31,trend_12,2026-08-28T16:00:00-0400,2026-08-26,2026-08-28,25,fixed_external_daily_choices,,2026-08-31T09:30:00-04:00,2026-08-31T16:00:00-04:00,trend_3,False,ok,-0.01595380115286793,0,,-0.007552003438114796,0.00947217093703645,0.01698041077244822,0.016980410772448218,0.0,-0.0196358656923028,17,18,34.0,74
NVDA,2026-08-31,trend_12,2026-08-28T16:00:00-0400,2026-08-26,2026-08-28,25,fixed_external_daily_choices,,2026-08-31T09:30:00-04:00,2026-08-31T16:00:00-04:00,trend_12,True,ok,0.015136757952507462,0,,-0.02690638404492951,-0.012193038276950952,0.014711375709539551,0.014711375709539551,0.0,-0.032370062247870424,15,17,30.0,64
NVDA,2026-08-31,trend_12,2026-08-28T16:00:00-0400,2026-08-26,2026-08-28,25,fixed_external_daily_choices,,2026-08-31T09:30:00-04:00,2026-08-31T16:00:00-04:00,reversal_3,False,ok,-0.09421819195676773,0,,-0.026253295109109676,-0.0095499174422492,0.016747995213553187,0.016747995213553187,0.0,-0.03035713593983691,17,18,34.0,74
NVDA,2026-08-31,trend_12,2026-08-28T16:00:00-0400,2026-08-26,2026-08-28,25,fixed_external_daily_choices,,2026-08-31T09:30:00-04:00,2026-08-31T16:00:00-04:00,ml_ridge,False,ok,-0.03938092561964879,25,2026-08-28,-0.011389102561568998,0.0035591183588730146,0.01491304004186034,0.01491304004186034,0.0,-0.014845992030842803,15,16,30.0,77
NVDA,2026-08-31,trend_12,2026-08-28T16:00:00-0400,2026-08-26,2026-08-28,25,fixed_external_daily_choices,,2026-08-31T09:30:00-04:00,2026-08-31T16:00:00-04:00,buy_hold_session,False,ok,,0,,0.008211478421205065,0.009220446562655304,0.0010043579181696874,0.0010043579181696874,0.0,-0.010538218232680752,1,2,2.0,78
NVDA,2026-09-01,trend_3,2026-08-31T16:00:00-0400,2026-08-27,2026-08-31,26,fixed_external_daily_choices,,2026-09-01T09:30:00-04:00,2026-09-01T16:00:00-04:00,flat,False,ok,0.0,0,,0.0,0.0,0.0,0.0,0.0,0.0,0,0,0.0,0
NVDA,2026-09-01,trend_3,2026-08-31T16:00:00-0400,2026-08-27,2026-08-31,26,fixed_external_daily_choices,,2026-09-01T09:30:00-04:00,2026-09-01T16:00:00-04:00,trend_3,True,ok,-0.01693886161721636,0,,-0.021420276204241473,0.0003578011386522473,0.021849447020447638,0.021849447020447634,0.0,-0.027751410157636935,22,23,44.0,74
NVDA,2026-09-01,trend_3,2026-08-31T16:00:00-0400,2026-08-27,2026-08-31,26,fixed_external_daily_choices,,2026-09-01T09:30:00-04:00,2026-09-01T16:00:00-04:00,trend_12,False,ok,-0.018715526920902947,0,,0.00847255493953547,0.013529826533725808,0.0050451409085744085,0.0050451409085744085,0.0,-0.012667720079253098,5,6,10.0,65
NVDA,2026-09-01,trend_3,2026-08-31T16:00:00-0400,2026-08-27,2026-08-31,26,fixed_external_daily_choices,,2026-09-01T09:30:00-04:00,2026-09-01T16:00:00-04:00,reversal_3,False,ok,-0.09153065173377184,0,,-0.022258055295867774,-0.0004986225430979596,0.021690109822517633,0.021690109822517633,0.0,-0.027797964776563933,22,23,44.0,74
NVDA,2026-09-01,trend_3,2026-08-31T16:00:00-0400,2026-08-27,2026-08-31,26,fixed_external_daily_choices,,2026-09-01T09:30:00-04:00,2026-09-01T16:00:00-04:00,ml_ridge,False,ok,-0.04989143334809687,26,2026-08-31,-0.03313920341525556,-0.02048183216448185,0.012786599036343394,0.012786599036343393,0.0,-0.03313920341525556,13,14,26.0,77
NVDA,2026-09-01,trend_3,2026-08-31T16:00:00-0400,2026-08-27,2026-08-31,26,fixed_external_daily_choices,,2026-09-01T09:30:00-04:00,2026-09-01T16:00:00-04:00,buy_hold_session,False,ok,,0,,0.003289354441095238,0.004293396764511126,0.0010018956250330642,0.0010018956250330642,0.0,-0.016958005041323942,1,2,2.0,78
NVDA,2026-09-02,trend_3,2026-09-01T16:00:00-0400,2026-08-28,2026-09-01,27,fixed_external_daily_choices,,2026-09-02T09:30:00-04:00,2026-09-02T16:00:00-04:00,flat,False,ok,0.0,0,,0.0,0.0,0.0,0.0,0.0,0.0,0,0,0.0,0
NVDA,2026-09-02,trend_3,2026-09-01T16:00:00-0400,2026-08-28,2026-09-01,27,fixed_external_daily_choices,,2026-09-02T09:30:00-04:00,2026-09-02T16:00:00-04:00,trend_3,True,ok,-0.014392890008419257,0,,-0.019921831142563406,0.002892486253115889,0.022751127262291837,0.022751127262291834,0.0,-0.02155901040616104,23,24,46.0,74
NVDA,2026-09-02,trend_3,2026-09-01T16:00:00-0400,2026-08-28,2026-09-01,27,fixed_external_daily_choices,,2026-09-02T09:30:00-04:00,2026-09-02T16:00:00-04:00,trend_12,False,ok,-0.01471147644338,0,,0.00815362003536424,0.01523875451030321,0.007076368934246305,0.007076368934246305,0.0,-0.010176426310617548,7,8,14.0,65
NVDA,2026-09-02,trend_3,2026-09-01T16:00:00-0400,2026-08-28,2026-09-01,27,fixed_external_daily_choices,,2026-09-02T09:30:00-04:00,2026-09-02T16:00:00-04:00,reversal_3,False,ok,-0.09713597645338878,0,,-0.02577874180601114,-0.003100761922053552,0.0227424240843978,0.0227424240843978,0.0,-0.031716942077508414,23,24,46.0,74
NVDA,2026-09-02,trend_3,2026-09-01T16:00:00-0400,2026-08-28,2026-09-01,27,fixed_external_daily_choices,,2026-09-02T09:30:00-04:00,2026-09-02T16:00:00-04:00,ml_ridge,False,ok,-0.06368925612895637,27,2026-09-01,-0.025796047487510854,-0.01796747305227131,0.007905090293469584,0.007905090293469584,0.0,-0.027818542303716387,8,9,16.0,77
NVDA,2026-09-02,trend_3,2026-09-01T16:00:00-0400,2026-08-28,2026-09-01,27,fixed_external_daily_choices,,2026-09-02T09:30:00-04:00,2026-09-02T16:00:00-04:00,buy_hold_session,False,ok,,0,,0.024639012044912256,0.02566442004885716,0.0010125757939194158,0.0010125757939194158,0.0,-0.01586116218604039,1,2,2.0,78
NVDA,2026-09-03,trend_12,2026-09-02T16:00:00-0400,2026-08-31,2026-09-02,28,fixed_external_daily_choices,,2026-09-03T09:30:00-04:00,2026-09-03T16:00:00-04:00,flat,False,ok,0.0,0,,0.0,0.0,0.0,0.0,0.0,0.0,0,0,0.0,0
NVDA,2026-09-03,trend_12,2026-09-02T16:00:00-0400,2026-08-31,2026-09-02,28,fixed_external_daily_choices,,2026-09-03T09:30:00-04:00,2026-09-03T16:00:00-04:00,trend_3,False,ok,-0.04815838659745719,0,,-0.021886410667473544,-0.0021174697495456307,0.019694424592694718,0.019694424592694718,0.0,-0.029323391023878487,20,21,40.0,74
NVDA,2026-09-03,trend_12,2026-09-02T16:00:00-0400,2026-08-31,2026-09-02,28,fixed_external_daily_choices,,2026-09-03T09:30:00-04:00,2026-09-03T16:00:00-04:00,trend_12,True,ok,-0.01066033607205008,0,,-0.016040218371770276,-0.003159000831569503,0.012803515608007212,0.012803515608007212,0.0,-0.024004784471415408,13,14,26.0,65
NVDA,2026-09-03,trend_12,2026-09-02T16:00:00-0400,2026-08-31,2026-09-02,28,fixed_external_daily_choices,,2026-09-03T09:30:00-04:00,2026-09-03T16:00:00-04:00,reversal_3,False,ok,-0.07247024707802363,0,,-0.01793002270799271,0.0019188819285387293,0.019926188051686153,0.019926188051686153,0.0,-0.02275910941146031,20,21,40.0,74
NVDA,2026-09-03,trend_12,2026-09-02T16:00:00-0400,2026-08-31,2026-09-02,28,fixed_external_daily_choices,,2026-09-03T09:30:00-04:00,2026-09-03T16:00:00-04:00,ml_ridge,False,ok,-0.06880800947582555,28,2026-09-02,-0.023331326236792016,-0.0005963752689248647,0.022575006982873812,0.022575006982873812,0.0,-0.02844121958324375,23,24,46.0,77
NVDA,2026-09-03,trend_12,2026-09-02T16:00:00-0400,2026-08-31,2026-09-02,28,fixed_external_daily_choices,,2026-09-03T09:30:00-04:00,2026-09-03T16:00:00-04:00,buy_hold_session,False,ok,,0,,0.009519718119867848,0.010529995482853272,0.0010050123652425554,0.0010050123652425552,0.0,-0.013024172648897436,1,2,2.0,78
NVDA,2026-09-04,trend_12,2026-09-03T16:00:00-0400,2026-09-01,2026-09-03,29,fixed_external_daily_choices,,2026-09-04T09:30:00-04:00,2026-09-04T16:00:00-04:00,flat,False,ok,0.0,0,,0.0,0.0,0.0,0.0,0.0,0.0,0,0,0.0,0
NVDA,2026-09-04,trend_12,2026-09-03T16:00:00-0400,2026-09-01,2026-09-03,29,fixed_external_daily_choices,,2026-09-04T09:30:00-04:00,2026-09-04T16:00:00-04:00,trend_3,False,ok,-0.06190629616211829,0,,-0.02559325355509401,-0.004904136863921438,0.02069658494221119,0.02069658494221119,0.0,-0.02805442146175552,21,22,42.0,74
NVDA,2026-09-04,trend_12,2026-09-03T16:00:00-0400,2026-09-01,2026-09-03,29,fixed_external_daily_choices,,2026-09-04T09:30:00-04:00,2026-09-04T16:00:00-04:00,trend_12,True,ok,0.0003872430292859441,0,,-0.015475076868038617,-0.008556000910077133,0.006965957570608906,0.006965957570608907,0.0,-0.022608316862455347,7,8,14.0,65
NVDA,2026-09-04,trend_12,2026-09-03T16:00:00-0400,2026-09-01,2026-09-03,29,fixed_external_daily_choices,,2026-09-04T09:30:00-04:00,2026-09-04T16:00:00-04:00,reversal_3,False,ok,-0.0645420222584332,0,,-0.016113399200408773,0.004776998745923189,0.02088414126384083,0.020884141263840833,0.0,-0.02269408116491356,21,22,42.0,74
NVDA,2026-09-04,trend_12,2026-09-03T16:00:00-0400,2026-09-01,2026-09-03,29,fixed_external_daily_choices,,2026-09-04T09:30:00-04:00,2026-09-04T16:00:00-04:00,ml_ridge,False,ok,-0.08005662413729642,29,2026-09-03,-0.022355489998547418,-0.008565512475582349,0.013852092763000012,0.013852092763000012,0.0,-0.0282566855149331,14,15,28.0,77
NVDA,2026-09-04,trend_12,2026-09-03T16:00:00-0400,2026-09-01,2026-09-03,29,fixed_external_daily_choices,,2026-09-04T09:30:00-04:00,2026-09-04T16:00:00-04:00,buy_hold_session,False,ok,,0,,-0.004444386969387315,-0.003448084191557621,0.0009980268199252691,0.0009980268199252691,0.0,-0.020978169504394795,1,2,2.0,78
NVDA,2026-09-08,flat,2026-09-04T16:00:00-0400,2026-09-02,2026-09-04,30,fixed_external_daily_choices,,2026-09-08T09:30:00-04:00,2026-09-08T16:00:00-04:00,flat,True,ok,0.0,0,,0.0,0.0,0.0,0.0,0.0,0.0,0,0,0.0,0
NVDA,2026-09-08,flat,2026-09-04T16:00:00-0400,2026-09-02,2026-09-04,30,fixed_external_daily_choices,,2026-09-08T09:30:00-04:00,2026-09-08T16:00:00-04:00,trend_3,False,ok,-0.06590662815745996,0,,-0.016876878785011207,0.003997057310585417,0.020997489168557773,0.020997489168557773,0.0,-0.03037690279409455,21,23,42.0,73
NVDA,2026-09-08,flat,2026-09-04T16:00:00-0400,2026-09-02,2026-09-04,30,fixed_external_daily_choices,,2026-09-08T09:30:00-04:00,2026-09-08T16:00:00-04:00,trend_12,False,ok,-0.023368391413830736,0,,-0.012536359033282096,-0.0016090528239038893,0.01097071427923261,0.01097071427923261,0.0,-0.02105554091072881,11,12,22.0,65
NVDA,2026-09-08,flat,2026-09-04T16:00:00-0400,2026-09-02,2026-09-04,30,fixed_external_daily_choices,,2026-09-08T09:30:00-04:00,2026-09-08T16:00:00-04:00,reversal_3,False,ok,-0.05866310134672492,0,,-0.024831906730915843,-0.004126873940914932,0.020584312442855635,0.020584312442855635,0.0,-0.027801259528057454,21,23,42.0,73
NVDA,2026-09-08,flat,2026-09-04T16:00:00-0400,2026-09-02,2026-09-04,30,fixed_external_daily_choices,,2026-09-08T09:30:00-04:00,2026-09-08T16:00:00-04:00,ml_ridge,False,ok,-0.06979619599712938,30,2026-09-04,-0.0017713438251947267,0.015351990362455714,0.017051633618835212,0.017051633618835212,0.0,-0.014179056910948229,17,18,34.0,77
NVDA,2026-09-08,flat,2026-09-04T16:00:00-0400,2026-09-02,2026-09-04,30,fixed_external_daily_choices,,2026-09-08T09:30:00-04:00,2026-09-08T16:00:00-04:00,buy_hold_session,False,ok,,0,,-0.03287044201573597,-0.03190258662671619,0.0009838066823332986,0.0009838066823332986,0.0,-0.03581531775359148,1,2,2.0,78
NVDA,2026-09-09,flat,2026-09-08T16:00:00-0400,2026-09-03,2026-09-08,31,fixed_external_daily_choices,,2026-09-09T09:30:00-04:00,2026-09-09T16:00:00-04:00,flat,True,ok,0.0,0,,0.0,0.0,0.0,0.0,0.0,0.0,0,0,0.0,0
NVDA,2026-09-09,flat,2026-09-08T16:00:00-0400,2026-09-03,2026-09-08,31,fixed_external_daily_choices,,2026-09-09T09:30:00-04:00,2026-09-09T16:00:00-04:00,trend_3,False,ok,-0.06300454350223128,0,,-0.05283447404194175,-0.021040641403438642,0.032082179408711345,0.032082179408711345,0.0,-0.05283447404194175,33,34,66.0,74
NVDA,2026-09-09,flat,2026-09-08T16:00:00-0400,2026-09-03,2026-09-08,31,fixed_external_daily_choices,,2026-09-09T09:30:00-04:00,2026-09-09T16:00:00-04:00,trend_12,False,ok,-0.04341145542496572,0,,-0.02190817660920652,-0.007119008601442101,0.01480770769687693,0.01480770769687693,0.0,-0.024238784602556906,15,16,30.0,65
NVDA,2026-09-09,flat,2026-09-08T16:00:00-0400,2026-09-03,2026-09-08,31,fixed_external_daily_choices,,2026-09-09T09:30:00-04:00,2026-09-09T16:00:00-04:00,reversal_3,False,ok,-0.057748226224025756,0,,-0.01177804206572608,0.021393946017850052,0.03287565392769765,0.03287565392769765,0.0,-0.018180769503944982,33,34,66.0,74
NVDA,2026-09-09,flat,2026-09-08T16:00:00-0400,2026-09-03,2026-09-08,31,fixed_external_daily_choices,,2026-09-09T09:30:00-04:00,2026-09-09T16:00:00-04:00,ml_ridge,False,ok,-0.04685657367359786,31,2026-09-08,-0.02165280504491829,-0.0008800226778452602,0.020725249910381112,0.020725249910381112,0.0,-0.023918792304216785,21,22,42.0,77
NVDA,2026-09-09,flat,2026-09-08T16:00:00-0400,2026-09-03,2026-09-08,31,fixed_external_daily_choices,,2026-09-09T09:30:00-04:00,2026-09-09T16:00:00-04:00,buy_hold_session,False,ok,,0,,-0.007962229156787126,-0.006969446861286754,0.0009962670189310719,0.0009962670189310719,0.0,-0.010313849733451952,1,2,2.0,78
NVDA,2026-09-10,flat,2026-09-09T16:00:00-0400,2026-09-04,2026-09-09,32,fixed_external_daily_choices,,2026-09-10T09:30:00-04:00,2026-09-10T16:00:00-04:00,flat,True,ok,0.0,0,,0.0,0.0,0.0,0.0,0.0,0.0,0,0,0.0,0
NVDA,2026-09-10,flat,2026-09-09T16:00:00-0400,2026-09-04,2026-09-09,32,fixed_external_daily_choices,,2026-09-10T09:30:00-04:00,2026-09-10T16:00:00-04:00,trend_3,False,ok,-0.09265160605768596,0,,-0.02933436158100733,-0.010706485003197042,0.01868218593199794,0.01868218593199794,0.0,-0.03508850696577348,19,21,38.0,73
NVDA,2026-09-10,flat,2026-09-09T16:00:00-0400,2026-09-04,2026-09-09,32,fixed_external_daily_choices,,2026-09-10T09:30:00-04:00,2026-09-10T16:00:00-04:00,trend_12,False,ok,-0.049116182116830664,0,,-0.02683102741713006,-0.013104178730643512,0.013818946070976964,0.013818946070976964,0.0,-0.02779932609111624,14,15,28.0,65
NVDA,2026-09-10,flat,2026-09-09T16:00:00-0400,2026-09-04,2026-09-09,32,fixed_external_daily_choices,,2026-09-10T09:30:00-04:00,2026-09-10T16:00:00-04:00,reversal_3,False,ok,-0.05184567874121271,0,,-0.008315068634933476,0.010716185562577918,0.01897698138211054,0.01897698138211054,0.0,-0.011729895930942869,19,21,38.0,73
NVDA,2026-09-10,flat,2026-09-09T16:00:00-0400,2026-09-04,2026-09-09,32,fixed_external_daily_choices,,2026-09-10T09:30:00-04:00,2026-09-10T16:00:00-04:00,ml_ridge,False,ok,-0.04521848341539436,32,2026-09-09,-0.009078107583600281,0.0038942523643232807,0.012975055394471129,0.012975055394471129,0.0,-0.01720064092994722,13,14,26.0,77
NVDA,2026-09-10,flat,2026-09-09T16:00:00-0400,2026-09-04,2026-09-09,32,fixed_external_daily_choices,,2026-09-10T09:30:00-04:00,2026-09-10T16:00:00-04:00,buy_hold_session,False,ok,,0,,-0.010537320593188682,-0.009547115321731803,0.0009949788291179647,0.0009949788291179647,0.0,-0.014484915989634528,1,2,2.0,78
NVDA,2026-09-11,flat,2026-09-10T16:00:00-0400,2026-09-08,2026-09-10,33,fixed_external_daily_choices,,2026-09-11T09:30:00-04:00,2026-09-11T16:00:00-04:00,flat,True,ok,0.0,0,,0.0,0.0,0.0,0.0,0.0,0.0,0,0,0.0,0
NVDA,2026-09-11,flat,2026-09-10T16:00:00-0400,2026-09-08,2026-09-10,33,fixed_external_daily_choices,,2026-09-11T09:30:00-04:00,2026-09-11T16:00:00-04:00,trend_3,False,ok,-0.09613525225703945,0,,-0.026636941061261354,-0.005969984492321001,0.020788191062312087,0.02078819106231208,0.0,-0.03427900751669943,21,22,42.0,74
NVDA,2026-09-11,flat,2026-09-10T16:00:00-0400,2026-09-08,2026-09-10,33,fixed_external_daily_choices,,2026-09-11T09:30:00-04:00,2026-09-11T16:00:00-04:00,trend_12,False,ok,-0.06008410112030449,0,,-0.01038877939106464,-0.00043827028438836457,0.009932660712997863,0.009932660712997863,0.0,-0.013946890369339937,10,11,20.0,65
NVDA,2026-09-11,flat,2026-09-10T16:00:00-0400,2026-09-08,2026-09-10,33,fixed_external_daily_choices,,2026-09-11T09:30:00-04:00,2026-09-11T16:00:00-04:00,reversal_3,False,ok,-0.04433056387101242,0,,-0.015063089053811707,0.005849609630135033,0.020791695688860124,0.020791695688860124,0.0,-0.01938106559459929,21,22,42.0,74
NVDA,2026-09-11,flat,2026-09-10T16:00:00-0400,2026-09-08,2026-09-10,33,fixed_external_daily_choices,,2026-09-11T09:30:00-04:00,2026-09-11T16:00:00-04:00,ml_ridge,False,ok,-0.03225160313454656,33,2026-09-10,-0.03336951712060754,-0.007894895762434961,0.02561125931869102,0.02561125931869102,0.0,-0.03355083623728938,26,27,52.0,77
NVDA,2026-09-11,flat,2026-09-10T16:00:00-0400,2026-09-08,2026-09-10,33,fixed_external_daily_choices,,2026-09-11T09:30:00-04:00,2026-09-11T16:00:00-04:00,buy_hold_session,False,ok,,0,,-0.014771292649522927,-0.013785324527719078,0.0009928607840672722,0.0009928607840672722,0.0,-0.015968541510955947,1,2,2.0,78
