bar_open,a158_kmid,a158_klen,a158_kmid2,a158_kup,a158_klow,a158_ksft,a158_roc_5,a158_ma_5,a158_std_5,a158_rsv_5,a158_vma_5,a158_corr_5,a158_roc_20,a158_ma_20,a158_std_20,a158_rsv_20,a158_vma_20,a158_corr_20,a101_002,a101_003,a101_004,a101_006,a101_012,a101_101,xs_return_rank,xs_peer_return,xs_peer_residual,xs_group_residual,xs_market_beta,xs_market_residual,xs_peer_count,seasonal_rvol,momentum_1,SPY_return_1,SPY_relative_1,QQQ_return_1,QQQ_relative_1,SOXX_return_1,SOXX_relative_1,momentum_3,SPY_return_3,SPY_relative_3,QQQ_return_3,QQQ_relative_3,SOXX_return_3,SOXX_relative_3,momentum_12,SPY_return_12,SPY_relative_12,QQQ_return_12,QQQ_relative_12,SOXX_return_12,SOXX_relative_12,trend_efficiency_12,volume_x_return,volume_x_efficiency,overnight_gap,session_fraction
2026-09-14 09:30:00-04:00,-0.0019881529160044103,0.018856043079080124,-0.10543850094456464,0.014771347973453534,0.0020965421896221802,-0.014662958699835764,,,,,,,,,,,,,,,,,,-0.1054348259692703,,,,,,,0,0.0021668803621324173,,,,,,,,,,,,,,,,,,,,,,,,,-0.06864606469763002,0.0
2026-09-14 09:35:00-04:00,-0.0038577915415158,0.013686581298345952,-0.2818667026792027,0.004469991436594799,0.005358798320235352,-0.002968984657875247,,,,,,,,,,,,,,,,,-5.3599853515625,-0.28185314547523216,0.75,-0.006328235127887309,0.0027984456306449452,-0.0015744841860949599,,,3,-0.04604485071381159,-0.003529789497242364,-0.0001515651881149882,-0.0033782243091273756,-0.0005404597187856908,-0.002989329778456673,-0.0003430248896544308,-0.003186764607587933,,,,,,,,,,,,,,,,0.0001625286304517047,,-0.06864606469763002,0.01282051282051282
2026-09-14 09:40:00-04:00,0.0034828827510417306,0.00843952863782029,0.41268688104611917,0.0022470289369212757,0.0027096169498572824,0.003945470763977737,,,,,,,,,,,,,,,,,5.25,0.41265456672073403,1.0,0.0017125562898859432,0.0017570499257818877,0.0006502994548074348,,,3,-0.41503394346194267,0.003469606215667831,0.0011073016494225207,0.00236230456624531,0.0021695198395108584,0.0013000863761569725,0.006307270120484265,-0.0028376639048164343,,,,,,,,,,,,,,,,-0.0014400043499486874,,-0.06864606469763002,0.02564102564102564
2026-09-14 09:45:00-04:00,0.017969223725676924,0.01931908570120483,0.9301280611098313,0.001099646402715092,0.0002502155728128121,0.017119792895774644,,,,,,,,,,,,,,,,,-27.6099853515625,0.9300963605790381,1.0,0.0019005325321679682,0.016283191731821762,0.01127437067576409,,,3,0.04246610877174284,0.01818372426398973,0.0011588007978993176,0.017024923466090414,0.002776920543095418,0.015406803720894313,0.007069996002480927,0.011113728261508804,0.018109976950938522,0.0021154767445181744,0.015994500206420348,0.0044093286402084875,0.013700648310730035,0.013074229576319096,0.005035747374619426,,,,,,,,,0.0007721920124699674,,-0.06864606469763002,0.038461538461538464
2026-09-14 09:50:00-04:00,-0.014178529988320964,0.016131086803857064,-0.8789568961299125,0.0008405307229369232,0.0011120260925991782,-0.013907034618658708,,0.9995999332635013,0.008450666146796074,0.45976789607557067,2.187317564167086,-0.15502029710290666,,,,,,,,,,,-21.22998046875,-0.8789216687396139,0.25,0.0018044822286643984,-0.015536681755669616,-0.010727161837485344,,,3,-0.27259171624049916,-0.013732199527005218,-0.00015782809277431475,-0.013574371434230903,-0.0008865304906529037,-0.012845669036352314,-0.0051582251169077775,-0.00857397441009744,0.00768600709136269,0.002109199639439119,0.005576807451923571,0.004061543964967385,0.0036244631263953053,0.008194400412978364,-0.0005083933216156744,,,,,,,,,0.003743283836823323,,-0.06864606469763002,0.05128205128205128
2026-09-14 09:55:00-04:00,0.0050105355181457485,0.00787650067087874,0.6361372553004979,0.0024920983613906885,0.00037386679134230184,0.0028923039480973625,0.9909098273835047,0.996421348439464,0.008392891926863025,0.6379082258357409,1.6586382842547542,-0.009950160729676088,,,,,,,,,,,7.6600341796875,0.6360842924549855,1.0,-0.0013575421046495562,0.006381272950329753,0.004477912724359268,,,3,-0.4095208434666676,0.0050237308456801966,-0.00023019561006454303,0.00525392645574474,-4.254556331495518e-05,0.005066276408995152,-0.001020938619601286,0.0060446694652814825,0.009246661876758155,0.0007703638263187873,0.008476298050439368,0.0018453023414259917,0.007401359535332164,0.0008524490665202666,0.008394212810237889,,,,,,,,,-0.0020573224932724696,,-0.06864606469763002,0.0641025641025641
2026-09-14 10:00:00-04:00,0.00885396013236043,0.012447014675702845,0.711332023223473,0.0028359762155341925,0.0007570783278082232,0.00677506224463446,0.978963601817911,0.9921030206430166,0.007987263050299979,0.8939733339687844,1.150508855028629,0.3725418418397767,,,,,,,,,,,-13.2249755859375,0.7112947239719449,1.0,-0.0016516298478094586,0.010281697859012931,0.008835941143116588,,,3,-0.2103929109748761,0.008630068011203473,0.0006118814708733211,0.008018186540330152,0.0006376052539434074,0.007992462757260066,0.0009017488239653204,0.007728319187238153,-0.00022313758287517693,0.00022365669708501734,-0.0004467942799601943,-0.00029202544180939594,6.8887858934219e-05,-0.005277715986127918,0.005054578403252741,,,,,,,,,-0.0018157051307882586,,-0.06864606469763002,0.07692307692307693
2026-09-14 10:05:00-04:00,0.004862041555161462,0.008203702979750774,0.5926642599277511,0.0022417531560069864,0.0010999082685823251,0.0037201966677368006,0.9776102194297054,0.9917838668645993,0.007409397302466671,0.9095310338672735,1.0301837908540572,0.3162064947207969,,,,,,,0.38729833462074165,,,,-7.510009765625,0.5926175237279964,1.0,0.002175770799450897,0.002683016978725824,0.0026124695137230702,,,3,0.01712961887061737,0.004858787778176721,0.0005391120278326333,0.0043196757503440875,0.0014230460167761194,0.0034357417614006014,0.0037941367950797833,0.0010646509830969375,0.018622493338358748,0.0009208627317160989,0.01770163060664265,0.0020189253388489536,0.016603567999509794,0.0036735706538582047,0.014948922684500543,,,,,,,,,8.3229182813381e-05,,-0.06864606469763002,0.08974358974358974
2026-09-14 10:10:00-04:00,0.002810232998550125,0.006254786284912372,0.44929320851914706,0.0034445532863622472,0.0,-0.0006343202878121224,0.9925717966524533,0.9904646794538361,0.008886427840677705,0.8658114293587034,1.096969696969697,-0.05324023056533021,,,,,,,0.34921514788478863,,-0.5555555555555556,,4.4049072265625,0.44924696574551254,1.0,-0.0007398486294753667,0.0035759330865536474,0.0018892188804930932,,,3,-0.15310099338514382,0.0028360844570782806,-0.0005651329117203341,0.0034012173687986147,0.00025450013894379175,0.002581584318134489,0.0008376956467035512,0.0019983888103747294,0.01640524637143881,0.0005855398089169572,0.01581970656252185,0.0023165834182334866,0.014088662953205322,0.005540939213139362,0.010864307158299447,,,,,,,,,-0.00043420734770285103,,-0.06864606469763002,0.10256410256410256
2026-09-14 10:15:00-04:00,0.004813433806315107,0.006446610697696427,0.7466611576273121,0.00014751628946472033,0.0014856606019165992,0.006151578118766986,0.9738644551818966,0.9905548780326168,0.008060084847047736,0.9944878178725607,1.3291911867243063,-0.19226943243133346,,,,,,,0.38729833462074165,,-0.5555555555555556,0.3615319442126172,8.1202392578125,0.7465868337281788,1.0,-0.0028976611901537033,0.008111063822349421,0.008760843775396765,,,3,-0.2700798652329859,0.005213402632195718,-0.000788984777249091,0.006002387409444809,-0.0009895284610869082,0.0062029310932826265,-0.00010959628608475658,0.005322998918280475,0.012962243107450755,-0.0008152895606257093,0.013777532668076464,0.0006867195220030542,0.0122755235854477,0.004524906507608062,0.008437336599842693,,,,,,,,,-0.0014080350803087134,,-0.06864606469763002,0.11538461538461539
2026-09-14 10:20:00-04:00,-0.004402094852882466,0.006847399867254871,-0.642885611797469,0.00014027754211913126,0.0023050274722532737,-0.002237344922748323,0.9832039498999109,0.9984147549980142,0.004737945081899396,0.7910395690731638,1.2504452628054905,-0.7720154624382619,,,,,,,-0.5331139899831832,,-0.5555555555555556,0.6248319729707132,7.0816650390625,-0.642825644506294,0.25,-0.002953291139782377,-0.0015697397282874448,-0.0024344447132752522,,,3,-0.23883893760568853,-0.004523030868069822,-0.0013424135281097094,-0.0031806173399601123,-0.0012876007220029573,-0.0032354301460668644,-0.0021326782301192004,-0.0023903526379506213,0.003504766916848867,-0.0026942681484674047,0.006199035065316272,-0.002021934132015568,0.005526701048864435,-0.0014062232836902222,0.004910990200539089,,,,,,,,,0.0010802758872875313,,-0.06864606469763002,0.1282051282051282
2026-09-14 10:25:00-04:00,-0.0012613359206247738,0.006945457662696036,-0.18160587565010675,0.0033090772148837797,0.002375044527187482,-0.0021953686083210715,0.993428172125197,1.001480020546426,0.0030043171972531746,0.5430133515576571,1.3753141371888071,-0.4825674663423802,,,,,,,-0.5521576303742332,,-0.5555555555555556,0.6130395492631364,-2.728515625,-0.18158909284104208,0.25,0.001626419070371865,-0.00337702904657744,-0.0028208954163823075,,,3,-0.31764174459576866,-0.001750609976205575,2.6382450458273254e-05,-0.0017769924266638482,-4.24593896691805e-05,-0.0017081505865363944,-0.0014630638551604846,-0.00028754612104509025,-0.0010849858847600258,-0.0021040129146293607,0.001019027029869335,-0.0023182178237810547,0.001233231939021029,-0.003701824388920083,0.0026168385041600573,,,,,,,,,0.0005560668069486958,,-0.06864606469763002,0.14102564102564102
2026-09-14 10:30:00-04:00,-0.0020400347205909307,0.00730545766935798,-0.2792480379631074,0.0014649661096192775,0.0038004568391477723,0.0002954560089375639,0.9999807447052066,1.0032151626722672,0.0030043513441238338,0.3173236235993517,1.272200377338529,0.358645066521654,,,,,,,-0.6030226891555267,,-0.5555555555555556,0.7086250748409411,-2.68505859375,-0.27922348003877395,0.25,0.00379940396918473,-0.005525153117784528,-0.003980400068502643,,,3,-0.42520977061295895,-0.0017257491485997978,0.0003425606468676623,-0.00206830979546746,0.00038958792753063243,-0.00211533707613043,0.00018002237551772993,-0.0019057715241175277,-0.007980658864159662,-0.0009739566795314847,-0.007006702184628177,-0.0009409356674641156,-0.0070397231966955465,-0.003413246217646937,-0.004567412646512725,0.0228481700948715,0.0005469701242006852,0.022301199970670815,0.0038601042406909425,0.018988065854180558,0.00883219820890635,0.01401597188596515,0.30740120247503494,0.0007338053996116292,-0.13070999479055737,-0.06864606469763002,0.15384615384615385
2026-09-14 10:35:00-04:00,-0.002774605647345642,0.006247656264488725,-0.4441034413362392,0.00032509752925877764,0.003147953087884306,4.824991127988626e-05,1.0054774176791617,1.0047813792542597,0.004021003727108248,0.22508596857931673,1.1639873607911344,0.8535234978870636,,,,,,,-0.43301270189221946,,-0.5555555555555556,0.46756994400220975,-4.1099853515625,-0.44405768614705027,0.25,-0.0021437925429599325,-0.0005023565199006041,-0.00027756969830705636,,,3,-0.3278492362966431,-0.0026461490628605366,-0.0007903775592593698,-0.0018557715036011668,-0.0015650062391916464,-0.0010811428236688903,-0.0043149376541343765,0.0016687885912738398,-0.006110296103866819,-0.00042171703583193665,-0.0056885790680348824,-0.0012184374754355964,-0.004891858628431223,-0.005592705137529075,-0.0005175909663377443,0.023755201726929354,-9.228854758669414e-05,0.023847490274516048,0.0028310466997676365,0.020924155027161717,0.004823829753475062,0.018931371973454292,0.32204301839661487,0.0008675379493859048,-0.10558155763599597,-0.06864606469763002,0.16666666666666666
2026-09-14 10:40:00-04:00,0.00475156591336803,0.0060750661198447796,0.782142254854821,0.00132350020647675,0.0,0.0034280657068912796,1.0060207666682903,0.9989062207215994,0.00234005811345039,0.5633074349231293,0.9726784559150176,0.9025824803342988,,,,,,,-0.5521576303742332,,-0.5555555555555556,0.48662396259095925,-7.2349853515625,0.7820591457895325,1.0,0.0020286994374626812,0.002641790260651774,0.004242303642172818,,,3,-0.23839637589951812,0.004670489698114455,0.00023730082502471106,0.004433188873089744,0.000695070892815508,0.003975418805298947,0.00094406189603502,0.003726427802079435,0.00028276049879760734,-0.00021089317118738737,0.0004936536699849947,-0.0004817745492281533,0.0007645350480257607,-0.003195534517199672,0.003478295015997279,0.024980361616384394,-0.0009612468818750441,0.02594160849825944,0.001355624477031414,0.02362473713935298,-0.0005314723375167141,0.02551183395390111,0.3338892387176638,-0.0011134278177065205,-0.07959798446214011,-0.06864606469763002,0.1794871794871795
2026-09-14 10:45:00-04:00,-0.005200404770618474,0.008902929125593768,-0.5841228990207494,0.0026901269992925304,0.0010123973556827649,-0.0068781344142282395,1.0071295864071608,1.0031248959790449,0.002551732769681646,0.1797391772854349,0.9581268317614459,0.37346411009121805,,,,,,,-0.6741998624632418,,-0.5555555555555556,0.6021293416229504,-8.7449951171875,-0.5840807270528031,0.25,0.0019640254711084846,-0.007583046892789399,-0.007090611712620598,,,3,-0.26328367411535325,-0.005619021421680914,-7.908150890090226e-05,-0.005539939912780012,0.0004585596606450082,-0.006077581082325922,-0.001304370458602655,-0.004314650963078259,-0.003618344967330045,-0.0006323020474074958,-0.002986042919922549,-0.0004128628920889721,-0.003205482075241073,-0.004674917600724471,0.0010565726333944259,0.0010187265018597458,-0.002196507856764396,0.0032152343586241416,-0.0009594504530454628,0.0019781769549052086,-0.00884262821564763,0.009861354717507376,0.01662474615757301,0.0014793966048330268,-0.0043770242496009235,-0.06864606469763002,0.19230769230769232
2026-09-14 10:50:00-04:00,-0.003744358521401036,0.006090847398980615,-0.6147516554145335,0.0003299133369755345,0.0020165755406040447,-0.002057696317772526,1.009761575174214,1.005557861393016,0.003825894103623872,0.1409359692864329,0.9753667262969589,-0.006517390428146385,,,,,,,-0.632455532033676,,-0.5555555555555556,0.318818054763009,-6.7359619140625,-0.6146864040763733,0.25,-0.0004913715956034551,-0.0038612201214967743,-0.00340491458275316,,,3,-0.19385446772304205,-0.004352591717100229,-0.0005273053922085769,-0.0038252863248916524,-0.0008125757952212043,-0.003540015921879025,-0.002200255573288845,-0.002152336143811384,-0.005323124223410636,-0.00036918826219511924,-0.0049539359612155165,0.0003404358184542211,-0.005663560041864857,-0.0025610000619730178,-0.002762124161437618,0.010538618624926999,-0.002565231791402778,0.013103850416329776,-0.0008855011551726077,0.011424119780099606,-0.0058956135318141145,0.016434232156741113,0.20025801073117747,0.0008437693505341866,-0.03882091007756765,-0.06864606469763002,0.20512820512820512
2026-09-14 10:55:00-04:00,0.0021339518949193307,0.0036986597805890803,0.576952740048744,0.0004446030255984689,0.0011201048600712807,0.0028094537293921426,1.0060562917672227,1.0023887067929305,0.0038050150268998063,0.2767695600370556,1.231676195122986,0.3923783499859634,,,,,,,-0.10660035817780485,,-0.5555555555555556,-0.4225398267747567,3.0059814453125,0.5768515024742219,1.0,0.00023939445380694035,0.0017114787174129509,0.00266306588733789,,,3,-0.3598449162367744,0.0019508731712198912,0.00046165576563383937,0.0014892174055860519,0.0010209598840489331,0.0009299132871709581,0.0009665820006059533,0.000984291170613938,-0.008015688300907042,-0.00014496935812768896,-0.007870718942779353,0.0006662093182956408,-0.008681897619202683,-0.0025385588173152396,-0.005477129483591803,0.0074488991941557,-0.0018749962856650093,0.00932389547982071,0.00017710776618429236,0.007271791427971408,-0.003917791330001585,0.011366690524157286,0.15101637406312227,-0.0007020117928861921,-0.05434247447512562,-0.06864606469763002,0.21794871794871795
2026-09-14 11:00:00-04:00,-0.0069510337271548655,0.00809434319607109,-0.858752039390703,0.0009619836553718266,0.00018132581354439773,-0.007731691568982294,1.0105320626693564,1.0074130877879992,0.005615829858454739,0.010294513782885498,1.0269030807601784,0.3629920751315206,,,,,,,-0.0,,-0.5555555555555556,-0.748607494572273,10.905029296875,-0.8586833172096779,0.25,-0.0004401582583473118,-0.006623393784646048,-0.0063984085971066085,,,3,-0.2390626279096576,-0.00706355204299336,-0.00051414456763621,-0.00654940747535715,-0.000821572263817183,-0.006241979779176177,-0.001679877412724795,-0.0053836746302685645,-0.00945673730021468,-0.0005800037492266208,-0.008876733550988058,-0.0006141883032845241,-0.008842548996930155,-0.002913601719830794,-0.006543135580383885,-0.008226342650603735,-0.002998223747463502,-0.005228118903140233,-0.0012813982321595585,-0.006944944418444177,-0.006486986525058636,-0.0017393561255450996,-0.17354374997917382,0.0016886313137746234,0.04148782492731788,-0.06864606469763002,0.23076923076923078
2026-09-14 11:05:00-04:00,-0.0004404067191889508,0.010134610751737636,-0.043455711322056674,0.008993057422107542,0.0007011466104411434,-0.008732317530855349,1.0158017121283527,1.0047984689721057,0.004420963013492684,0.03729718280025289,0.7243751939053397,-0.5100187348865504,,1.0066414230846914,0.009878065468740828,0.44500928751624835,1.4020059866478218,-0.5536433317364464,0.2208630521496934,,-0.5555555555555556,0.12670195156093503,0.8299560546875,-0.043452914076569156,0.25,0.0032444934262319722,-0.0037859080193739145,-0.003013622834629137,,,3,0.24698202180538487,-0.0005414145931419423,0.0012266119981603207,-0.001768026591302263,0.0017424522939215592,-0.0022838668870635015,0.0003728135869949245,-0.0009142281801368668,-0.005665098019394299,0.0011738211638137042,-0.006838919183208003,0.0019413470836906477,-0.007606445103084947,-0.0003423720959674359,-0.005322725923426863,-0.01355622434280801,-0.002313154385006233,-0.011243069957801777,-0.0009628545439795966,-0.012593369798828413,-0.00987326764181129,-0.00368295670099672,-0.31620233811136184,-0.00013371967084913676,-0.07809629276633405,-0.06864606469763002,0.24358974358974358
2026-09-14 11:10:00-04:00,-0.0005544560573468255,0.003501760674692517,-0.15833636529012876,0.001885214298102268,0.0010620903192434235,-0.00137758003620567,1.0100741031340918,1.002763954719877,0.003628886811655185,0.09791441848172601,1.4813722257450856,-0.19893242180340612,0.9910974098202329,1.0070668228471478,0.009326688746636587,0.44550221718159716,2.230251743817375,-0.34276159606920625,0.7272727272727277,,-0.5555555555555556,0.019306136493575307,0.030029296875,-0.15830687534285043,0.5,0.0013846072109848784,-0.0013650072493880394,0.0005886747829957351,,,3,-0.3926065153254197,1.9599961596838966e-05,-0.0006321329026059974,0.0006517328642028364,-0.0005647763876822642,0.0005843763492791032,-0.0008360281341694975,0.0008556280957663365,-0.007581691346480568,7.925389657614801e-05,-0.007660945243056716,0.00035415280915551683,-0.007935844155636085,-0.0021426249753031534,-0.0054390663711774145,-0.01632667072269356,-0.002380037192244777,-0.013946633530448782,-0.001781133974250504,-0.014545536748443055,-0.011529079233675077,-0.004797591489018482,-0.40875984020218037,-7.695072623046994e-06,0.16048177646675343,-0.06864606469763002,0.2564102564102564
2026-09-14 11:15:00-04:00,-2.6132769927810614e-05,0.0033743939169285455,-0.007744433688285046,0.002721712053365666,0.0006265490936350691,-0.002121295729658407,1.0057039447889378,1.0016493714466372,0.0033714199378348194,0.09890226844249218,1.6347762494554055,-0.057114128011962854,0.9876248539653889,1.0077118982822275,0.008323976022974182,0.40562295521586844,2.47502878570984,-0.009832769870413434,0.6762522260005742,,-0.5555555555555556,-0.21688582284111702,-0.0400390625,-0.007742936034472306,0.5,0.0008084929193064768,-0.000834625689234277,-0.0019004281261774114,4.600400716613014,-0.002694346797870803,3,-0.488139919678395,-2.6132769927800226e-05,0.0005799960030237195,-0.0006061287729515197,0.0011895701928956726,-0.0012157029628234728,0.0027823240589197606,-0.002808456828847561,-0.0005479443764391245,0.0011740440625562787,-0.0017219884389954032,0.0023676617607266692,-0.0029156061371657938,0.002317508148916625,-0.0028654525253557495,-0.02145393148083441,-0.0010132362520091087,-0.0204406952288253,0.0003962379846098596,-0.02185016946544427,-0.008670186743466313,-0.012783744737368097,-0.6205217712892743,1.2756448213530379e-05,0.30290144759584176,-0.06864606469763002,0.2692307692307692
2026-09-14 11:20:00-04:00,-0.0012796820114535366,0.0044038882375974815,-0.29058003800556725,0.0005321647228746427,0.0025920415032693023,0.0007801947689411229,1.0092864699659105,1.0014029259558699,0.0008182119628613056,0.18995607681883117,1.050739640590923,0.04109053602536717,0.9926453283829754,1.009700230096839,0.007700478594242917,0.237655761841486,1.5114232283658826,0.16208608496256416,0.6779839886978021,,-0.5555555555555556,-0.26206222739620305,2.4599609375,-0.29053696355433106,0.25,0.0010253758785494504,-0.0026309897266660887,-0.0021976521328737064,4.361381200217173,-0.0043339746618347415,3,-0.15800677945258346,-0.0016056138481166382,0.0006255726542734319,-0.00223118650239007,0.0005304101838754516,-0.00213602403199209,0.001255996200718812,-0.00286161004883545,-0.0016121366786590041,0.0005730362753590956,-0.0021851729540180997,0.00115486318857827,-0.002766999867237274,0.0032024076429901793,-0.0048145443216491834,-0.018586133386423898,0.0009553986175112605,-0.019541532003935158,0.002217314074353771,-0.02080344746077767,-0.0053037131478066435,-0.013282420238617254,-0.5850982519292882,0.00025369787318537946,0.09244949045068315,-0.06864606469763002,0.28205128205128205
2026-09-14 11:25:00-04:00,0.0069812488305205315,0.009020621538689872,0.7739210430874547,0.000261484637478321,0.0017778880706910193,0.00849765226373323,0.9950924643987342,0.9953248932469165,0.002704609084039387,0.7095871688238529,0.6322215509183953,0.6026212468773069,1.0035702693930542,1.0024036837103922,0.007663567847656251,0.4070434606809305,0.7462024858897099,0.15124208379499304,-0.07575540190785732,,-0.5555555555555556,0.03713491811094854,-10.8599853515625,0.7738649656184633,1.0,-0.0011866881459638619,0.008286388237203032,0.006152941536699874,4.257391766696617,0.006819509157181067,3,0.6272226390932396,0.0070997000912391695,6.581281437378905e-05,0.00703388727686538,0.00024737627562299025,0.006852323815616179,0.0008389972233611154,0.006260702867878054,0.005456410818616142,0.0012718236670550276,0.004184587151561114,0.001968413250963197,0.003487997567652945,0.004884203142881738,0.0005722076757344041,-0.009885084218927864,0.0009948656119058708,-0.010879949830833735,0.002507804730401686,-0.01239288894932955,-0.003010506433037574,-0.00687457778589029,-0.26681956700825704,0.004453092627997546,-0.16735527298063446,-0.06864606469763002,0.2948717948717949
2026-09-14 11:30:00-04:00,0.005232105546088932,0.007977954600778967,0.65582042113622,0.0027458490546900358,0.0,0.0024862564913988965,0.9893771809811975,0.9922689172873868,0.005072775528283405,0.8440272407693001,0.7347361740043208,0.7744379542437011,0.9846373158532167,0.9979544339483725,0.007044702125859953,0.5836941280477134,0.8573105982008813,0.3583094928729596,-0.0,,-0.5555555555555556,0.03978386593600681,8.06005859375,0.6557670635301506,0.5,0.00453151378815031,0.0007005917579385734,0.00319865873757208,2.3189469725605436,0.00153806214342462,3,0.5368497665528038,0.005232105546088883,0.0015929831282797124,0.003639122417809171,0.0028636620973614413,0.002368443448727442,0.004689878098682598,0.0005422274474062849,0.01074347840878831,0.0022855111985948806,0.008457967210193429,0.0036438074611031546,0.007099670947685155,0.006795755505951018,0.003947722902837292,-0.0029840991347456214,0.0022461034707947913,-0.005230202605540413,0.00498711748482128,-0.007971216619566901,0.0014849630553643856,-0.004469062190110007,-0.07354983679913218,0.002808854640997447,-0.03948521271561093,-0.06864606469763002,0.3076923076923077
2026-09-14 11:35:00-04:00,-0.004296255831719289,0.007592090375356176,-0.5658857599567719,0.0011171305379957563,0.002178704005641131,-0.0032346823640739143,0.9933641394916525,0.9975751744975282,0.005017800504197295,0.6159645671949253,1.1567400985798286,0.6885559328493397,0.9935521865376044,1.002278709148837,0.006811852605964538,0.4150299640916046,1.2574661874845685,0.4324667165105608,-0.3638034375544995,,-0.5555555555555556,0.11828213023788002,-6.18505859375,-0.5658376460489674,0.25,0.00018919370486514264,-0.0041832645576073135,-0.003946902478280334,2.3009413377174974,-0.005188748565702957,3,0.04652080854075358,-0.003994070852742171,0.0005192125906807732,-0.004513283443422944,0.0003577420224991634,-0.004351812875241334,0.0,-0.003994070852742171,0.008325478694076516,0.002178974694209579,0.006146503999866937,0.0034706020001324944,0.004854876693944021,0.005532810116746223,0.002792668577330293,-0.004331564185762415,0.0035596733118408164,-0.007891237497603232,0.00692248357799774,-0.011254047763760155,0.005825035373970389,-0.010156599559732804,-0.10308419943214424,-0.0001858074054386229,-0.004795560305359641,-0.06864606469763002,0.32051282051282054
2026-09-14 11:40:00-04:00,7.137828218430521e-05,0.0054939911277270045,0.012992063606376388,0.002891216095217046,0.0025313967503256536,-0.00028844106270708704,0.9931288668224586,0.9987391950133089,0.004478481581058681,0.6279510458348668,1.4642895287259134,0.38125534780137693,1.001915444295324,1.0019717396992942,0.006826118220719312,0.4231063179347721,1.4628643585065195,0.46307407345528206,-0.4924101124010708,,-0.5555555555555556,0.1904792756586514,0.3250732421875,0.012990530795968708,0.25,0.00115483157822364,-0.0009440700953239716,-0.0005915708043746637,2.196235336970211,-0.0023571334067129836,3,-0.29354417078053296,0.00021076148289966845,0.001169225741151747,-0.0009584642582520786,0.0008522892159876783,-0.0006415277330880098,0.0009787564746630562,-0.0007679949917633877,0.0014281553016470827,0.0032847191576770296,-0.0018565638560299469,0.0040774642292400465,-0.0026493089275929638,0.005673224821900025,-0.004245069520252942,-0.008751332320420802,0.0044946936951120176,-0.013246026015532819,0.007080680284504259,-0.01583201260492506,0.005859899136196667,-0.014611231456617468,-0.23409031781599066,-6.186780473025865e-05,0.0687158482310464,-0.06864606469763002,0.3333333333333333
2026-09-14 11:45:00-04:00,-0.006288991764762092,0.006739324202334926,-0.9331783983003199,0.00013930009179092932,0.0003110323457819046,-0.006117259510771116,0.9974959139543911,1.005244960543749,0.0035323789215152422,0.24834166460759682,1.8478903671693478,0.6322649464634137,1.0128368539820993,1.007354281090007,0.006989714425279426,0.1940356900232871,1.8194203134480769,0.49296374660111614,-0.6215815605080606,,-0.5555555555555556,0.2501125483748338,-9.2200927734375,-0.9330886784457925,0.25,-0.0008563401354255706,-0.005120254364930021,-0.004665583541012097,1.6354008754074623,-0.004667470434009267,3,-0.43274944132061566,-0.005976594500355592,-0.0008004912349213189,-0.005176103265434273,-0.000914966768664649,-0.005061627731690943,-0.002394269194154419,-0.003582325306201173,-0.009738129329445733,0.0008872021075922998,-0.010625331437038033,0.0002942619521446588,-0.010032391281590392,-0.0014178561259673428,-0.00832027320347839,-0.009107779040008257,0.003769984142219629,-0.012877763182227886,0.005698062366489509,-0.014805841406497766,0.004762181874017335,-0.013869960914025592,-0.24029384833097478,0.0025863679310287467,0.10398702861801008,-0.06864606469763002,0.34615384615384615
2026-09-14 11:50:00-04:00,-0.0014900321561325714,0.005119030229311952,-0.2910770379124439,0.002305259173493062,0.0013237388996863195,-0.002471552429939314,1.0060867735747177,1.0055375456802993,0.004685973153528907,0.08586787016286081,1.1148896394961016,0.7789441482851135,1.0172350028425245,1.0080056391287644,0.006976721204525995,0.1368946525621084,1.2537733945149023,0.4554978364334028,-0.6215815605080606,,-0.5555555555555556,0.22445236639087338,2.2999267578125,-0.29103996206622634,0.25,0.0006466200133392608,-0.002146428805828049,-0.0021165096482612666,1.7708794619521915,-0.002313845509310185,3,-0.14331536933866873,-0.0014998087924887882,0.0004596793482058992,-0.0019594881406946874,0.00030432233160948563,-0.0018041311240982738,0.00013994241549641906,-0.0016397512079852072,-0.007258251909595614,0.0008276469688772714,-0.008085898878472886,0.00024084565112802991,-0.007499097560723644,-0.0012781121286820074,-0.005980139780913607,-0.006268620935875657,0.00476121247950112,-0.011029833415376777,0.006822238126516167,-0.013090859062391824,0.007118709273791435,-0.013387330209667092,-0.178139492998334,0.00021494565103291345,0.02553012723285943,-0.06864606469763002,0.358974358974359
2026-09-14 11:55:00-04:00,0.0027531550986823615,0.00388896909911462,0.7079395666344315,0.0002052868008081045,0.0009305271996241538,0.003478395497498411,1.0085739652078742,1.001061952728268,0.0034187613885896953,0.2890042478195899,1.3025704467353951,0.49558620790452224,1.0197307814835808,1.0042515237565135,0.0061459442143475184,0.24283876788402434,1.7432684230622375,0.4489724798210194,-0.6215815605080606,,-0.5555555555555556,0.042930000275789054,4.215576171875,0.7078206993056987,1.0,-0.0006698325572475813,0.0034229876559299286,0.001404435852703445,1.978767031786312,0.0029609904107736128,3,-0.23056176923198957,0.002753155098682347,-0.00010503273440110039,0.0028581878330834476,-0.0002301280120378113,0.0029832831107201585,-0.00023993745516426301,0.00299309255384661,-0.004734843464435534,-0.00044617675535230106,-0.004288666709083233,-0.0008409103034451304,-0.0038939331609904038,-0.0024940583158129526,-0.0022407851486225816,-0.005472920520293134,0.004192088594430876,-0.00966500911472401,0.005563899723914689,-0.011036820244207823,0.005904774324454243,-0.011377694844747377,-0.1524304706786555,-0.0006347723105222748,0.035144639004535724,-0.06864606469763002,0.3717948717948718
2026-09-14 12:00:00-04:00,-0.0024257040183102607,0.0033464649103033383,-0.72485565614071,0.0005951550325188416,0.000325605859474236,-0.0026952531913548663,1.0071008814887366,1.0021881472157608,0.003071131544232891,0.1304757450673318,1.4049936344461968,0.4063209426075996,1.0177006336975596,1.0059209760715087,0.005773345950825255,0.15617366508941496,2.0769633458110857,0.45287888856858954,-0.6324555320336762,,-0.5555555555555556,0.04522937325310569,-3.8956298828125,-0.7247145944838546,0.25,0.0008541417242374413,-0.003391357414443482,-0.0017912056466126147,2.5586805082716153,-0.0011265139034991117,3,-0.36592791793099744,-0.0025372156902060405,-0.0005513395604282989,-0.0019858761297777416,-0.001039124834189331,-0.0014980908560167094,-0.002500050049830116,-3.7165640375924625e-05,-0.0012911681234630823,-0.00019693673209097984,-0.0010942313913721025,-0.0009650775720977389,-0.0003260905513653434,-0.0025998285903758855,0.0013086604669128032,-0.000939333216752769,0.004154718463283968,-0.0050940516800367375,0.005344956835451775,-0.006284290052204544,0.005078370495894324,-0.006017703712647093,-0.029737715167343977,0.000928438054858955,0.010881860195211224,-0.06864606469763002,0.38461538461538464
2026-09-14 12:05:00-04:00,-0.0024612177305857546,0.0035449536429752013,-0.6942877054154242,0.001083735912389447,0.0,-0.0035449536429752013,1.0096204667815363,1.0025596418929974,0.0018102226006087804,0.0,0.9853576390350693,-0.19810612849024506,1.0182460764939871,1.0073128106082296,0.005557310825933963,0.06816737023306776,1.4975168048948204,0.4844146457495007,-0.6215815605080607,,-0.5555555555555556,0.053901128997757515,3.5,-0.6941598687668337,0.5,-8.386637423748085e-05,-0.002201474794551276,-0.0012001059451335339,2.5795961203401947,-0.002522545295640583,3,-0.1706938699032482,-0.002285341168788757,9.195397875716438e-05,-0.0023772951475459214,-0.00014804748605901086,-0.002137293682729746,-0.001483719470795286,-0.0008016216979934709,-0.0020768646399424995,-0.000564420758089601,-0.0015124438818528985,-0.0014168733262636124,-0.0006599913136788871,-0.004219042637349513,0.002142177997407013,-0.0026825654756237327,0.003016742114700932,-0.005699307590324665,0.003447658367816908,-0.006130223843440641,0.003213104671841327,-0.00589567014746506,-0.0804437319163475,0.00039009372814976525,0.013731251910260795,-0.06864606469763002,0.3974358974358974
2026-09-14 12:10:00-04:00,0.0054179454045551,0.005849831455011084,0.9261711976185864,0.0,0.0004318860504559844,0.005849831455011084,0.9980084745493407,0.9973857534270952,0.002247335263896496,0.9510681124601287,0.9093349679743796,0.0513223080882237,1.010839227617345,1.0011722377157486,0.0050994512724933825,0.3180227284090735,1.3140143364691754,0.49549970346906513,-0.5303948353054374,,-0.5555555555555556,-0.0112109574549504,-8.5400390625,0.9260676113730442,1.0,9.103266779745638e-05,0.0054979981322679965,0.006108895862806274,2.5817952647869897,0.0053605456140105884,3,0.09899643158872329,0.005589030800065453,8.849856887227503e-05,0.005500532231193178,0.0006981644730872372,0.004890866326978216,0.0009086639526858509,0.004680366847379602,0.0007453513331772132,-0.0003709783701181246,0.0011163297032953379,-0.0004896827414735405,0.0012350340746507538,-0.0030750127321884646,0.003820364065365678,0.0028718161342924375,0.0037400047435933725,-0.000868188609300935,0.004715669559993918,-0.0018438534257014805,0.004964867159716002,-0.0020930510254235646,0.07382412878516349,0.000553294105245947,0.007308325314877536,-0.06864606469763002,0.41025641025641024
2026-09-14 12:15:00-04:00,0.005768219629923503,0.0075846513112386065,0.7605121703321958,0.0012174447377522786,0.0005989869435628256,0.00514976183573405,0.9911448728232081,0.9937852914935831,0.004102392488448653,0.902248058552849,0.6349673730456131,0.8188554057929969,1.0027348598746806,0.9956436149899495,0.004908866635484939,0.561438846865363,0.8539330016798036,0.5150055008418888,-0.4924101124010708,,-0.5555555555555556,-0.3585361115962906,-8.3199462890625,0.7604468960573729,1.0,0.0036764731561197785,0.0017382547894915965,0.003241273869154293,2.558020519454836,0.002449889330488534,3,0.6111693026342326,0.005414727945611375,0.0011590362909812413,0.004255691654630134,0.001867555885592509,0.003547172060018866,0.004689501663228679,0.000725226282382696,0.008723464153811644,0.0013397061368898289,0.007383758016921815,0.0024185966923093716,0.006304867461502273,0.004110394896514213,0.004613069257297431,0.00832844459823523,0.004320873743276499,0.004007570854958731,0.0053960430571518,0.002932401541083429,0.006876195712064659,0.0014522488861705707,0.1879751979916703,0.003309315502473395,0.11488467066910095,-0.06864606469763002,0.4230769230769231
2026-09-14 12:20:00-04:00,0.0007704878188547411,0.004823848131381294,0.15972472554479258,0.00018131914817939846,0.003872041164347154,0.004461209835022497,0.9934042429344516,0.9946350791886536,0.005079939524944151,0.9404069860189793,1.143069727279269,0.5765554524857592,1.0069423202181926,0.9948262575768239,0.004228901273367601,0.5827958371725745,1.479401309635173,0.42048006467929655,-0.8115026712006883,,-0.5555555555555556,-0.2425907730289102,0.72998046875,0.15970328872126488,0.75,-0.0001454824577054037,0.0006180045475203677,0.0013680544399591321,2.9390223820138246,0.0002795731414793649,3,-0.1766097199987201,0.000472522089814964,6.565072437569874e-05,0.0004068713654392653,0.00011257090743566067,0.00035995118237930335,-0.00011980582194137668,0.0005923279117563407,0.011511757735806594,0.00131337006558363,0.010198387670222964,0.002679884099532348,0.008831873636274246,0.005481949771743322,0.006029807964063272,0.010427258060152766,0.003758884026812126,0.0066683740333406405,0.004976171805972873,0.005451086254179893,0.005492671107082847,0.004934586953069919,0.24111294822775653,-8.345199397543086e-05,-0.042582890274569976,-0.06864606469763002,0.4358974358974359
2026-09-14 12:25:00-04:00,-0.001442736707579746,0.004328210122739238,-0.3333333333332835,0.0002199486386363911,0.002665524776523101,0.0010028394303069638,0.9922704280104864,0.9975729091753344,0.004827938747882956,0.8274999521417702,1.7090960860328097,0.06412681203246413,1.0026855104000156,0.9960841651851081,0.004057850072422377,0.654867734632032,2.1643559585605714,0.24893363767488091,-0.8495907904857467,,-0.5555555555555556,0.2403344072178175,-2.159912109375,-0.3332835147333644,0.5,-0.0010528592330822188,-0.0003446085023068497,-0.0005953662900730627,2.919926753439043,5.791839817583444e-05,3,-0.4627406264672346,-0.0013974677353890685,-0.000498432411652372,-0.0008990353237366966,-0.0008370177338893336,-0.0005604500014997349,-0.0012182530620423737,-0.00017921467334669483,0.004484110061096391,0.0007257202336476976,0.0037583898274486938,0.0011416617143902297,0.0033424483467061616,0.0033453145881430224,0.001138795472953369,0.001902014742575453,0.0031925551401166263,-0.0012905403975411733,0.0038866511871167297,-0.0019846364445412767,0.0034258550753885064,-0.0015238403328130534,0.05100065655138417,0.0006466650953416852,-0.02360007576282778,-0.06864606469763002,0.44871794871794873
2026-09-14 12:30:00-04:00,0.0001750123367082284,0.0024629109536123154,0.0710591409939098,0.0016009039877731889,0.0006869946291308984,-0.000738897021934062,0.9901952493730679,0.9997278290773567,0.0023293164138833648,0.8118152291130497,2.0595953116799812,-0.030856827110042236,0.9985153450339564,0.9963520782361274,0.004114904191607349,0.6438039852903209,2.7518776605049857,0.0944809366414683,-0.3471825374147068,,-0.5555555555555556,0.42891218345502785,-0.300048828125,0.07104044577943959,0.75,-0.0003663853143511438,0.0001719814102651614,0.00032541368208860444,2.6935028882458187,5.3050132748223725e-05,3,-0.6235651012427466,-0.0001944039040859824,-9.187071523630852e-05,-0.00010253318884967388,-8.446791443739166e-05,-0.00010993598964859075,-0.0008797937409064094,0.000685389836820427,-0.001119829942618611,-0.0005246453619924818,-0.0005951845806261291,-0.000808947764265322,-0.0003108821783532889,-0.0022165295836589216,0.0010966996410403107,-0.003506517994444791,0.001505010537881546,-0.005011528532326337,0.0009355138823516906,-0.004442031876796482,-0.002136809434286069,-0.0013697085601587222,-0.10927577744422963,0.0001212234901333608,0.06814056122539089,-0.06864606469763002,0.46153846153846156
2026-09-14 12:35:00-04:00,0.0018919921694413803,0.0027212860073491966,0.6952566412833315,0.0004275786826637725,0.0004017151552440437,0.0018661286420216514,0.9936945852629877,0.9989458450512536,0.0008805410015657263,0.9444050226760072,1.3040523615207467,0.43320427543501316,0.9984187517880815,0.9943949724359148,0.004203715489958575,0.7603244406234669,1.8614409518807322,-0.00607468192259974,-0.4861724348043972,,-0.5555555555555556,0.4886658286184914,-3.1600341796875,0.6950911414686126,1.0,-0.001814658255704334,0.0038624663922115126,0.0015985790272106115,2.471775150020532,0.0017234861141039554,3,-0.3878409093719626,0.0020478081365071787,0.0001312101638373253,0.0019165979726698534,0.0003519936971128068,0.001695814439394372,0.00024014393000793,0.0018076642064992487,0.0004529488788547198,-0.00045912461947095196,0.0009120734983256717,-0.000569745582325365,0.0010226944611800848,-0.0018573346373376154,0.002310283516192335,0.002538318542831597,0.0011166258175339117,0.0014216927252976852,0.0009297622369324188,0.001608556305899178,-0.0018971786460934004,0.004435497188924997,0.08389442569776871,-0.0007942237698822483,-0.032537690353861164,-0.06864606469763002,0.47435897435897434
2026-09-14 12:40:00-04:00,0.0007632528119778103,0.0028823729976852892,0.26480015341198887,0.00023349250620922666,0.0018856276794982525,0.002415387985266836,0.9985489057655885,0.9987098666833308,0.0011355410367694238,0.9600966209650239,1.2305739743058433,0.27836209830816316,0.9908441642672443,0.9943289641912455,0.00435048643955784,0.7903739079160881,2.289215965602984,-0.0880633690820735,-0.4861724348043972,,-0.5555555555555556,0.5233784484794349,0.81494140625,0.2647407403187494,1.0,-0.0009917151956163606,0.001518745303592861,0.00012562901569856955,2.4116560081003344,-0.00029582157298794294,3,-0.4385826130454509,0.0005270301079765005,0.00034119778202224005,0.00018583232595426047,0.0005771146466853061,-5.008453870880558e-05,0.002080849480437852,-0.0015538193724613514,0.002381012828522211,0.0003805385946711315,0.0020004742338510795,0.0008447650730758482,0.0015362477554463627,0.0014396569378003488,0.0009413558907218622,0.0028553231460637374,0.0002886413617464445,0.002566681784317293,0.000654566367179088,0.0022007567788846494,-0.000798252089117879,0.0036535752351816164,0.09341113064097353,-0.00023114624190995973,-0.04096849776404816,-0.06864606469763002,0.48717948717948717
2026-09-14 12:45:00-04:00,0.0004556569994004264,0.002895690368484095,0.15735694822884772,0.0010956282413288867,0.001344405127754782,0.0007044338858263216,0.9985560477301582,0.9985341072898573,0.0013890982932539904,0.8339789574365515,0.7743848257006152,0.5874696962156591,0.9898470651940231,0.9943740988606903,0.00444607622174916,0.816921504993961,1.4115746753246754,-0.04266912213915961,-0.4435776522811292,,-0.5555555555555556,0.5321158057496549,-0.719970703125,0.1573218315955196,0.25,0.0026083129290538722,-0.0021429465109929304,-0.0014226440385236572,1.9029451331720417,-0.001915888571463231,3,-0.2614789729105893,0.0004653664180609418,0.0012513524157971023,-0.0007859859977361605,0.001498104381532528,-0.001032737963471586,0.0011680206440292107,-0.0007026542259682689,0.0030424826645885084,0.001724396335119005,0.0013180863294695033,0.002428808071655464,0.0006136745929330445,0.0034922253097289246,-0.0004497426451404163,0.009354521014835804,0.002342721532583081,0.007011799482252723,0.003071428381019814,0.00628309263381599,0.002769736869809858,0.006584784145025946,0.371092935863833,-0.00012168353302165498,-0.09703299972405025,-0.06864606469763002,0.5
2026-09-14 12:50:00-04:00,0.0013634564954862413,0.004509105981023903,0.30237845400485347,0.002606654393192464,0.0005389950923451973,-0.0007042028053610258,0.995706746795003,0.9979369042901504,0.0016328695682054034,0.672479564032643,0.6506413609305337,0.8837903607265327,0.9884232498596662,0.99350314798143,0.004574498313025247,0.858170787172482,1.0296364791152954,-0.022709023250909233,-0.5619514869490164,,-0.5555555555555556,0.4747710475470193,-2.260009765625,0.3023351393938105,1.0,-0.0021944216117284476,0.00365454135195753,0.002520097364601015,2.007619103756838,0.0019964880675588906,3,0.04592752179992576,0.0014601197402290822,-0.00026716637948209776,0.00172728611971118,-0.0002879594953550946,0.0017480792355841768,-0.0006680789015972577,0.00212819864182634,0.0024542109042497984,0.0013253851870664857,0.0011288257171833127,0.0017875262828559446,0.0006666846213938538,0.002581049572686789,-0.00012683866843699043,0.012346625846349601,0.0016145077525935303,0.010732118093756071,0.0024775081460330917,0.00986911770031651,0.001959590920063814,0.010387034926285788,0.4895603822433245,6.705968119987312e-05,0.022484295127860276,-0.06864606469763002,0.5128205128205128
2026-09-14 12:55:00-04:00,0.002831226452533795,0.0035599151616140393,0.7953072823369266,0.00023216324579490482,0.0004965254632853391,0.0030955886700242295,0.9923921153265226,0.9963298203392748,0.0022438228607894,0.9713614248394438,0.8797507788161993,0.614237986225424,0.9852986662513291,0.9911234541810826,0.004870841926296927,0.9878588014425832,1.2401562125569134,-0.06738562327503553,-0.2611164839335471,,-0.5555555555555556,0.44822880715423896,4.875,0.7951632283516518,0.75,0.0017406091548085219,0.001404379747639443,0.0028148921532280546,2.01880369278438,0.003568224789480817,3,-0.11905746748813029,0.003144988902447965,-0.00020964687579361208,0.003354635778241577,0.00014046249376997721,0.0030045264086779877,3.989106511403939e-05,0.0031050978373339255,0.005077212321021651,0.0007739985797883264,0.004303213741233325,0.0013503459059398537,0.0037268664150817976,0.0005390723896774308,0.0045381399313442206,0.012742208375427388,0.0015097137040531727,0.011232494671374216,0.002849102307063589,0.0098931060683638,0.002240035078827196,0.010502173296600192,0.4981305070785871,-0.0003744344140037291,-0.05930615665135473,-0.06864606469763002,0.5256410256410257
2026-09-14 13:00:00-04:00,0.002341447771517916,0.004766521482090347,0.4912277811639618,0.0014537564654040274,0.0009713172451684035,0.0018590085512822918,0.9923311227752039,0.9957663636373606,0.003079748474587783,0.8707826742416342,0.7228545734840698,0.7560009294845433,0.9816459750967912,0.9899548824600071,0.005117519656632201,0.9323348391152155,0.8822210089071599,0.044363580105851466,-0.6741998624632379,,-0.5555555555555556,0.1414218680160555,-3.280029296875,0.49116149786681834,1.0,-0.00018556799242608335,0.0022949659057314165,0.001967964284201207,1.8601062554352619,0.0026946919935134993,3,0.11023287933372727,0.002109397913305333,-0.00031465626143556413,0.0024240541747408972,-0.0002669098492906752,0.0023763077625960083,-0.00034920037134356097,0.002458598284648894,0.006728822309405524,-0.0007912634914623018,0.007520085800867826,-0.00041440791918612163,0.007143230228591646,-0.000977195485473703,0.0077060177948792274,0.01746000015303628,0.001746885089032979,0.015713115064003302,0.0036243229624921547,0.013835677190544127,0.004401105520307702,0.01305889463272858,0.6916722976173185,0.00023252500564420288,0.07624502892173177,-0.06864606469763002,0.5384615384615384
2026-09-14 13:05:00-04:00,0.005064156209910199,0.005793759270766517,0.8740708706110338,0.0005227334228672226,0.00020686963798909557,0.0047482924250320715,0.987369901100062,0.9927920870077634,0.004795289855748627,0.9640518652536837,0.6734176213058037,0.8975581092424944,0.9831545705345682,0.9853289582957437,0.006142214500492769,0.9796823309929422,0.625743193495523,0.2472061340952036,-0.6741998624632379,,-0.5555555555555556,-0.9020006415507824,-8.655029296875,0.873974111469563,1.0,-0.0005140220125635642,0.006068384210374478,0.005436469554347845,1.863383747604743,0.006067353324061089,3,0.7156241553491947,0.005554362197810914,-0.0002753008482067054,0.005829663046017619,0.0,0.005554362197810914,0.00024953337380950735,0.005304828824001406,0.010844604661916835,-0.000799393695796069,0.011643998357712904,-0.00012648484634358859,0.010971089508260423,-5.986704886573602e-05,0.01090447171078257,0.025454855714168945,0.0013790225365133413,0.024075833177655603,0.0037729290212078492,0.021681926692961095,0.006144573410830745,0.0193102823033382,0.8877113213644925,0.003974835756311932,0.6352676645453824,-0.06864606469763002,0.5512820512820513
2026-09-14 13:10:00-04:00,-0.0005533541604498059,0.004270111919462044,-0.12958774170009008,0.0022617883948453004,0.0014549693641669375,-0.0013601731911281687,0.9882171780193963,0.9955383877146593,0.004640158961008414,0.8126797866660793,0.8413032835612128,0.8719550569895982,0.9886865113128263,0.9862814392711009,0.00690608567945526,0.8976201739898774,0.6693534286813302,0.3236077131215327,-0.40599897147057323,,-0.5555555555555556,-0.9023536355018921,-0.6148681640625,-0.1295683797123932,0.5,0.0004384580976119305,-0.000830869941671845,2.7104158321522576e-05,1.6486311250294372,0.00019144624034879594,3,0.6098594532518282,-0.00039241184405991447,-0.00035414719250692617,-3.8264651552988305e-05,0.00011946825733555322,-0.0005118801013954677,-1.9977179726571315e-05,-0.00037243466433334316,0.007280052679210058,-0.0009438087760375025,0.00822386145524756,-0.00014747347920973652,0.007427526158419795,-0.00011972932160120298,0.007399782000811261,0.01935524721037085,0.0009358055807195953,0.018419441629651256,0.003192454692263258,0.016162792518107594,0.005211074411698435,0.014144172798672416,0.8286515038655279,-0.0002393160726679211,0.5053609530837361,-0.06864606469763002,0.5641025641025641
2026-09-14 13:15:00-04:00,0.001181260135011626,0.004697913806049932,0.2514435521337682,0.0022394366120330605,0.0012772170590052455,0.0002190405819838108,0.9886691871511505,0.9968077583106655,0.0037277155211063646,0.8373161036048402,1.0760806853446392,0.7779829050007201,0.9837516497224698,0.9861063334160449,0.007626348034761892,0.919853706302269,0.8268952969972463,0.38177392083246636,0.04708816093480089,,-0.5555555555555556,-0.8437380013298591,1.56982421875,0.2514093790131931,0.75,7.976393582853625e-05,0.0009224987930833706,0.0011248677841398935,1.1876982215970282,0.001204848167521002,3,0.3741791090719755,0.0010022627289119068,-0.00017056979199370215,0.001172832520905609,-0.0002178984776605164,0.0012201612065724232,-0.000918055017033903,0.0019203177459458098,0.006167204931069037,-0.0007998129874935422,0.006967017918562579,-9.84562522764465e-05,0.006265661183345483,-0.0006887145485633406,0.0068559194796323775,0.014881601214587148,-0.00039350403695914693,0.015275105251546295,0.0011042424634808423,0.013777358751106306,-0.0003993933657191473,0.015280994580306295,0.7889590803981367,0.0003750257749603042,0.29521200579761986,-0.06864606469763002,0.5769230769230769
2026-09-14 13:20:00-04:00,0.001470160003114416,0.0028064001245766343,0.5238597270002139,0.0011576283723284152,0.0001786117491338031,0.0004911433799198038,0.9903478220441595,0.9973002201302994,0.002872676484072169,0.9036653556826465,1.5652766639935847,-0.2786377638900054,0.982539548273407,0.9855568198798637,0.00832441373147791,0.9590583531368277,1.1916190858059341,0.3311148993401194,0.32930650879607465,,-0.5555555555555556,-0.6066386585749507,2.2650146484375,0.5237406923828654,1.0,0.0008610149402543676,0.0005836479316450038,2.9854438083898316e-05,1.5379837124335098,0.0009603100374076204,3,-0.049381106697251265,0.0014446628718993715,0.00031492715467407173,0.0011297357172252998,0.00046385351972455524,0.0009808093521748162,0.0004394838536778689,0.0010051790182215026,0.0020550009177311424,-0.00020989465161691534,0.0022648955693480577,0.0003653515981687505,0.0016896493195623918,-0.0004989422448771208,0.002553943162608263,0.01586774303432148,-0.000144342055606983,0.016012085089928463,0.001455873393533924,0.014411869640787556,0.00015973992073714527,0.015708003113584335,0.7995200706761592,-7.13390514188203e-05,-0.03948118591665329,-0.06864606469763002,0.5897435897435898
2026-09-14 13:25:00-04:00,0.00022068248701081531,0.002845405390620435,0.0775574853896817,0.000299164639081563,0.0023255582645280567,0.002247076112457309,0.9916946913022429,0.9982154765596789,0.0013619143928307101,0.9517151173500626,1.7405852839544735,-0.9803753014032864,0.9759369322952565,0.9860229499546613,0.00869735194425951,0.9855652331949848,1.4345128165082093,0.23411206818672334,0.10502100630210094,,-0.5555555555555556,-0.2802760258974695,1.175048828125,0.07754013848887156,0.5,0.0012119686913876215,-0.0004635847606351273,-0.00035830852256935053,2.0858891090031464,-0.0003188310805649064,3,-0.09222454873070396,0.0007483839307524942,0.0005116355451069143,0.00023674838564557987,0.0005871782190058905,0.0001612057117466037,0.00035940312026250254,0.00038898081048999167,0.003198589786724604,0.0006560130216022309,0.002542576765122373,0.0008331765481897069,0.002365413238534897,-0.00011974365842826185,0.0033183334451528657,0.01805069512841051,0.0008660837348304362,0.017184611393580074,0.002883337608286185,0.015167357520124325,0.001739572753902019,0.01631112237450849,0.9383683018185257,-6.901937029095917e-05,-0.08654059317841055,-0.06864606469763002,0.6025641025641025
2026-09-14 13:30:00-04:00,-0.001212390074949869,0.003080426407028988,-0.39357865267716147,0.0012854986337789511,0.0005825376983001677,-0.0019153510104286523,0.9984706353191375,0.9997903492351427,0.0012458148769732395,0.5743168096599314,1.1588433026201266,-0.9952057284506303,0.9757120304550562,0.9884908481980511,0.008704351289964739,0.9139696615353128,1.082035025060776,0.29898873413422034,0.255945348444496,,-0.5555555555555556,0.005180631945819736,1.9949951171875,-0.3934973509975189,0.5,-0.0011232185078533148,-0.00014643576830934246,-0.0005169792327380796,0.9705167373951719,-0.0012187818984449735,3,0.016355362907254145,-0.0012696542761626572,-5.2417826254314015e-05,-0.0012172364499083432,-9.544936171457241e-05,-0.0011742049144480848,-0.000648679007141606,-0.0006209752690210513,0.0009216879050146787,0.0007742626663869157,0.00014742523862776302,0.0009557543953937486,-3.406649037906995e-05,0.00014984759499792055,0.0007718403100167581,0.01695582289224351,0.0009055744213555261,0.016050248470887984,0.0028723235674561476,0.014083499324787363,0.0019712933949302958,0.014984529497313215,0.8336859792146368,-2.0765656453387334e-05,0.013635236740744922,-0.06864606469763002,0.6153846153846154
2026-09-14 13:35:00-04:00,0.001899443853234894,0.0033845612064502973,0.5612083036390584,8.924553906523118e-05,0.001395871814150172,0.003206070128319835,0.9964565166490055,0.9988739569738739,0.0010152909940687972,0.851432581294262,1.2289181718353592,-0.969700062687648,0.976807999319696,0.9880437258452254,0.008821258158070945,0.9699746064535251,1.3531712673709722,0.2362561746538008,0.5066403971048993,,-0.5555555555555556,0.2707887608037675,2.554931640625,0.56110263333014,0.75,0.0010892088655585959,0.0005388671616248046,0.001392678926209756,1.3137903313016468,0.0013352486124657247,3,-0.20473862433543766,0.0016280760271834005,0.0002228874788776647,0.0014051885483057358,0.0002877464568111776,0.0013403295703722229,0.0002496679373764632,0.0013784080898069373,0.0011050052781824693,0.0006821807268091451,0.0004228245513733242,0.0007795607454257336,0.0003254445327567357,-3.99133678826713e-05,0.0011449186460651406,0.01652984619815201,0.0009973227187183298,0.01553252347943368,0.0028079144598918138,0.013721931738260196,0.0019808338858207097,0.0145490123123313,0.8304163840934058,-0.000333330046119034,-0.17001830810489232,-0.06864606469763002,0.6282051282051282
2026-09-14 13:40:00-04:00,0.0006939054137522743,0.0026971308421644565,0.25727539906638314,0.0007894155216592678,0.0012138099067529144,0.0011182997988459207,0.9974488759794161,0.9993778208461702,0.0007230380436314185,0.792078099042307,1.2894805741268878,-0.9002682915106576,0.9743234221064954,0.9893212627761029,0.00858555402610155,0.9701940238201421,1.65924891299266,0.09882929090732481,0.17677669529663728,,-0.5555555555555556,0.4147672514122808,0.010009765625,0.25721468614335025,1.0,-0.0006512368230554196,0.000657604966186461,0.0004374808188778445,1.388649724047847,0.0003887005133235739,3,-0.1624416417929443,6.368143131041393e-06,-0.00027532671743746295,0.00028169486056850435,-0.00014597347086364731,0.0001523416139946887,0.00027952660490582204,-0.00027315846177478065,0.00036272506977930163,-0.0001049156797243711,0.00046764074950367274,4.6268092752210777e-05,0.00031645697702709086,-0.00011975799868912951,0.00048248306846843114,0.016000856564570176,0.0003803938401338858,0.01562046272443629,0.0020832142078917038,0.013917642356678472,0.0001796907965592176,0.01582116576801096,0.8258624411023282,-1.0344516253788247e-06,-0.13415445082779096,-0.06864606469763002,0.6410256410256411
2026-09-14 13:45:00-04:00,0.002016144215217281,0.0038387404490515024,0.5252098291029568,0.0014437297480141922,0.00037886648582002896,0.0009512809530231178,0.99658203125,0.9977524651152412,0.0014229796419834996,0.7953086990500003,0.8124230730608673,0.22429028043818544,0.9698508410028562,0.9885430057856137,0.008017655773486135,0.9547534872856525,1.0171118506935977,0.13884404265142183,-0.0737878451914928,,-0.5555555555555556,0.6707631821177045,-3.6400146484375,0.5251228272585519,1.0,0.00018432368185794523,0.0021314135227019637,0.0013900581535231105,1.0090328512825515,0.0022760039918430044,3,0.12098749946731835,0.002315737204559909,3.9377521422023776e-05,0.002276359683137885,0.0003284882600147476,0.0019872489445451613,0.0004391855626930674,0.0018765516418668415,0.003953976709878404,-1.3125151359427711e-05,0.003967101861237832,0.00047026579957698544,0.0034837109103014186,0.0009686823390593347,0.0029852943708190693,0.017879960396795402,-0.0008305267935652116,0.018710487190360614,0.0009129147561881545,0.016967045640607248,-0.0005484247956902832,0.018428385192485686,0.8413204984525409,0.0002801752538031413,0.1017892633583708,-0.06864606469763002,0.6538461538461539
2026-09-14 13:50:00-04:00,0.001479240755617197,0.002636917543139678,0.560973459130453,0.0010539764767703167,0.0001037003107521644,0.0005289645895990449,0.9961581534743509,0.9973506326707013,0.0020389699717463803,0.8653657667289684,1.087039161694967,-0.0076936858522035296,0.9741275321551403,0.9886772286296851,0.00784216245104187,0.9622118791246741,1.3293531054000307,0.14225522024039494,-0.22395700438234264,,-0.5555555555555556,0.7978889972666706,1.8499755859375,0.5608384214105694,1.0,-0.0005610591444992578,0.0017352740514732603,0.001385896288092714,1.0081375617720898,0.0009627428499553593,3,-0.19550741905039537,0.0011742149069740027,0.00020976508071668398,0.0009644498262573187,0.0001683870236128815,0.0010058278833611212,0.0006385460004312282,0.0005356689065427744,0.0034990616696417565,-2.6244453158796865e-05,0.0035253061228005533,0.0003508845872404187,0.0031481770824013378,0.0013578399412501607,0.0021412217283915957,0.017589367896291064,-0.0003538640894739098,0.017943231985764974,0.0013698094477920808,0.016219558448498983,0.0007583565538917814,0.016831011342399282,0.8393175882607143,-0.00022956772587298736,-0.16409281544445467,-0.06864606469763002,0.6666666666666666
2026-09-14 13:55:00-04:00,0.0005387537078487897,0.003562134597435384,0.1512446240062288,0.0021042576243940373,0.0009191232651925567,-0.0006463806513526912,0.9941559337405953,0.9977801812603219,0.001951153370727529,0.781011200669895,0.7247823465573375,0.731775573419886,0.9786762069766571,0.9890105825924143,0.007958650752327158,0.9235412361714177,0.8136398167128903,0.3277656474920239,0.2738612787525817,,-0.5555555555555556,0.2796459199213882,-1.1700439453125,0.15121771633146122,0.75,6.580789675377415e-05,0.0006759703791027564,0.0013059506992405545,0.991987232015617,0.001313989259880581,3,0.47378447879068997,0.0007417782758565306,-0.0005768330131239452,0.0013186112889804757,-0.0004517253338699456,0.0011935036097264762,1.9960846313171743e-05,0.0007218174295433588,0.004237040348220367,-0.0003278258693988345,0.004564866217619201,4.498078677817041e-05,0.004192059561442196,0.0010979943676538984,0.0031390459805664683,0.015151553213978097,-0.0007209972611385007,0.015872550475116598,0.0007768937180927526,0.014374659495885345,0.0007384120164877217,0.014413141197490376,0.8186321915135475,0.00035144303380494295,0.3878552261775264,-0.06864606469763002,0.6794871794871795
2026-09-14 14:00:00-04:00,-0.0015932687854416853,0.0056212545752441926,-0.2834365112119642,0.0020497588907885896,0.001978226899013918,-0.001664800777216357,0.9973604011688313,0.9998972013389852,0.0016004101579596924,0.5507370441097192,0.7316300032192296,0.6228859853447855,0.980698064252881,0.9915508129165062,0.007879131550281963,0.8629235026004091,0.7367786243159137,0.40019479818774367,0.5510140510374526,,-0.5555555555555556,-0.277553878667563,2.510009765625,-0.2834045721522208,0.25,-0.0007244974851284466,-0.0008656057347029936,-0.0009776255717456328,-0.09918248187723576,-0.0016031101419249157,3,0.34414146731957795,-0.0015901032198314402,-0.00013114132503333487,-0.0014589618947981053,-0.00016569319771164714,-0.001424410022119793,-0.00013960142515168084,-0.0014505017946797594,0.0003237129581878939,-0.0004982821032211149,0.0008219950614090088,-0.0004490606128191299,0.0007727735710070238,0.0005188262372377572,-0.0001951132790498633,0.011403904175618873,-0.0005375569178501793,0.011941461093469052,0.0008782160481803913,0.010525688127438482,0.0009482390047224065,0.010455665170896467,0.6344222857541315,-0.0005472204552623772,0.2183310163196674,-0.06864606469763002,0.6923076923076923
2026-09-14 14:05:00-04:00,0.0020714928751239935,0.003464079460072008,0.5979923090680357,0.00036795388827584754,0.0010246326966721665,0.0027281716835203126,0.9952070885686968,0.9986906403437565,0.0010457794984881658,0.7615389261338861,1.1997484909456742,-0.3285362097332352,0.9772069678455108,0.9905433942274378,0.0076501602759967355,0.9398151253330497,1.1629703219315897,0.3164267592173308,0.5909090909090915,,-0.5555555555555556,-0.6450690132347543,3.4200439453125,0.5978828059393164,1.0,0.00017849092225663554,0.0019915739403524313,0.0009838931151182617,0.013765474675861233,0.002166814374422372,3,-0.19080524646927044,0.002170064862609067,0.00023613338902106484,0.001933931473588002,0.000301878941488809,0.0018681859211202578,0.0003240982475991583,0.0018459666150099086,0.001318716934856079,-0.0004719324610077402,0.0017906493958638192,-0.00031565110533549046,0.0016343680401915694,0.00020441610599308824,0.0011143008288629908,0.007999919601146877,-2.625684429069519e-05,0.008026176445437572,0.0011803601046003198,0.006819559496546557,0.001022855964412317,0.0069770636367345595,0.5503910039609585,-0.0004140597609644265,-0.1050174911652399,-0.06864606469763002,0.7051282051282052
2026-09-14 14:10:00-04:00,-0.003525494392028728,0.004528801423158622,-0.7784608028959176,0.0,0.0010033070311298935,-0.002522187360898834,1.001618001796883,1.0024781681509667,0.0016074612559194552,0.15128441329771522,1.3205134688320528,0.24870362265836596,0.9810389032075766,0.9955690389469771,0.00706225172777868,0.7727059808134108,1.3656598268987648,0.13348538117935496,0.04928640580901477,,-0.5555555555555556,-0.5266198104049823,-6.47509765625,-0.7783519242702112,0.25,-0.0005201577688398832,-0.0035794841501146277,-0.003761844926833957,-0.3093442436693114,-0.004136144166909096,3,-0.20086852993381887,-0.004099641918954511,-0.00011799879487528475,-0.003981643124079226,-0.00010527881152988527,-0.0039943631074246255,0.00019494353938620534,-0.004294585458340716,-0.0035254943920287607,-1.3050083016108438e-05,-0.0035124443090126523,3.084258075292112e-05,-0.003556336972781682,0.00037943107489990524,-0.003904925466928666,0.004261565009090917,0.00020996901155290182,0.004051595997538016,0.0009553746318835543,0.003306190377207363,0.0012380008144516896,0.0030235641946392278,0.23309943813997902,0.0008234890455154528,-0.04682234146757674,-0.06864606469763002,0.717948717948718
2026-09-14 14:15:00-04:00,-0.0016340614973386544,0.0031014881492899197,-0.5268636920996893,0.0012194535122154906,0.00024797313973577473,-0.0026055418698183704,1.0045279609459579,1.0033058740430023,0.0024447541660184645,0.03252868531169234,1.2748371884123062,0.5371088031916488,0.984747585515065,0.9980530117761968,0.006445318839965964,0.7012644061189279,1.3176903211318214,0.03529613886550808,0.31028580141904516,,-0.5555555555555556,-0.503655054065936,2.7149658203125,-0.5267557072457206,0.5,-0.001453008539626673,-0.0002730204288838116,-0.0006905342224361455,-0.11539159952771551,-0.0017351104990742838,3,-0.18234942183308822,-0.0017260289685104846,-7.87018344573509e-05,-0.0016473271340531337,-0.0002245441971260309,-0.0015014847713844537,0.00041803710894483537,-0.00214406607745532,-0.003661156652239872,3.9395601016734005e-05,-0.003700552253256606,-2.8019986905158945e-05,-0.003633136665334713,0.0009373590819297117,-0.004598515734169584,0.0015243898878425366,0.0003018719343759191,0.0012225179534666175,0.0009487211134748819,0.0005756687743676547,0.0025769762767116067,-0.00105258638886907,0.08025528879852763,0.0003147403844750485,-0.014634505511459034,-0.06864606469763002,0.7307692307692307
2026-09-14 14:20:00-04:00,-0.002757933792794586,0.005203383135947452,-0.530027046008034,0.0013821935957404458,0.0010632557474124203,-0.0030768716411226113,1.0082073331067618,1.0045929005442007,0.0033745271785690103,0.09399336032276825,0.804948879576481,-0.15257728688146138,0.9881424163741547,1.0015590517956188,0.00572790780962725,0.5606009341082033,0.8538607364627719,-0.1984603817922983,0.45883146774112393,,-0.5555555555555556,-0.29797663612692427,4.5699462890625,-0.5299621736902579,0.25,4.090718511177519e-05,-0.002951256123798799,-0.0026275897235080725,-0.07468069055107882,-0.00292632051319526,3,0.4392340843933038,-0.002910348938687024,-0.00021386484766516833,-0.0026964840910218557,-0.0004984612568695868,-0.0024118876818174373,-0.0003287808705596529,-0.002581568068127371,-0.008712009584277092,-0.0004105141249119981,-0.008301495459365094,-0.0008280962335712738,-0.007883913350705818,0.0002840797083001334,-0.008996089292577225,-0.002830968633959041,-0.00022691316664047445,-0.0026040554673185667,-1.4060042037855602e-05,-0.0028169085919211856,0.0018070701138328538,-0.004638038747791895,-0.1385362253225334,-0.0012783244513492184,-0.060849832084847386,-0.06864606469763002,0.7435897435897436
2026-09-14 14:25:00-04:00,-0.0004962103320319447,0.0029519133034286403,-0.16809786773056312,0.0016197422139747554,0.0008359607574219401,-0.00127999178858476,1.0074804050999102,1.0039712944721633,0.003881935203460537,0.07691645257129283,1.1104175022789426,-0.30915564316478084,0.9894628201392545,1.002957744841244,0.004902428128539414,0.49476713302210273,1.3228395624430265,-0.2897230989514666,0.6215815605080616,,-0.5555555555555556,-0.2887841018904776,-1.3616943359375,-0.16806149074610424,0.25,-0.00010456772416322924,-0.0007651521387180837,-0.0004691568597144924,0.19807384154492544,-0.0008421182295775491,3,-0.03630503361512116,-0.000869719862881313,-0.00013935021953670468,-0.0007303696433446083,-1.4060239725388612e-05,-0.0008556596231559244,-0.0008271798689516441,-4.2539993929668896e-05,-0.00549704644244875,-0.000431859303217319,-0.005065187139231431,-0.0007369436030819632,-0.004760102839366787,-0.0007381347904449331,-0.004758911652003817,-0.004443284994850805,-0.000877418392446927,-0.0035658666024038776,-0.0006149372253367869,-0.003828347769514018,0.0006187699647426381,-0.005062054959593443,-0.21634073457654046,3.1575208857644634e-05,0.007854257641121307,-0.06864606469763002,0.7564102564102564
2026-09-14 14:30:00-04:00,0.0010673730786835975,0.00215089601682831,0.4962457833071905,0.00038346163889553997,0.000700061299249172,0.0013839727390372297,1.008382815854878,1.0010180864818607,0.0022899817272462176,0.2126317445335713,1.2673698433107417,-0.3186282886849028,0.9896475213017092,1.0022000127814152,0.004026983621545536,0.5149845696650884,1.5437313400309456,-0.22374041434564473,0.6615384615384613,,-0.5555555555555556,-0.3873169761221687,1.99169921875,0.49609836998632784,1.0,0.00035914744890086503,0.0009140665048872343,0.00036701764588342733,0.6432250688950787,0.0010966524582474465,3,-0.29097662804819635,0.0012732139537880993,0.000274494114235857,0.0009987198395522423,0.00030924388883235565,0.0009639700649557437,0.0007851899705586529,0.0004880239832294464,-0.002509133273100428,-7.878809812900123e-05,-0.0024303451749714267,-0.00020342909125126152,-0.0023057041818491664,-0.00037140624327325344,-0.0021377270298271744,-0.0019084971489222724,-0.00055077616863064,-0.0013577209802916324,-0.0002104542280905175,-0.001698042920831755,0.002054457477850269,-0.003962954626772541,-0.09281501685310373,-0.0003704755030571732,0.027007000636152637,-0.06864606469763002,0.7692307692307693
2026-09-14 14:35:00-04:00,-0.0008418346521972259,0.0020084114852225933,-0.4191544702820981,0.0008814430622478131,0.00028513377077755443,-0.0014381439436674847,1.0055315112368064,1.0011903615533397,0.0015588928218826384,0.11101627877929025,1.6716055454796963,0.18428043135632188,0.9940279811673444,1.003778700689096,0.0034784164784129406,0.38998552133796766,2.1249070117733857,-0.11502276114515117,0.41137667560372154,,-0.5555555555555556,-0.5240685009230541,-1.998046875,-0.4190212111587479,0.25,-6.0040835269485155e-06,-0.0012696435016818681,-0.0018776262152909728,0.9196047690018151,-0.001432496152319414,3,-0.39619034361151717,-0.0012756475852088167,0.00017056084569988528,-0.001446208430908702,0.0001809293132915002,-0.001456576898500317,0.00029179726677752704,-0.0015674448519863438,-0.0008737741374550412,0.00030568953331688853,-0.0011794636707719297,0.0004761620209434714,-0.0013499361583985126,0.0002491454329895948,-0.001122919570444636,-0.004801968222189146,-0.0006030623276157554,-0.00419890589457339,-0.00031721817054464196,-0.004484750051644504,0.0020966628228458184,-0.006898631045034964,-0.2380197166074501,0.0005053992551110832,0.0943011133090216,-0.06864606469763002,0.782051282051282
2026-09-14 14:40:00-04:00,-5.118284650592028e-05,0.0020717349440117394,-0.024705306368387664,0.0009841774783928025,0.0010363746191130168,1.0142942142941518e-06,1.0036881625338303,1.0003452366071588,0.0005880143018599884,0.17394777507135192,1.3174087619242474,0.45290823363921207,0.9960178331413098,1.0038700386965247,0.003111539065267347,0.2500816881515181,1.6984220352420654,0.1013834237754762,0.5843487097907778,,-0.5555555555555556,-0.6247137263227382,-0.16796875,-0.024697686760443583,0.5,0.0007086622307610849,-0.0006012860656790334,0.00017798977580885111,0.9653417326279168,0.0001073761650820515,3,-0.31955363163733663,0.0001073761650820515,0.0,0.0001073761650820515,-0.00018106796852790374,0.00028844413360995524,0.0008767783449248334,-0.0007694021798427819,0.00010331792564444164,0.0004451017778841493,-0.00034178385223970764,0.0003090724200833783,-0.00020575449443893667,0.0019549391785200765,-0.0018516212528756348,-0.004701445877690391,-0.0003278258693988345,-0.004373620008291557,-0.00035230665758478885,-0.004349139220105602,0.0026949995473506405,-0.007396445425041032,-0.23188355836445465,-3.431244350325973e-05,0.07409923319234979,-0.06864606469763002,0.7948717948717948
2026-09-14 14:45:00-04:00,-8.63236557958959e-05,0.002843607370354318,-0.03035709384348671,0.0006425882985240606,0.0021146954160343617,0.001385783461714405,1.001157430083706,1.0005039363785007,0.000608060262829881,0.4679770623185741,0.9256419971373243,0.07829581650142015,1.0019407326794703,1.0041645627036655,0.003217402071198713,0.15536886773517636,1.3149311694872443,0.2471979440240046,0.4588314677411239,,-0.5555555555555556,-0.5759660003922484,0.6099853515625,-0.03035026955210466,0.25,-7.992710655050732e-05,-0.00030997194104095033,-0.00010742465814783664,1.4139637658901356,-0.0006681558748710925,3,-0.32810854806078826,-0.00038989904759145766,0.0001967920494090336,-0.0005866910970004913,7.01947574544004e-05,-0.00046009380504585806,2.9892984936719103e-05,-0.00041979203252817676,-0.0015578518805436925,0.00036738646012746123,-0.0019252383406711537,7.00233296822006e-05,-0.001627875210225893,0.0011987593780247163,-0.002756611258568409,-0.00738814004978583,-0.00017046914228413534,-0.007217670907501694,-0.0006104243729853076,-0.006777715676800522,0.002284784086990399,-0.009672924136776229,-0.4036139223628906,0.00012792921039551735,0.13242917804360776,-0.06864606469763002,0.8076923076923077
2026-09-14 14:50:00-04:00,0.0018743003473227703,0.00304354280777732,0.6158284820351076,0.000510704500584387,0.0006585379598701626,0.0020221338066085458,0.9983707194769723,0.9989133922838963,0.0008500621234953924,0.8876217302439368,0.9017796772341646,0.4627564345432204,0.9996291600779605,1.0022596928089855,0.0031964000306818185,0.2963557645439549,1.2566583742637836,0.40994365925903437,-0.052631578947368245,,-0.5555555555555556,-0.3902324185978939,3.001220703125,0.6156991304265776,1.0,-0.00037039537951251883,0.0022895062533994834,0.0018484723229446054,2.4856000478779134,0.002505851599840521,3,-0.3792225465589689,0.0019191108738869644,-0.000236055968237725,0.0021551668421246895,-0.00019660008688460184,0.0021157109607715663,0.0006071982950814903,0.0013119125788054742,0.0016360038524321219,-3.9310372766387935e-05,0.0016753142251985098,-0.00030746420779848016,0.001943468060230602,0.0015144463796650243,0.00012155747276709761,-0.006649614666113468,-0.0006161207103695387,-0.006033493955743929,-0.0009751272752184237,-0.005674487390895044,0.0022533848087857855,-0.008902999474899254,-0.34973380439914686,-0.0007277701127244229,0.1326269439220008,-0.06864606469763002,0.8205128205128205
2026-09-14 14:55:00-04:00,-0.0016419932627862444,0.0031885353915662652,-0.5149678649103341,0.00030022303618447297,0.0012463190925955478,-0.0006958972063751696,1.001436931536546,1.0004197703859736,0.0007834789959151867,0.4924514367173791,1.070460974332111,0.4150823660238716,1.0024278999640903,1.0039380712243826,0.003311406253696726,0.1644178111649434,1.478132530120482,0.5432306704545474,-0.47088160934801193,,-0.5555555555555556,-0.3480152296475019,-2.80859375,-0.5148647938126899,0.5,-0.00032103101181039467,-0.0014714658214426042,-0.002734301604819578,2.1460685744545347,-0.00125193540179687,3,-0.49962025921977193,-0.001792496833252999,-0.00025188451007140955,-0.0015406123231815894,-0.0002808145301461673,-0.0015116823031068316,0.0004377262595134379,-0.002230223092766437,-0.0002667730325625062,-0.00029118498116387226,2.4411948601366085e-05,-0.00040719815954315397,0.0001404251269806478,0.0010751145700291787,-0.0013418876025916848,-0.009165171836628794,-0.00029118498116387226,-0.008873986855464921,-0.0008043059669684549,-0.008360865869660339,0.0026720832506466063,-0.0118372550872754,-0.45740562779083543,0.0008955677324804836,0.2285291183254397,-0.06864606469763002,0.8333333333333334
2026-09-14 15:00:00-04:00,0.00019180783882273374,0.001514954183443675,0.12660966312964678,0.0005241551071490247,0.0007989912374719165,0.0004666439691456256,0.9997967601302202,1.0000976331566382,0.0007714994860857428,0.5722824313414855,1.170926454383635,0.3777372188739551,1.0035120317612813,1.0033984085811072,0.0034054501875659727,0.1910714797717604,1.5564447772158336,0.5797568466327979,-0.47088160934801193,,-0.5555555555555556,-0.547914382401425,0.5673828125,0.12655626100287753,1.0,-0.0002139525308338941,0.0005767170619220829,0.00024510483766659874,2.5827660519803124,0.0010337576451741539,3,-0.5630995453608413,0.00036276453108818885,-0.0002597963193652353,0.0006225608504534241,-0.00029504097091026527,0.0006578055019984541,0.00011932213857801521,0.00024344239251017363,0.00048598325473125925,-0.0007475505891393341,0.0012335338438705934,-0.0007722595391964626,0.0012582427939277219,0.001164637194158269,-0.0006786539394270097,-0.007227120752952176,-0.0004198193823794494,-0.006807301370572727,-0.0009335711233383615,-0.006293549629613815,0.0029317349274382565,-0.010158855680390433,-0.3836746945841369,-0.0002042725425287979,0.21604704608678713,-0.06864606469763002,0.8461538461538461
2026-09-14 15:05:00-04:00,-0.0017832795694100766,0.004038828618765865,-0.441533854921209,0.0016898867778199532,0.0005656622715358355,-0.0029075040756941944,1.0017319865852523,1.0015794617139828,0.001168433712095604,0.17058550744548723,1.035858297078931,0.32651568691791727,1.0060988844830838,1.0049277242052688,0.003597672750814748,0.05695443988874923,1.3558073337476693,0.606584964798289,-0.26650089544451305,,-0.5555555555555556,-0.7408307575462151,2.85498046875,-0.4414639916348986,0.25,-0.0011690969553845483,-0.0006556147814332041,-0.0010014778942623037,2.1536579688906956,-0.001542122497099389,3,-0.5034946692793112,-0.0018247117368177523,-0.00013121361135348675,-0.0016934981254642656,-0.00045671515366296767,-0.0013679965831547847,-0.0015510634181580274,-0.00027364831865972494,-0.0032524842574168655,-0.0006427618712184779,-0.0026097223861983876,-0.0010322248388338062,-0.0022202594185830593,-0.0009948268880383138,-0.0022576573693785518,-0.01118443898227417,-0.0007869254773568146,-0.010397513504917355,-0.0016912282962033842,-0.009493210686070785,0.0010516851055835108,-0.01223612408785768,-0.6065961335323016,0.0009187326324591317,0.3054179196389551,-0.06864606469763002,0.8589743589743589
2026-09-14 15:10:00-04:00,-0.002125649928583571,0.004360251432724943,-0.4875062737505558,0.0006147088534878768,0.0016198926506534946,-0.0011204661314179532,1.0034198609936904,1.0029744323820255,0.002029259364473485,0.2169852802612934,0.7465169226586924,-0.555800640318156,1.0069071589549636,1.0066682589936713,0.003931905549794393,0.09791194255479592,0.9200124031534593,0.5248483842189393,-0.28097574347450804,,-0.5555555555555556,0.6427043821369308,3.2349853515625,-0.4874346980525122,0.25,-0.00046887140939022576,-0.001602493566275287,-0.001482866584768927,2.404147651314831,-0.0027025541740188855,3,-0.3359861095911738,-0.002071364975665513,0.00026254177775153487,-0.0023339067534170477,-0.00010545716366905378,-0.001965907811996459,-0.0017825523209921146,-0.00028881265467339823,-0.0035309445247335702,-0.0001285367116464764,-0.003402407813087094,-0.0008569992747016197,-0.0026739452500319505,-0.003211926193127268,-0.0003190183316063022,-0.009170591123596639,-0.00040663948851338283,-0.008763951635083256,-0.0016914063654552836,-0.007479184758141355,-0.00092750462748592,-0.008243086496110719,-0.5573457346206272,0.000695949859717272,0.18726042507241933,-0.06864606469763002,0.8717948717948718
2026-09-14 15:15:00-04:00,0.002001883222356052,0.0035591210730889842,0.5624656147530951,0.0004440187795898297,0.0011132190711431028,0.002671083513909325,1.0033369715103615,1.000303211817491,0.001542817126659977,0.5045126550543466,1.1939209026538482,-0.8294638216864422,1.006531521795802,1.0043304768054684,0.004030193137128379,0.21865551776265219,1.5325672097173448,0.5614598992836026,-0.0,,-0.5555555555555556,0.1540945856645053,3.1199951171875,0.5623642330099069,1.0,0.00048734317774349706,0.001514540044612563,0.00200188322235606,1.6596619134458985,0.002342187625077825,3,-0.5197726446508323,0.00200188322235606,-0.00020504441294022513,0.0022069276352962852,-9.843134589548885e-05,0.002100314568251549,-6.977812565356345e-05,0.0020716613480096235,-0.0018982057703427202,-7.377761664018045e-05,-0.0018244281537025397,-0.0006605001687058909,-0.0012377056016368293,-0.0034003965925759605,0.0015021908222332403,-0.005470479591486166,-0.0005329406312464258,-0.00493753896023974,-0.001565478545943022,-0.003905001045543144,-0.0014146637606012868,-0.004055815830884879,-0.32678242213440206,-0.0010405241367661396,0.16985256377820282,-0.06864606469763002,0.8846153846153846
2026-09-14 15:20:00-04:00,-0.0015171561328311415,0.0034054939103157944,-0.4455025240935372,0.0003135898821041139,0.0015747478953805388,-0.00025599811955471645,1.002752091675762,1.0009648951591203,0.0014829008650798746,0.33574589609990246,0.9969293804601219,-0.8183276764428951,1.0077575880328895,1.0051595790555845,0.004181636820144727,0.14551209372637383,1.253417948053783,0.598356633515657,0.6201736729460455,,-0.5555555555555556,0.183235594356141,1.8900146484375,-0.44541879598951933,0.25,0.0007060056221817046,-0.0019162733639227492,-0.0010218689930939773,0.8432334508509058,-0.001139674821058262,3,-0.47069549816344414,-0.0012102677417410446,-8.371693581599171e-05,-0.0011265508059250529,-0.0001658993215121196,-0.001044368420228925,-0.0005986357972515011,-0.0006116319444895435,-0.001283807015784566,-2.6278212725827643e-05,-0.0012575288030587384,-0.00036974362754282897,-0.000914063388241737,-0.002449733063883963,0.0011659260480993971,-0.0037747635285879655,-0.0004028342553272779,-0.0033719292732606876,-0.0012332716368871344,-0.002541491891700831,-0.0016842255600708622,-0.0020905379685171033,-0.25035550844170956,0.0005696675776099475,0.11784121076393282,-0.06864606469763002,0.8974358974358975
2026-09-14 15:25:00-04:00,-0.000980932623217628,0.002022752878544983,-0.48494931517434137,0.0009584715044316491,8.334875089570559e-05,-0.0018560553767535716,1.0040943660301342,1.0011224352143837,0.0010716113348383169,0.20001744021275272,1.242395931882687,-0.34298858309146113,1.0110766055766731,1.0055862538348694,0.0042307207419105455,0.08668745275887799,1.5206554517502366,0.6072627143940944,0.5000000000000034,,-0.5555555555555556,-0.11516379032335779,-1.52001953125,-0.48479565712206363,0.25,0.0011044752977388643,-0.0020789967124008974,-0.00033840304804544363,0.9928696519700637,-0.0008637119783569779,3,-0.6173234021153335,-0.0009745214146620329,-0.00011160522036823828,-0.0008629161942937946,-9.871488668600215e-06,-0.0009646499259934327,-0.0008107840678585054,-0.00016373734680352747,-0.00018609783388701118,-0.00040031717807631484,0.00021421934418930366,-0.000274183217206625,8.80853833196138e-05,-0.0014786143135880891,0.001292516479701078,-0.003879260362265158,-0.00037509656754197707,-0.0035041637947231807,-0.001229087992875133,-0.0026501723693900248,-0.0016678438225614656,-0.0022114165397036922,-0.25534974984847086,0.0006015948751334139,0.1576333763057574,-0.06864606469763002,0.9102564102564102
2026-09-14 15:30:00-04:00,0.0003271558202140169,0.0021680924724953804,0.1508956948858265,0.0009236005024950525,0.0009173361497863112,0.00032089146750527556,1.0014973168767292,1.000058975247539,0.0008616029059918496,0.5036746253673886,1.0062118875311425,-0.38519919590048163,1.0114913277657798,1.004244284336467,0.004050074352493016,0.13274281934995708,1.2083782180567089,0.638336375302671,0.1373605639486901,,-0.5555555555555556,-0.1273048466249452,-1.1900634765625,0.15085106284647362,0.75,0.0001670031425822227,0.0005967197011522707,0.0022016553862240773,0.7487745967895183,0.0007981013964066431,3,-0.5708709502186884,0.0007637228437344934,-4.591308628731916e-05,0.0008096359300218126,-7.734173122042609e-05,0.0008410645749549195,-0.0017661836085794969,0.0025299064523139903,-0.0014215545534652652,-0.00024121693181033965,-0.0011803376216549255,-0.0002530973094356792,-0.001168457244029586,-0.0031726296723018077,0.0017510751188365425,-0.004386129670574612,-0.000695295691649056,-0.003690833978925556,-0.001615079099793082,-0.0027710505707815303,-0.004212963706429984,-0.00017316596414462815,-0.2991733779868697,-0.0004359871855064291,0.17078939057149914,-0.06864606469763002,0.9230769230769231
2026-09-14 15:35:00-04:00,0.00035916159609628067,0.0019242981002097655,0.18664550781243777,0.00019888172096894547,0.0013662547831445391,0.0015265346582718745,0.9993332027238265,1.0001026299552198,0.0007868201740461055,0.47639206152935215,0.874629495056264,-0.08486920119305877,1.0121508325338524,1.0035466625422658,0.003681620386195727,0.13858153541422288,1.080160093369448,0.5471531125359868,-0.24571804673358122,,-0.5555555555555556,-0.012689643600132333,-0.139892578125,0.18658331337470843,0.5,0.0003464997781246944,-0.0002567922739041458,-0.00014637866687161605,0.2930723606284471,0.00012434677080880467,3,-0.49399177211522605,8.970750422054863e-05,-0.00011819356323461427,0.0002079010674551629,-0.00040785681075372615,0.0004975643149742748,-0.0018214763781367882,0.0019111838823573368,-0.00012185430795286223,-0.0002756881287057089,0.00015383382075284668,-0.0004950336969703484,0.00037317938901748615,-0.004392320783636494,0.004270466475683632,-0.0030250269181745226,-0.0009838001233273275,-0.002041226794847195,-0.0022028079502977027,-0.0008222189678768199,-0.006316720335742043,0.0032916934175675205,-0.22421382010839075,-4.431476898194294e-05,0.11075978232806845,-0.06864606469763002,0.9358974358974359
2026-09-14 15:40:00-04:00,0.002602952198575044,0.004199314764616348,0.6198516530618905,0.00017953013660646877,0.0014168324294348345,0.00384025449140341,0.9985932466629027,0.9976468455886434,0.0013693300725247423,0.9613752693964192,0.682435038645565,0.9790896109239102,1.007775703788422,1.0004113165039674,0.0032853949292406745,0.32694595556458045,0.7035391976444608,0.3603380588179524,-0.5786375623578455,,-0.5555555555555556,0.19801975838556063,-4.280029296875,0.6197570343727761,1.0,0.0005431135503783935,0.0022012515273528432,0.0017058887295378078,1.4923460123882324,0.0027443650777312367,3,-0.31853011183931657,0.0027443650777312367,0.0,0.0027443650777312367,0.00012667528058574185,0.002617689797145495,0.0008822907172698624,0.0018620743604613743,0.0036002062498208254,-0.00016410122289067797,0.0037643074727115033,-0.0003585531757021032,0.003958759425522929,-0.0027053147284431533,0.006305520978263979,-0.0003962972308818591,-0.0009838001233273275,0.0005875028924454684,-0.0018956869906916474,0.0014993897598097883,-0.006311247581903601,0.005914950351021742,-0.024586235774207446,-0.0008741629151376455,0.007831456430866104,-0.06864606469763002,0.9487179487179487
2026-09-14 15:45:00-04:00,0.0002941283917265618,0.002709915405302367,0.1085378499826913,0.00046679612062761126,0.0019489908929481937,0.0017763231640471441,0.9971168598072496,0.9979555815677553,0.0017772819093552178,0.9101008734345457,0.9404271130754489,0.8593997841762855,1.0096914432869015,0.9996581099535682,0.0023964641418579547,0.36722967845448384,0.926244768647084,0.28024694110860304,-0.9079593845004529,,-0.5555555555555556,0.0288544894901463,0.4200439453125,0.10851224414379461,1.0,-0.00012259376089103954,0.0003911898230901286,0.00026859606219908905,1.597626244201843,3.7749159445041e-05,3,-0.5692573366045762,0.00026859606219908905,0.00014449368467239765,0.0001241023775266914,0.00026027399612904567,8.322066070043377e-06,0.00020519924504291964,6.33968171561694e-05,0.003103676121154031,2.628304321428132e-05,0.0030773930779397496,-2.103239710260496e-05,0.003124708518256636,-0.00073578653748263,0.003839462658636661,0.0002621936640927469,-0.0010360367571721207,0.0012982304212648677,-0.0017059813990950579,0.0019681750631878048,-0.006137052930205722,0.006399246594298469,0.016383527701770047,-0.00015290027898993053,-0.009326443343696911,-0.06864606469763002,0.9615384615384616
2026-09-14 15:50:00-04:00,-0.007100006556373888,0.009594160456323622,-0.7400341685648709,0.0006650036372264665,0.001829150262723268,-0.005935859930877087,1.0034672602261065,1.0045975491696995,0.0029616564301030287,0.1906524568825125,0.45291640654646054,-0.6915740345871553,1.0129433271532613,1.0063588775877987,0.002472848618786893,0.11566442264031279,0.3241474177714125,-0.32288547260451506,-0.790569415042095,,-0.5555555555555556,-0.43152945281069094,11.4141845703125,-0.7399848522949073,0.25,-0.0018909235488877574,-0.005405888656036306,-0.005646385027918699,0.6431090630003925,-0.006908417289194315,3,-0.28157109329053465,-0.007296812204924064,-0.0006039332021192667,-0.006692879002804797,-0.0010616862276365824,-0.006235125977287481,-0.0013870114741286743,-0.005909800730795389,-0.00430510432962683,-0.0004595267819805793,-0.0038455775476462506,-0.0006751148343624447,-0.003629989495264385,-0.00030084907859462273,-0.004004255251032207,-0.008938488641897724,-0.00140361962684743,-0.007534869015050294,-0.00256976153823274,-0.006368727103664984,-0.00811782140926487,-0.0008206672326328546,-0.4188185820356134,0.002054571390076185,0.11792720603415914,-0.06864606469763002,0.9743589743589743
2026-09-14 15:55:00-04:00,-0.00115907097623708,0.00594965139050002,-0.19481325882179865,0.004391358829541108,0.0003992215847218316,-0.005151208221056356,1.0052991490387733,1.0046036234315576,0.003920647816807163,0.0809632281158423,0.5027560127619689,-0.8896025226399555,1.0122678617183285,1.0068132573866546,0.0027205271886488673,0.054784566518215935,0.2821964992312345,-0.630912449592551,-0.6708203932499367,,-0.5555555555555556,0.388498875521523,1.6458740234375,-0.19479217711657698,1.0,-0.002462233467802425,0.0014023321000241986,0.0028603793155260737,4.50092971848231,0.001778007802780415,3,-0.48605596881134916,-0.0010599013677782265,-0.0006305162151066801,-0.0004293851526715464,-0.0014787620990016626,0.00041886073122343603,-0.0032897058633578613,0.0022298044955796348,-0.008082626112330016,-0.0010897532579999814,-0.0069928728543300345,-0.0022792651531675645,-0.005803360959162451,-0.004467913955236269,-0.003614712157093747,-0.008211137698407311,-0.001781815138581444,-0.006429322559825867,-0.003764966298364203,-0.0044461714000431085,-0.011813377262007263,0.0036022395635999516,-0.3978828895267702,0.0005151713861599199,0.1933933533423933,-0.06864606469763002,0.9871794871794872
