strategy,symbol,start,end,shares_held,start_reference_price,end_reference_price,gross_pnl,end_fill_assumed_cost,net_increment,shares_after
context,TSLA,,2026-09-14 09:35:00-04:00,0.0,,365.33099365234375,0.0,4.566637420654297,-4.566637420654297,-25.0
context,TSLA,2026-09-14 09:35:00-04:00,2026-09-14 09:45:00-04:00,-25.0,365.33099365234375,361.7300109863281,90.02456665039062,4.521625137329101,85.50294151306153,0.0
context,TSLA,2026-09-14 09:45:00-04:00,2026-09-14 12:10:00-04:00,0.0,361.7300109863281,362.8901062011719,0.0,3.084565902709961,-3.084565902709961,-17.0
context,TSLA,2026-09-14 12:10:00-04:00,2026-09-14 12:15:00-04:00,-17.0,362.8901062011719,362.4737854003906,7.07745361328125,0.1812368927001953,6.896216720581054,-16.0
context,TSLA,2026-09-14 12:15:00-04:00,2026-09-14 12:20:00-04:00,-16.0,362.4737854003906,363.7699890136719,-20.7392578125,0.1818849945068359,-20.921142807006834,-15.0
context,TSLA,2026-09-14 12:20:00-04:00,2026-09-14 12:25:00-04:00,-15.0,363.7699890136719,363.55029296875,3.295440673828125,2.726627197265625,0.5688134765625001,0.0
context,TSLA,2026-09-14 12:25:00-04:00,2026-09-14 14:15:00-04:00,0.0,363.55029296875,361.4450073242188,-0.0,0.3614450073242187,-0.3614450073242187,2.0
context,TSLA,2026-09-14 14:15:00-04:00,2026-09-14 14:25:00-04:00,2.0,361.4450073242188,361.0899963378906,-0.7100219726563637,0.3610899963378906,-1.0711119689942543,0.0
context,TSLA,2026-09-14 14:25:00-04:00,2026-09-14 15:10:00-04:00,0.0,361.0899963378906,360.1050109863281,-0.0,1.9805775604248048,-1.9805775604248048,11.0
context,TSLA,2026-09-14 15:10:00-04:00,2026-09-14 15:15:00-04:00,11.0,360.1050109863281,359.6960144042969,-4.49896240234375,4.136504165649414,-8.635466567993163,34.0
context,TSLA,2026-09-14 15:15:00-04:00,2026-09-14 15:20:00-04:00,34.0,359.6960144042969,359.614990234375,-2.75482177734375,0.5394224853515625,-3.2942442626953126,37.0
context,TSLA,2026-09-14 15:20:00-04:00,2026-09-14 15:25:00-04:00,37.0,359.614990234375,359.45001220703125,-6.10418701171875,0.1797250061035156,-6.283912017822265,36.0
context,TSLA,2026-09-14 15:25:00-04:00,2026-09-14 15:30:00-04:00,36.0,359.45001220703125,360.2950134277344,30.4200439453125,5.76472021484375,24.65532373046875,4.0
context,TSLA,2026-09-14 15:30:00-04:00,2026-09-14 15:35:00-04:00,4.0,360.2950134277344,360.2703857421875,-0.0985107421875,0.1801351928710937,-0.2786459350585937,3.0
context,TSLA,2026-09-14 15:35:00-04:00,2026-09-14 15:40:00-04:00,3.0,360.2703857421875,360.2349853515625,-0.106201171875,0.1801174926757812,-0.2863186645507812,2.0
context,TSLA,2026-09-14 15:40:00-04:00,2026-09-14 15:55:00-04:00,2.0,360.2349853515625,359.4100036621094,-1.64996337890625,0.3594100036621094,-2.0093733825683593,0.0
context,PLTR,,2026-09-14 09:35:00-04:00,0.0,,168.1699981689453,0.0,1.1771899871826172,-1.1771899871826172,-14.0
context,PLTR,2026-09-14 09:35:00-04:00,2026-09-14 09:40:00-04:00,-14.0,168.1699981689453,167.05999755859375,15.540008544921875,1.169419982910156,14.370588562011719,0.0
context,PLTR,2026-09-14 09:40:00-04:00,2026-09-14 09:40:00-04:00,0.0,167.05999755859375,167.05999755859375,0.0,8.52005987548828,-8.52005987548828,102.0
context,PLTR,2026-09-14 09:40:00-04:00,2026-09-14 09:45:00-04:00,102.0,167.05999755859375,167.19000244140625,13.260498046875,8.526690124511719,4.733807922363281,0.0
context,PLTR,2026-09-14 09:45:00-04:00,2026-09-14 09:50:00-04:00,0.0,167.19000244140625,167.50999450683594,0.0,7.202929763793946,-7.202929763793946,-86.0
context,PLTR,2026-09-14 09:50:00-04:00,2026-09-14 09:55:00-04:00,-86.0,167.50999450683594,168.4499969482422,-80.8402099609375,4.295474922180175,-85.13568488311768,-35.0
context,PLTR,2026-09-14 09:55:00-04:00,2026-09-14 10:00:00-04:00,-35.0,168.4499969482422,168.35499572753906,3.325042724609375,2.9462124252319337,0.3788302993774413,0.0
context,PLTR,2026-09-14 10:00:00-04:00,2026-09-14 10:10:00-04:00,0.0,168.35499572753906,167.94000244140625,-0.0,7.80921011352539,-7.80921011352539,-93.0
context,PLTR,2026-09-14 10:10:00-04:00,2026-09-14 10:15:00-04:00,-93.0,167.94000244140625,167.4499969482422,45.57051086425781,0.0837249984741211,45.486785865783695,-92.0
context,PLTR,2026-09-14 10:15:00-04:00,2026-09-14 10:25:00-04:00,-92.0,167.4499969482422,167.02000427246094,39.559326171875,5.845700149536133,33.713626022338865,-22.0
context,PLTR,2026-09-14 10:25:00-04:00,2026-09-14 10:30:00-04:00,-22.0,167.02000427246094,167.25999450683594,-5.27978515625,3.679719879150391,-8.95950503540039,-66.0
context,PLTR,2026-09-14 10:30:00-04:00,2026-09-14 10:40:00-04:00,-66.0,167.25999450683594,168.13499450683594,-57.75,1.7654174423217774,-59.51541744232178,-45.0
context,PLTR,2026-09-14 10:40:00-04:00,2026-09-14 10:45:00-04:00,-45.0,168.13499450683594,168.82000732421875,-30.825576782226562,0.0844100036621093,-30.909986785888673,-44.0
context,PLTR,2026-09-14 10:45:00-04:00,2026-09-14 10:50:00-04:00,-44.0,168.82000732421875,169.4149932861328,-26.17938232421875,6.183647254943848,-32.3630295791626,-117.0
context,PLTR,2026-09-14 10:50:00-04:00,2026-09-14 11:00:00-04:00,-117.0,169.4149932861328,169.83999633789062,-49.72535705566406,0.0849199981689453,-49.810277053833005,-116.0
context,PLTR,2026-09-14 11:00:00-04:00,2026-09-14 11:05:00-04:00,-116.0,169.83999633789062,169.75,10.4395751953125,0.084875,10.3547001953125,-115.0
context,PLTR,2026-09-14 11:05:00-04:00,2026-09-14 11:10:00-04:00,-115.0,169.75,170.8000030517578,-120.75035095214844,1.878800033569336,-122.62915098571777,-137.0
context,PLTR,2026-09-14 11:10:00-04:00,2026-09-14 11:15:00-04:00,-137.0,170.8000030517578,171.3800048828125,-79.46025085449219,1.970870056152344,-81.43112091064454,-114.0
context,PLTR,2026-09-14 11:15:00-04:00,2026-09-14 11:20:00-04:00,-114.0,171.3800048828125,171.52499389648438,-16.52874755859375,0.0857624969482421,-16.61451005554199,-113.0
context,PLTR,2026-09-14 11:20:00-04:00,2026-09-14 11:25:00-04:00,-113.0,171.52499389648438,171.5,2.824310302734375,0.08575,2.738560302734375,-112.0
context,PLTR,2026-09-14 11:25:00-04:00,2026-09-14 11:30:00-04:00,-112.0,171.5,170.77000427246094,81.759521484375,0.0853850021362304,81.67413648223877,-111.0
context,PLTR,2026-09-14 11:30:00-04:00,2026-09-14 11:35:00-04:00,-111.0,170.77000427246094,171.82000732421875,-116.55033874511719,5.755970245361328,-122.30630899047851,-178.0
context,PLTR,2026-09-14 11:35:00-04:00,2026-09-14 11:40:00-04:00,-178.0,171.82000732421875,171.57200622558594,44.144195556640625,12.43897045135498,31.705225105285646,-33.0
context,PLTR,2026-09-14 11:40:00-04:00,2026-09-14 11:45:00-04:00,-33.0,171.57200622558594,171.79010009765625,-7.1970977783203125,1.37432080078125,-8.571418579101563,-49.0
context,PLTR,2026-09-14 11:45:00-04:00,2026-09-14 12:00:00-04:00,-49.0,171.79010009765625,171.33999633789062,22.055084228515625,0.0856699981689453,21.96941423034668,-48.0
context,PLTR,2026-09-14 12:00:00-04:00,2026-09-14 12:05:00-04:00,-48.0,171.33999633789062,171.50999450683594,-8.159912109375,1.8008549423217777,-9.960767051696777,-27.0
context,PLTR,2026-09-14 12:05:00-04:00,2026-09-14 12:10:00-04:00,-27.0,171.50999450683594,172.16000366210938,-17.550247192382812,2.3241600494384764,-19.874407241821288,0.0
context,PLTR,2026-09-14 12:10:00-04:00,2026-09-14 12:10:00-04:00,0.0,172.16000366210938,172.16000366210938,0.0,2.92672006225586,-2.92672006225586,34.0
context,PLTR,2026-09-14 12:10:00-04:00,2026-09-14 12:15:00-04:00,34.0,172.16000366210938,172.5449981689453,13.089813232421875,2.846992469787597,10.242820762634278,1.0
context,PLTR,2026-09-14 12:15:00-04:00,2026-09-14 12:20:00-04:00,1.0,172.5449981689453,173.3699951171875,0.8249969482421875,0.0866849975585937,0.7383119506835938,0.0
context,PLTR,2026-09-14 12:20:00-04:00,2026-09-14 12:25:00-04:00,0.0,173.3699951171875,173.56500244140625,0.0,7.029382598876953,-7.029382598876953,-81.0
context,PLTR,2026-09-14 12:25:00-04:00,2026-09-14 12:30:00-04:00,-81.0,173.56500244140625,173.38499450683594,14.580642700195312,0.1733849945068359,14.407257705688476,-79.0
context,PLTR,2026-09-14 12:30:00-04:00,2026-09-14 12:35:00-04:00,-79.0,173.38499450683594,173.3538055419922,2.46392822265625,0.2600307083129883,2.2038975143432618,-82.0
context,PLTR,2026-09-14 12:35:00-04:00,2026-09-14 12:45:00-04:00,-82.0,173.3538055419922,172.05499267578125,106.50265502929688,0.1720549926757812,106.33060003662109,-84.0
context,PLTR,2026-09-14 12:45:00-04:00,2026-09-14 12:50:00-04:00,-84.0,172.05499267578125,172.47000122070312,-34.8607177734375,0.8623500061035156,-35.72306777954102,-94.0
context,PLTR,2026-09-14 12:50:00-04:00,2026-09-14 12:55:00-04:00,-94.0,172.47000122070312,172.16000366210938,29.1397705078125,0.0860800018310546,29.053690505981447,-93.0
context,PLTR,2026-09-14 12:55:00-04:00,2026-09-14 13:00:00-04:00,-93.0,172.16000366210938,172.72999572753906,-53.00926208496094,3.8000599060058593,-56.809321990966794,-49.0
context,PLTR,2026-09-14 13:00:00-04:00,2026-09-14 13:05:00-04:00,-49.0,172.72999572753906,172.67999267578125,2.4501495361328125,3.021899871826172,-0.5717503356933595,-14.0
context,PLTR,2026-09-14 13:05:00-04:00,2026-09-14 13:15:00-04:00,-14.0,172.67999267578125,172.6999969482422,-0.280059814453125,0.086349998474121,-0.366409812927246,-13.0
context,PLTR,2026-09-14 13:15:00-04:00,2026-09-14 13:20:00-04:00,-13.0,172.6999969482422,172.87289428710938,-2.2476654052734375,3.8896401214599607,-6.137305526733398,-58.0
context,PLTR,2026-09-14 13:20:00-04:00,2026-09-14 13:30:00-04:00,-58.0,172.87289428710938,173.3000030517578,-24.772308349609375,0.0866500015258789,-24.858958351135254,-57.0
context,PLTR,2026-09-14 13:30:00-04:00,2026-09-14 13:40:00-04:00,-57.0,173.3000030517578,173.39999389648438,-5.6994781494140625,0.0866999969482421,-5.786178146362305,-56.0
context,PLTR,2026-09-14 13:40:00-04:00,2026-09-14 13:45:00-04:00,-56.0,173.39999389648438,173.25999450683594,7.8399658203125,3.291939895629883,4.548025924682618,-18.0
context,PLTR,2026-09-14 13:45:00-04:00,2026-09-14 13:55:00-04:00,-18.0,173.25999450683594,173.09950256347656,2.88885498046875,0.0865497512817382,2.8023052291870116,-17.0
context,PLTR,2026-09-14 13:55:00-04:00,2026-09-14 14:05:00-04:00,-17.0,173.09950256347656,173.1199951171875,-0.3483734130859375,0.0865599975585937,-0.43493341064453117,-18.0
context,PLTR,2026-09-14 14:05:00-04:00,2026-09-14 14:10:00-04:00,-18.0,173.1199951171875,173.10499572753906,0.269989013671875,0.3462099914550781,-0.07622097778320308,-22.0
context,PLTR,2026-09-14 14:10:00-04:00,2026-09-14 14:15:00-04:00,-22.0,173.10499572753906,173.0449981689453,1.3199462890625,1.6439274826049806,-0.32398119354248056,-41.0
context,PLTR,2026-09-14 14:15:00-04:00,2026-09-14 14:20:00-04:00,-41.0,173.0449981689453,172.61500549316406,17.62969970703125,0.086307502746582,17.543392204284668,-40.0
context,PLTR,2026-09-14 14:20:00-04:00,2026-09-14 14:30:00-04:00,-40.0,172.61500549316406,172.6999969482422,-3.399658203125,0.5180999908447266,-3.9177581939697266,-46.0
context,PLTR,2026-09-14 14:30:00-04:00,2026-09-14 14:35:00-04:00,-46.0,172.6999969482422,172.8699951171875,-7.819915771484375,0.2593049926757813,-8.079220764160157,-43.0
context,PLTR,2026-09-14 14:35:00-04:00,2026-09-14 14:40:00-04:00,-43.0,172.8699951171875,172.72999572753906,6.0199737548828125,0.0863649978637695,5.933608757019043,-42.0
context,PLTR,2026-09-14 14:40:00-04:00,2026-09-14 14:45:00-04:00,-42.0,172.72999572753906,173.13999938964844,-17.22015380859375,1.1254099960327149,-18.345563804626465,-29.0
context,PLTR,2026-09-14 14:45:00-04:00,2026-09-14 14:50:00-04:00,-29.0,173.13999938964844,173.11000061035156,0.869964599609375,0.0865550003051757,0.7834095993041993,-28.0
context,PLTR,2026-09-14 14:50:00-04:00,2026-09-14 15:00:00-04:00,-28.0,173.11000061035156,172.57000732421875,15.11981201171875,0.0862850036621093,15.033527008056641,-27.0
context,PLTR,2026-09-14 15:00:00-04:00,2026-09-14 15:05:00-04:00,-27.0,172.57000732421875,172.54249572753906,0.7428131103515625,0.0862712478637695,0.656541862487793,-26.0
context,PLTR,2026-09-14 15:05:00-04:00,2026-09-14 15:10:00-04:00,-26.0,172.54249572753906,172.3800048828125,4.224761962890625,0.0861900024414062,4.138571960449219,-25.0
context,PLTR,2026-09-14 15:10:00-04:00,2026-09-14 15:15:00-04:00,-25.0,172.3800048828125,172.40499877929688,-0.624847412109375,0.0862024993896484,-0.7110499114990234,-24.0
context,PLTR,2026-09-14 15:15:00-04:00,2026-09-14 15:20:00-04:00,-24.0,172.40499877929688,172.7100067138672,-7.3201904296875,2.0725200805664064,-9.392710510253906,0.0
context,NVDA,,2026-09-14 09:35:00-04:00,0.0,,209.6699981689453,0.0,16.354259857177734,-16.354259857177734,-156.0
context,NVDA,2026-09-14 09:35:00-04:00,2026-09-14 09:40:00-04:00,-156.0,209.6699981689453,209.2700042724609,62.399047851566934,7.010545143127441,55.38850270843949,-89.0
context,NVDA,2026-09-14 09:40:00-04:00,2026-09-14 09:45:00-04:00,-89.0,209.2700042724609,209.8600006103516,-52.509674072270684,4.616920013427734,-57.126594085698414,-133.0
context,NVDA,2026-09-14 09:45:00-04:00,2026-09-14 09:50:00-04:00,-133.0,209.8600006103516,211.30999755859372,-192.84959411620338,14.052114837646483,-206.90170895384986,0.0
context,NVDA,2026-09-14 09:50:00-04:00,2026-09-14 09:55:00-04:00,0.0,211.30999755859372,210.6699981689453,-0.0,16.221589859008787,-16.221589859008787,-154.0
context,NVDA,2026-09-14 09:55:00-04:00,2026-09-14 10:00:00-04:00,-154.0,210.6699981689453,210.7899932861328,-18.479248046875,1.8971099395751956,-20.376357986450195,-136.0
context,NVDA,2026-09-14 10:00:00-04:00,2026-09-14 10:05:00-04:00,-136.0,210.7899932861328,210.7700042724609,2.7185058593788654,2.0023150405883787,0.7161908187904866,-155.0
context,NVDA,2026-09-14 10:05:00-04:00,2026-09-14 10:10:00-04:00,-155.0,210.7700042724609,211.22000122070312,-69.74952697754347,7.709530044555664,-77.45905702209913,-82.0
context,NVDA,2026-09-14 10:10:00-04:00,2026-09-14 10:15:00-04:00,-82.0,211.22000122070312,211.4250030517578,-16.810150146484375,0.2114250030517578,-17.021575149536133,-84.0
context,NVDA,2026-09-14 10:15:00-04:00,2026-09-14 10:25:00-04:00,-84.0,211.4250030517578,210.2350006103516,99.96020507812261,0.1051175003051757,99.85508757781744,-83.0
context,NVDA,2026-09-14 10:25:00-04:00,2026-09-14 10:30:00-04:00,-83.0,210.2350006103516,210.4499969482422,-17.844696044919516,2.420174964904785,-20.2648710098243,-106.0
context,NVDA,2026-09-14 10:30:00-04:00,2026-09-14 10:40:00-04:00,-106.0,210.4499969482422,210.41000366210935,4.239288330081138,0.1052050018310546,4.1340833282500835,-105.0
context,NVDA,2026-09-14 10:40:00-04:00,2026-09-14 10:45:00-04:00,-105.0,210.41000366210935,210.52999877929688,-12.599487304690484,2.105299987792969,-14.704787292483452,-85.0
context,NVDA,2026-09-14 10:45:00-04:00,2026-09-14 10:50:00-04:00,-85.0,210.52999877929688,210.82000732421875,-24.650726318359375,3.056890106201172,-27.70761642456055,-56.0
context,NVDA,2026-09-14 10:50:00-04:00,2026-09-14 11:00:00-04:00,-56.0,210.82000732421875,210.4600067138672,20.1600341796875,0.1052300033569336,20.054804176330567,-55.0
context,NVDA,2026-09-14 11:00:00-04:00,2026-09-14 11:05:00-04:00,-55.0,210.4600067138672,210.34950256347656,6.077728271484375,0.1051747512817382,5.972553520202637,-54.0
context,NVDA,2026-09-14 11:05:00-04:00,2026-09-14 11:10:00-04:00,-54.0,210.34950256347656,210.8800048828125,-28.647125244140625,5.693760131835938,-34.34088537597656,0.0
context,NVDA,2026-09-14 11:10:00-04:00,2026-09-14 11:20:00-04:00,0.0,210.8800048828125,211.13999938964844,0.0,0.6334199981689453,-0.6334199981689453,-6.0
context,NVDA,2026-09-14 11:20:00-04:00,2026-09-14 11:25:00-04:00,-6.0,211.13999938964844,211.25999450683597,-0.7199707031251705,0.8450399780273438,-1.5650106811525144,-14.0
context,NVDA,2026-09-14 11:25:00-04:00,2026-09-14 11:30:00-04:00,-14.0,211.25999450683597,211.4499969482422,-2.660034179687102,0.9515249862670898,-3.611559165954192,-23.0
context,NVDA,2026-09-14 11:30:00-04:00,2026-09-14 11:35:00-04:00,-23.0,211.4499969482422,211.88999938964844,-10.12005615234375,0.1059449996948242,-10.226001152038574,-22.0
context,NVDA,2026-09-14 11:35:00-04:00,2026-09-14 11:40:00-04:00,-22.0,211.88999938964844,211.8800048828125,0.219879150390625,12.924680297851562,-12.704801147460937,-144.0
context,NVDA,2026-09-14 11:40:00-04:00,2026-09-14 11:45:00-04:00,-144.0,211.8800048828125,212.0574951171875,-25.55859375,0.84822998046875,-26.40682373046875,-152.0
context,NVDA,2026-09-14 11:45:00-04:00,2026-09-14 11:50:00-04:00,-152.0,212.0574951171875,211.7700042724609,43.69860839844182,3.811860076904297,39.886748321537524,-116.0
context,NVDA,2026-09-14 11:50:00-04:00,2026-09-14 12:05:00-04:00,-116.0,211.7700042724609,212.03289794921875,-30.495666503909547,0.1060164489746093,-30.601682952884158,-115.0
context,NVDA,2026-09-14 12:05:00-04:00,2026-09-14 12:10:00-04:00,-115.0,212.03289794921875,211.77999877929688,29.083404541015625,1.0588999938964845,28.02450454711914,-105.0
context,NVDA,2026-09-14 12:10:00-04:00,2026-09-14 12:15:00-04:00,-105.0,211.77999877929688,211.6999969482422,8.400192260742188,0.105849998474121,8.294342262268067,-104.0
context,NVDA,2026-09-14 12:15:00-04:00,2026-09-14 12:20:00-04:00,-104.0,211.6999969482422,212.13999938964844,-45.76025390625,0.954629997253418,-46.71488390350342,-113.0
context,NVDA,2026-09-14 12:20:00-04:00,2026-09-14 12:25:00-04:00,-113.0,212.13999938964844,211.94000244140625,22.599655151367188,2.9671600341796878,19.6324951171875,-141.0
context,NVDA,2026-09-14 12:25:00-04:00,2026-09-14 12:35:00-04:00,-141.0,211.94000244140625,211.6699981689453,38.07060241699219,0.1058349990844726,37.964767417907716,-140.0
context,NVDA,2026-09-14 12:35:00-04:00,2026-09-14 12:50:00-04:00,-140.0,211.6699981689453,212.268798828125,-83.83209228515625,1.061343994140625,-84.89343627929688,-130.0
context,NVDA,2026-09-14 12:50:00-04:00,2026-09-14 12:55:00-04:00,-130.0,212.268798828125,212.02999877929688,31.04400634765625,0.1060149993896484,30.937991348266603,-129.0
context,NVDA,2026-09-14 12:55:00-04:00,2026-09-14 13:00:00-04:00,-129.0,212.02999877929688,212.10989379882807,-10.306457519523917,0.106054946899414,-10.412512466423332,-128.0
context,NVDA,2026-09-14 13:00:00-04:00,2026-09-14 13:05:00-04:00,-128.0,212.10989379882807,212.1385955810547,-3.673828125007276,0.1060692977905273,-3.779897422797803,-127.0
context,NVDA,2026-09-14 13:05:00-04:00,2026-09-14 13:10:00-04:00,-127.0,212.1385955810547,212.1750030517578,-4.623748779296875,0.1060875015258789,-4.729836280822754,-126.0
context,NVDA,2026-09-14 13:10:00-04:00,2026-09-14 13:15:00-04:00,-126.0,212.1750030517578,212.07000732421875,13.229461669921875,0.1060350036621093,13.123426666259766,-125.0
context,NVDA,2026-09-14 13:15:00-04:00,2026-09-14 13:20:00-04:00,-125.0,212.07000732421875,212.0449981689453,3.1261444091796875,0.1060224990844726,3.020121910095215,-124.0
context,NVDA,2026-09-14 13:20:00-04:00,2026-09-14 13:25:00-04:00,-124.0,212.0449981689453,212.3500061035156,-37.820983886715226,0.1061750030517578,-37.927158889766986,-123.0
context,NVDA,2026-09-14 13:25:00-04:00,2026-09-14 13:30:00-04:00,-123.0,212.3500061035156,212.58999633789065,-29.51879882813199,0.9566549835205078,-30.4754538116525,-132.0
context,NVDA,2026-09-14 13:30:00-04:00,2026-09-14 13:35:00-04:00,-132.0,212.58999633789065,212.4199981689453,22.439758300785,0.6372599945068359,21.802498306278167,-138.0
context,NVDA,2026-09-14 13:35:00-04:00,2026-09-14 13:40:00-04:00,-138.0,212.4199981689453,212.4600067138672,-5.52117919921875,0.531150016784668,-6.052329216003418,-143.0
context,NVDA,2026-09-14 13:40:00-04:00,2026-09-14 13:55:00-04:00,-143.0,212.4600067138672,212.52999877929688,-10.008865356445312,0.956384994506836,-10.965250350952148,-152.0
context,NVDA,2026-09-14 13:55:00-04:00,2026-09-14 14:00:00-04:00,-152.0,212.52999877929688,212.4199981689453,16.7200927734375,0.4248399963378906,16.29525277709961,-148.0
context,NVDA,2026-09-14 14:00:00-04:00,2026-09-14 14:10:00-04:00,-148.0,212.4199981689453,212.5399932861328,-17.75927734375,0.1062699966430664,-17.865547340393068,-147.0
context,NVDA,2026-09-14 14:10:00-04:00,2026-09-14 14:15:00-04:00,-147.0,212.5399932861328,212.4600067138672,11.758026123046875,0.531150016784668,11.226876106262207,-152.0
context,NVDA,2026-09-14 14:15:00-04:00,2026-09-14 14:30:00-04:00,-152.0,212.4600067138672,212.1100006103516,53.20092773437068,0.1060550003051757,53.094872734065504,-153.0
context,NVDA,2026-09-14 14:30:00-04:00,2026-09-14 14:35:00-04:00,-153.0,212.1100006103516,212.27999877929688,-26.009719848628464,0.1061399993896484,-26.11585984801811,-152.0
context,NVDA,2026-09-14 14:35:00-04:00,2026-09-14 14:55:00-04:00,-152.0,212.27999877929688,212.33999633789065,-9.11962890625432,1.5925499725341796,-10.7121788787885,-137.0
context,NVDA,2026-09-14 14:55:00-04:00,2026-09-14 15:00:00-04:00,-137.0,212.33999633789065,212.57000732421875,-31.51150512694923,0.1062850036621093,-31.61779013061134,-136.0
context,NVDA,2026-09-14 15:00:00-04:00,2026-09-14 15:05:00-04:00,-136.0,212.57000732421875,212.58999633789065,-2.7185058593788654,0.1062949981689453,-2.8248008575478107,-135.0
context,NVDA,2026-09-14 15:05:00-04:00,2026-09-14 15:10:00-04:00,-135.0,212.58999633789065,212.4199981689453,22.949752807621024,2.230409980773926,20.719342826847097,-114.0
context,NVDA,2026-09-14 15:10:00-04:00,2026-09-14 15:15:00-04:00,-114.0,212.4199981689453,212.2700042724609,17.09930419922199,8.596935173034668,8.502369026187322,-33.0
context,NVDA,2026-09-14 15:15:00-04:00,2026-09-14 15:20:00-04:00,-33.0,212.2700042724609,212.2700042724609,-0.0,0.1061350021362304,-0.1061350021362304,-32.0
context,NVDA,2026-09-14 15:20:00-04:00,2026-09-14 15:30:00-04:00,-32.0,212.2700042724609,212.1000061035156,5.43994140625,6.150900177001953,-0.7109587707519527,-90.0
context,NVDA,2026-09-14 15:30:00-04:00,2026-09-14 15:35:00-04:00,-90.0,212.1000061035156,211.7935028076172,27.585296630856817,6.671495338439941,20.913801292416878,-27.0
context,NVDA,2026-09-14 15:35:00-04:00,2026-09-14 15:45:00-04:00,-27.0,211.7935028076172,212.0749969482422,-7.600341796875,0.1060374984741211,-7.706379295349121,-26.0
context,NVDA,2026-09-14 15:45:00-04:00,2026-09-14 15:55:00-04:00,-26.0,212.0749969482422,211.7100067138672,9.48974609375,2.7522300872802736,6.737516006469726,0.0
context,SNDK,,2026-09-14 09:45:00-04:00,0.0,,1518.7099609375,0.0,7.5935498046875,-7.5935498046875,10.0
context,SNDK,2026-09-14 09:45:00-04:00,2026-09-14 09:50:00-04:00,10.0,1518.7099609375,1546.699951171875,279.89990234375,6.960149780273437,272.9397525634766,19.0
context,SNDK,2026-09-14 09:50:00-04:00,2026-09-14 09:55:00-04:00,19.0,1546.699951171875,1524.7900390625,-416.288330078125,12.1983203125,-428.486650390625,3.0
context,SNDK,2026-09-14 09:55:00-04:00,2026-09-14 10:00:00-04:00,3.0,1524.7900390625,1532.0899658203125,21.8997802734375,5.362314880371094,16.537465393066405,10.0
context,SNDK,2026-09-14 10:00:00-04:00,2026-09-14 10:05:00-04:00,10.0,1532.0899658203125,1545.6500244140625,135.6005859375,2.3184750366210936,133.2821109008789,7.0
context,SNDK,2026-09-14 10:05:00-04:00,2026-09-14 10:30:00-04:00,7.0,1545.6500244140625,1556.3699951171875,75.039794921875,0.7781849975585937,74.2616099243164,6.0
context,SNDK,2026-09-14 10:30:00-04:00,2026-09-14 10:35:00-04:00,6.0,1556.3699951171875,1553.39501953125,-17.849853515625,0.776697509765625,-18.626551025390626,7.0
context,SNDK,2026-09-14 10:35:00-04:00,2026-09-14 10:40:00-04:00,7.0,1553.39501953125,1548.9599609375,-31.04541015625,1.5489599609375,-32.5943701171875,9.0
context,SNDK,2026-09-14 10:40:00-04:00,2026-09-14 10:45:00-04:00,9.0,1548.9599609375,1555.6650390625,60.345703125,2.33349755859375,58.01220556640625,12.0
context,SNDK,2026-09-14 10:45:00-04:00,2026-09-14 10:50:00-04:00,12.0,1555.6650390625,1546.630126953125,-108.4189453125,3.866575317382813,-112.28552062988281,7.0
context,SNDK,2026-09-14 10:50:00-04:00,2026-09-14 10:55:00-04:00,7.0,1546.630126953125,1540.5574951171875,-42.5084228515625,0.7702787475585937,-43.27870159912109,8.0
context,SNDK,2026-09-14 10:55:00-04:00,2026-09-14 11:10:00-04:00,8.0,1540.5574951171875,1532.989990234375,-60.5400390625,3.832474975585937,-64.37251403808594,13.0
context,SNDK,2026-09-14 11:10:00-04:00,2026-09-14 11:15:00-04:00,13.0,1532.989990234375,1532.1400146484375,-11.0496826171875,1.5321400146484374,-12.581822631835937,15.0
context,SNDK,2026-09-14 11:15:00-04:00,2026-09-14 11:20:00-04:00,15.0,1532.1400146484375,1531.5999755859375,-8.1005859375,0.7657999877929688,-8.866385925292969,14.0
context,SNDK,2026-09-14 11:20:00-04:00,2026-09-14 11:25:00-04:00,14.0,1531.5999755859375,1529.8199462890625,-24.92041015625,0.7649099731445312,-25.68532012939453,13.0
context,SNDK,2026-09-14 11:25:00-04:00,2026-09-14 11:30:00-04:00,13.0,1529.8199462890625,1540.5,138.8406982421875,0.77025,138.0704482421875,12.0
context,SNDK,2026-09-14 11:30:00-04:00,2026-09-14 11:35:00-04:00,12.0,1540.5,1549.030029296875,102.3603515625,5.421605102539062,96.93874645996094,5.0
context,SNDK,2026-09-14 11:35:00-04:00,2026-09-14 11:40:00-04:00,5.0,1549.030029296875,1542.5899658203125,-32.2003173828125,0.7712949829101563,-32.971612365722656,4.0
context,SNDK,2026-09-14 11:40:00-04:00,2026-09-14 11:45:00-04:00,4.0,1542.5899658203125,1543.18505859375,2.38037109375,2.314777587890625,0.06559350585937507,1.0
context,SNDK,2026-09-14 11:45:00-04:00,2026-09-14 11:50:00-04:00,1.0,1543.18505859375,1533.4649658203125,-9.7200927734375,4.600394897460937,-14.320487670898437,7.0
context,SNDK,2026-09-14 11:50:00-04:00,2026-09-14 12:00:00-04:00,7.0,1533.4649658203125,1535.2239990234375,12.313232421875,0.7676119995117188,11.545620422363282,6.0
context,SNDK,2026-09-14 12:00:00-04:00,2026-09-14 12:20:00-04:00,6.0,1535.2239990234375,1544.4000244140625,55.05615234375,4.633200073242188,50.422952270507814,0.0
context,SNDK,2026-09-14 12:20:00-04:00,2026-09-14 13:05:00-04:00,0.0,1544.4000244140625,1559.0,0.0,3.118,-3.118,4.0
context,SNDK,2026-09-14 13:05:00-04:00,2026-09-14 13:30:00-04:00,4.0,1559.0,1571.199951171875,48.7998046875,0.7855999755859375,48.01420471191406,3.0
context,SNDK,2026-09-14 13:30:00-04:00,2026-09-14 13:35:00-04:00,3.0,1571.199951171875,1568.8699951171875,-6.9898681640625,0.7844349975585938,-7.774303161621094,2.0
context,SNDK,2026-09-14 13:35:00-04:00,2026-09-14 13:45:00-04:00,2.0,1568.8699951171875,1572.3299560546875,6.919921875,3.144659912109375,3.775261962890625,6.0
context,SNDK,2026-09-14 13:45:00-04:00,2026-09-14 13:55:00-04:00,6.0,1572.3299560546875,1577.6700439453125,32.04052734375,0.7888350219726562,31.251692321777345,5.0
context,SNDK,2026-09-14 13:55:00-04:00,2026-09-14 14:00:00-04:00,5.0,1577.6700439453125,1578.5250244140625,4.27490234375,0.7892625122070313,3.4856398315429686,6.0
context,SNDK,2026-09-14 14:00:00-04:00,2026-09-14 14:10:00-04:00,6.0,1578.5250244140625,1578.52001953125,-0.030029296875,0.789260009765625,-0.819289306640625,5.0
context,SNDK,2026-09-14 14:10:00-04:00,2026-09-14 14:15:00-04:00,5.0,1578.52001953125,1572.81005859375,-28.5498046875,2.359215087890625,-30.909019775390625,2.0
context,SNDK,2026-09-14 14:15:00-04:00,2026-09-14 14:45:00-04:00,2.0,1572.81005859375,1563.9949951171875,-17.630126953125,0.7819974975585937,-18.412124450683592,1.0
context,SNDK,2026-09-14 14:45:00-04:00,2026-09-14 14:50:00-04:00,1.0,1563.9949951171875,1563.929931640625,-0.0650634765625,0.7819649658203125,-0.8470284423828125,0.0
context,SNDK,2026-09-14 14:50:00-04:00,2026-09-14 14:50:00-04:00,0.0,1563.929931640625,1563.929931640625,0.0,1.563929931640625,-1.563929931640625,-2.0
context,SNDK,2026-09-14 14:50:00-04:00,2026-09-14 15:00:00-04:00,-2.0,1563.929931640625,1564.3199462890625,-0.780029296875,2.3464799194335937,-3.1265092163085937,-5.0
context,SNDK,2026-09-14 15:00:00-04:00,2026-09-14 15:05:00-04:00,-5.0,1564.3199462890625,1564.5550537109375,-1.175537109375,0.7822775268554687,-1.9578146362304687,-4.0
context,SNDK,2026-09-14 15:05:00-04:00,2026-09-14 15:10:00-04:00,-4.0,1564.5550537109375,1561.8499755859375,10.8203125,2.3427749633789063,8.477537536621094,-7.0
context,SNDK,2026-09-14 15:10:00-04:00,2026-09-14 15:15:00-04:00,-7.0,1561.8499755859375,1558.530029296875,23.2396240234375,3.896325073242188,19.34329895019531,-12.0
context,SNDK,2026-09-14 15:15:00-04:00,2026-09-14 15:20:00-04:00,-12.0,1558.530029296875,1562.1300048828125,-43.19970703125,0.7810650024414062,-43.98077203369141,-11.0
context,SNDK,2026-09-14 15:20:00-04:00,2026-09-14 15:30:00-04:00,-11.0,1562.1300048828125,1558.9200439453125,35.3095703125,3.117840087890625,32.19173022460937,-7.0
context,SNDK,2026-09-14 15:30:00-04:00,2026-09-14 15:35:00-04:00,-7.0,1558.9200439453125,1559.010009765625,-0.6297607421875,1.559010009765625,-2.188770751953125,-9.0
context,SNDK,2026-09-14 15:35:00-04:00,2026-09-14 15:45:00-04:00,-9.0,1559.010009765625,1563.81005859375,-43.200439453125,1.56381005859375,-44.76424951171875,-7.0
context,SNDK,2026-09-14 15:45:00-04:00,2026-09-14 15:55:00-04:00,-7.0,1563.81005859375,1553.010009765625,75.600341796875,5.435535034179687,70.1648067626953,0.0
hold,SNDK,,2026-09-14 09:30:00-04:00,0.0,,1521.5250244140625,0.0,5.325337585449219,-5.325337585449219,7.0
hold,SNDK,2026-09-14 09:30:00-04:00,2026-09-14 15:55:00-04:00,7.0,1521.5250244140625,1553.010009765625,220.3948974609375,5.435535034179687,214.95936242675782,0.0
hold,TSLA,,2026-09-14 09:30:00-04:00,0.0,,359.95001220703125,0.0,5.579225189208985,-5.579225189208985,31.0
hold,TSLA,2026-09-14 09:30:00-04:00,2026-09-14 15:55:00-04:00,31.0,359.95001220703125,359.4100036621094,-16.740264892578125,5.570855056762695,-22.31111994934082,0.0
hold,PLTR,,2026-09-14 09:30:00-04:00,0.0,,169.6999969482422,0.0,5.515249900817871,-5.515249900817871,65.0
hold,PLTR,2026-09-14 09:30:00-04:00,2026-09-14 15:55:00-04:00,65.0,169.6999969482422,173.66000366210938,257.4004364013672,5.643950119018554,251.75648628234865,0.0
hold,NVDA,,2026-09-14 09:30:00-04:00,0.0,,211.0800018310547,0.0,5.488080047607422,-5.488080047607422,52.0
hold,NVDA,2026-09-14 09:30:00-04:00,2026-09-14 15:55:00-04:00,52.0,211.0800018310547,211.7100067138672,32.76025390625,5.504460174560547,27.25579373168945,0.0
l1_base,SNDK,,2026-09-14 09:35:00-04:00,0.0,,1519.0,0.0,15.9495,-15.9495,-21.0
l1_base,SNDK,2026-09-14 09:35:00-04:00,2026-09-14 09:40:00-04:00,-21.0,1519.0,1513.1199951171875,123.4801025390625,15.88775994873047,107.59234259033204,0.0
l1_base,SNDK,2026-09-14 09:40:00-04:00,2026-09-14 09:40:00-04:00,0.0,1513.1199951171875,1513.1199951171875,0.0,2.269679992675781,-2.269679992675781,3.0
l1_base,SNDK,2026-09-14 09:40:00-04:00,2026-09-14 09:45:00-04:00,3.0,1513.1199951171875,1518.7099609375,16.7698974609375,0.75935498046875,16.01054248046875,2.0
l1_base,SNDK,2026-09-14 09:45:00-04:00,2026-09-14 09:50:00-04:00,2.0,1518.7099609375,1546.699951171875,55.97998046875,11.600249633789062,44.37973083496094,17.0
l1_base,SNDK,2026-09-14 09:50:00-04:00,2026-09-14 09:55:00-04:00,17.0,1546.699951171875,1524.7900390625,-372.468505859375,11.43592529296875,-383.90443115234376,2.0
l1_base,SNDK,2026-09-14 09:55:00-04:00,2026-09-14 10:00:00-04:00,2.0,1524.7900390625,1532.0899658203125,14.599853515625,1.5320899658203124,13.067763549804688,0.0
l1_base,SNDK,2026-09-14 10:00:00-04:00,2026-09-14 10:00:00-04:00,0.0,1532.0899658203125,1532.0899658203125,0.0,4.596269897460937,-4.596269897460937,-6.0
l1_base,SNDK,2026-09-14 10:00:00-04:00,2026-09-14 10:05:00-04:00,-6.0,1532.0899658203125,1545.6500244140625,-81.3603515625,0.7728250122070313,-82.13317657470704,-7.0
l1_base,SNDK,2026-09-14 10:05:00-04:00,2026-09-14 10:10:00-04:00,-7.0,1545.6500244140625,1553.205078125,-52.8853759765625,5.4362177734375,-58.32159375,0.0
l1_base,SNDK,2026-09-14 10:10:00-04:00,2026-09-14 10:10:00-04:00,0.0,1553.205078125,1553.205078125,0.0,2.3298076171875,-2.3298076171875,3.0
l1_base,SNDK,2026-09-14 10:10:00-04:00,2026-09-14 10:15:00-04:00,3.0,1553.205078125,1558.18994140625,14.95458984375,0.779094970703125,14.175494873046874,4.0
l1_base,SNDK,2026-09-14 10:15:00-04:00,2026-09-14 10:20:00-04:00,4.0,1558.18994140625,1565.5,29.240234375,3.131,26.109234375,0.0
l1_base,SNDK,2026-09-14 10:20:00-04:00,2026-09-14 10:20:00-04:00,0.0,1565.5,1565.5,0.0,6.262,-6.262,-8.0
l1_base,SNDK,2026-09-14 10:20:00-04:00,2026-09-14 10:25:00-04:00,-8.0,1565.5,1557.844970703125,61.240234375,1.557844970703125,59.68238940429688,-6.0
l1_base,SNDK,2026-09-14 10:25:00-04:00,2026-09-14 10:30:00-04:00,-6.0,1557.844970703125,1556.3699951171875,8.849853515625,3.112739990234375,5.737113525390625,-2.0
l1_base,SNDK,2026-09-14 10:30:00-04:00,2026-09-14 10:35:00-04:00,-2.0,1556.3699951171875,1553.39501953125,5.949951171875,0.776697509765625,5.173253662109375,-3.0
l1_base,SNDK,2026-09-14 10:35:00-04:00,2026-09-14 10:40:00-04:00,-3.0,1553.39501953125,1548.9599609375,13.30517578125,2.32343994140625,10.98173583984375,0.0
l1_base,SNDK,2026-09-14 10:40:00-04:00,2026-09-14 10:40:00-04:00,0.0,1548.9599609375,1548.9599609375,0.0,4.6468798828125,-4.6468798828125,6.0
l1_base,SNDK,2026-09-14 10:40:00-04:00,2026-09-14 10:50:00-04:00,6.0,1548.9599609375,1546.630126953125,-13.97900390625,7.733150634765625,-21.712154541015625,16.0
l1_base,SNDK,2026-09-14 10:50:00-04:00,2026-09-14 10:55:00-04:00,16.0,1546.630126953125,1540.5574951171875,-97.162109375,6.932508728027344,-104.09461810302734,7.0
l1_base,SNDK,2026-09-14 10:55:00-04:00,2026-09-14 11:00:00-04:00,7.0,1540.5574951171875,1543.6700439453125,21.787841796875,0.7718350219726563,21.016006774902344,6.0
l1_base,SNDK,2026-09-14 11:00:00-04:00,2026-09-14 11:05:00-04:00,6.0,1543.6700439453125,1532.7850341796875,-65.31005859375,6.897532653808594,-72.2075912475586,15.0
l1_base,SNDK,2026-09-14 11:05:00-04:00,2026-09-14 11:15:00-04:00,15.0,1532.7850341796875,1532.1400146484375,-9.67529296875,2.298210021972656,-11.973502990722656,12.0
l1_base,SNDK,2026-09-14 11:15:00-04:00,2026-09-14 11:20:00-04:00,12.0,1532.1400146484375,1531.5999755859375,-6.48046875,4.594799926757813,-11.075268676757812,18.0
l1_base,SNDK,2026-09-14 11:20:00-04:00,2026-09-14 11:40:00-04:00,18.0,1531.5999755859375,1542.5899658203125,197.81982421875,2.3138849487304687,195.50593927001952,21.0
l1_base,SNDK,2026-09-14 11:40:00-04:00,2026-09-14 11:45:00-04:00,21.0,1542.5899658203125,1543.18505859375,12.4969482421875,0.771592529296875,11.725355712890625,20.0
l1_base,SNDK,2026-09-14 11:45:00-04:00,2026-09-14 11:55:00-04:00,20.0,1543.18505859375,1531.1800537109375,-240.10009765625,6.890310241699218,-246.9904078979492,11.0
l1_base,SNDK,2026-09-14 11:55:00-04:00,2026-09-14 12:00:00-04:00,11.0,1531.1800537109375,1535.2239990234375,44.4833984375,8.443731994628907,36.039666442871095,0.0
l1_base,SNDK,2026-09-14 12:00:00-04:00,2026-09-14 12:00:00-04:00,0.0,1535.2239990234375,1535.2239990234375,0.0,5.373283996582031,-5.373283996582031,-7.0
l1_base,SNDK,2026-09-14 12:00:00-04:00,2026-09-14 12:05:00-04:00,-7.0,1535.2239990234375,1531.77001953125,24.1778564453125,5.361195068359375,18.816661376953125,0.0
l1_base,SNDK,2026-09-14 12:05:00-04:00,2026-09-14 12:05:00-04:00,0.0,1531.77001953125,1531.77001953125,0.0,1.53177001953125,-1.53177001953125,2.0
l1_base,SNDK,2026-09-14 12:05:00-04:00,2026-09-14 12:15:00-04:00,2.0,1531.77001953125,1536.0,8.4599609375,1.536,6.9239609375,4.0
l1_base,SNDK,2026-09-14 12:15:00-04:00,2026-09-14 12:20:00-04:00,4.0,1536.0,1544.4000244140625,33.60009765625,3.088800048828125,30.511297607421874,8.0
l1_base,SNDK,2026-09-14 12:20:00-04:00,2026-09-14 12:25:00-04:00,8.0,1544.4000244140625,1545.6600341796875,10.080078125,0.7728300170898438,9.307248107910157,7.0
l1_base,SNDK,2026-09-14 12:25:00-04:00,2026-09-14 12:30:00-04:00,7.0,1545.6600341796875,1542.8599853515625,-19.600341796875,0.7714299926757813,-20.37177178955078,6.0
l1_base,SNDK,2026-09-14 12:30:00-04:00,2026-09-14 12:35:00-04:00,6.0,1542.8599853515625,1543.3699951171875,3.06005859375,3.086739990234375,-0.026681396484375064,2.0
l1_base,SNDK,2026-09-14 12:35:00-04:00,2026-09-14 12:40:00-04:00,2.0,1543.3699951171875,1545.925048828125,5.110107421875,0.7729625244140625,4.337144897460938,1.0
l1_base,SNDK,2026-09-14 12:40:00-04:00,2026-09-14 12:45:00-04:00,1.0,1545.925048828125,1547.1199951171875,1.1949462890625,4.641359985351563,-3.4464136962890626,7.0
l1_base,SNDK,2026-09-14 12:45:00-04:00,2026-09-14 12:50:00-04:00,7.0,1547.1199951171875,1547.974365234375,5.9805908203125,0.7739871826171875,5.206603637695313,8.0
l1_base,SNDK,2026-09-14 12:50:00-04:00,2026-09-14 13:00:00-04:00,8.0,1547.974365234375,1554.5999755859375,53.0048828125,6.21839990234375,46.78648291015625,0.0
l1_base,SNDK,2026-09-14 13:00:00-04:00,2026-09-14 13:30:00-04:00,0.0,1554.5999755859375,1571.199951171875,0.0,3.927999877929688,-3.927999877929688,5.0
l1_base,SNDK,2026-09-14 13:30:00-04:00,2026-09-14 13:35:00-04:00,5.0,1571.199951171875,1568.8699951171875,-11.6497802734375,3.137739990234375,-14.787520263671876,9.0
l1_base,SNDK,2026-09-14 13:35:00-04:00,2026-09-14 13:40:00-04:00,9.0,1568.8699951171875,1570.77001953125,17.1002197265625,3.1415400390625,13.9586796875,5.0
l1_base,SNDK,2026-09-14 13:40:00-04:00,2026-09-14 13:45:00-04:00,5.0,1570.77001953125,1572.3299560546875,7.7996826171875,0.7861649780273438,7.013517639160156,4.0
l1_base,SNDK,2026-09-14 13:45:00-04:00,2026-09-14 13:50:00-04:00,4.0,1572.3299560546875,1575.0201416015625,10.7607421875,0.7875100708007813,9.973232116699219,3.0
l1_base,SNDK,2026-09-14 13:50:00-04:00,2026-09-14 13:55:00-04:00,3.0,1575.0201416015625,1577.6700439453125,7.94970703125,0.7888350219726562,7.160872009277344,2.0
l1_base,SNDK,2026-09-14 13:55:00-04:00,2026-09-14 14:00:00-04:00,2.0,1577.6700439453125,1578.5250244140625,1.7099609375,0.7892625122070313,0.9206984252929687,1.0
l1_base,SNDK,2026-09-14 14:00:00-04:00,2026-09-14 14:05:00-04:00,1.0,1578.5250244140625,1576.1650390625,-2.3599853515625,0.78808251953125,-3.14806787109375,0.0
l1_base,SNDK,2026-09-14 14:05:00-04:00,2026-09-14 14:10:00-04:00,0.0,1576.1650390625,1578.52001953125,0.0,0.789260009765625,-0.789260009765625,-1.0
l1_base,SNDK,2026-09-14 14:10:00-04:00,2026-09-14 14:15:00-04:00,-1.0,1578.52001953125,1572.81005859375,5.7099609375,0.786405029296875,4.9235559082031255,0.0
l1_base,SNDK,2026-09-14 14:15:00-04:00,2026-09-14 14:15:00-04:00,0.0,1572.81005859375,1572.81005859375,0.0,1.57281005859375,-1.57281005859375,2.0
l1_base,SNDK,2026-09-14 14:15:00-04:00,2026-09-14 14:20:00-04:00,2.0,1572.81005859375,1570.0,-5.6201171875,0.785,-6.4051171875,3.0
l1_base,SNDK,2026-09-14 14:20:00-04:00,2026-09-14 14:25:00-04:00,3.0,1570.0,1565.0849609375,-14.7451171875,1.5650849609375,-16.3102021484375,1.0
l1_base,SNDK,2026-09-14 14:25:00-04:00,2026-09-14 14:40:00-04:00,1.0,1565.0849609375,1564.550048828125,-0.534912109375,2.346825073242188,-2.881737182617188,4.0
l1_base,SNDK,2026-09-14 14:40:00-04:00,2026-09-14 14:45:00-04:00,4.0,1564.550048828125,1563.9949951171875,-2.22021484375,0.7819974975585937,-3.002212341308594,3.0
l1_base,SNDK,2026-09-14 14:45:00-04:00,2026-09-14 14:50:00-04:00,3.0,1563.9949951171875,1563.929931640625,-0.1951904296875,0.7819649658203125,-0.9771553955078125,2.0
l1_base,SNDK,2026-09-14 14:50:00-04:00,2026-09-14 14:55:00-04:00,2.0,1563.929931640625,1566.625,5.39013671875,1.566625,3.82351171875,0.0
l1_base,SNDK,2026-09-14 14:55:00-04:00,2026-09-14 14:55:00-04:00,0.0,1566.625,1566.625,0.0,2.3499375,-2.3499375,-3.0
l1_base,SNDK,2026-09-14 14:55:00-04:00,2026-09-14 15:05:00-04:00,-3.0,1566.625,1564.5550537109375,6.2098388671875,4.693665161132812,1.5161737060546878,-9.0
l1_base,SNDK,2026-09-14 15:05:00-04:00,2026-09-14 15:10:00-04:00,-9.0,1564.5550537109375,1561.8499755859375,24.345703125,0.7809249877929687,23.564778137207032,-10.0
l1_base,SNDK,2026-09-14 15:10:00-04:00,2026-09-14 15:15:00-04:00,-10.0,1561.8499755859375,1558.530029296875,33.199462890625,0.7792650146484374,32.42019787597656,-9.0
l1_base,SNDK,2026-09-14 15:15:00-04:00,2026-09-14 15:20:00-04:00,-9.0,1558.530029296875,1562.1300048828125,-32.3997802734375,1.5621300048828124,-33.96191027832031,-11.0
l1_base,SNDK,2026-09-14 15:20:00-04:00,2026-09-14 15:25:00-04:00,-11.0,1562.1300048828125,1559.77001953125,25.9598388671875,0.779885009765625,25.179953857421875,-10.0
l1_base,SNDK,2026-09-14 15:25:00-04:00,2026-09-14 15:35:00-04:00,-10.0,1559.77001953125,1559.010009765625,7.60009765625,1.559010009765625,6.041087646484375,-12.0
l1_base,SNDK,2026-09-14 15:35:00-04:00,2026-09-14 15:40:00-04:00,-12.0,1559.010009765625,1559.7899169921875,-9.35888671875,0.7798949584960938,-10.138781677246094,-11.0
l1_base,SNDK,2026-09-14 15:40:00-04:00,2026-09-14 15:45:00-04:00,-11.0,1559.7899169921875,1563.81005859375,-44.2215576171875,3.909525146484375,-48.13108276367188,-6.0
l1_base,SNDK,2026-09-14 15:45:00-04:00,2026-09-14 15:50:00-04:00,-6.0,1563.81005859375,1563.9599609375,-0.8994140625,4.6918798828125,-5.5912939453125,0.0
l1_base,NVDA,,2026-09-14 09:35:00-04:00,0.0,,209.6699981689453,0.0,5.870759948730469,-5.870759948730469,-56.0
l1_base,NVDA,2026-09-14 09:35:00-04:00,2026-09-14 09:40:00-04:00,-56.0,209.6699981689453,209.2700042724609,22.39965820312659,5.859560119628906,16.540098083497686,0.0
l1_base,NVDA,2026-09-14 09:40:00-04:00,2026-09-14 09:45:00-04:00,0.0,209.2700042724609,209.8600006103516,0.0,12.381740036010742,-12.381740036010742,-118.0
l1_base,NVDA,2026-09-14 09:45:00-04:00,2026-09-14 09:50:00-04:00,-118.0,209.8600006103516,211.30999755859372,-171.09963989257142,3.3809599609375,-174.48059985350892,-86.0
l1_base,NVDA,2026-09-14 09:50:00-04:00,2026-09-14 09:55:00-04:00,-86.0,211.30999755859372,210.6699981689453,55.03994750976318,9.058809921264649,45.981137588498534,0.0
l1_base,NVDA,2026-09-14 09:55:00-04:00,2026-09-14 10:10:00-04:00,0.0,210.6699981689453,211.22000122070312,0.0,1.0561000061035155,-1.0561000061035155,-10.0
l1_base,NVDA,2026-09-14 10:10:00-04:00,2026-09-14 10:15:00-04:00,-10.0,211.22000122070312,211.4250030517578,-2.050018310546875,1.5856875228881837,-3.6357058334350585,-25.0
l1_base,NVDA,2026-09-14 10:15:00-04:00,2026-09-14 10:20:00-04:00,-25.0,211.4250030517578,210.69000244140625,18.375015258789062,5.05656005859375,13.318455200195313,-73.0
l1_base,NVDA,2026-09-14 10:20:00-04:00,2026-09-14 10:25:00-04:00,-73.0,210.69000244140625,210.2350006103516,33.21513366699011,0.8409400024414062,32.374193664548706,-81.0
l1_base,NVDA,2026-09-14 10:25:00-04:00,2026-09-14 10:30:00-04:00,-81.0,210.2350006103516,210.4499969482422,-17.414703369138323,3.577649948120117,-20.99235331725844,-115.0
l1_base,NVDA,2026-09-14 10:30:00-04:00,2026-09-14 10:35:00-04:00,-115.0,210.4499969482422,210.9250030517578,-54.625701904296875,6.960525100708008,-61.586227005004886,-49.0
l1_base,NVDA,2026-09-14 10:35:00-04:00,2026-09-14 10:40:00-04:00,-49.0,210.9250030517578,210.41000366210935,25.23497009277483,5.049840087890625,20.185130004884204,-1.0
l1_base,NVDA,2026-09-14 10:40:00-04:00,2026-09-14 10:55:00-04:00,-1.0,210.41000366210935,210.625,-0.21499633789065342,0.1053125,-0.32030883789065345,0.0
l1_base,NVDA,2026-09-14 10:55:00-04:00,2026-09-14 11:50:00-04:00,0.0,210.625,211.7700042724609,0.0,6.5648701324462895,-6.5648701324462895,-62.0
l1_base,NVDA,2026-09-14 11:50:00-04:00,2026-09-14 11:55:00-04:00,-62.0,211.7700042724609,211.90499877929688,-8.369659423829887,6.357149963378906,-14.726809387208792,-2.0
l1_base,NVDA,2026-09-14 11:55:00-04:00,2026-09-14 12:10:00-04:00,-2.0,211.90499877929688,211.77999877929688,0.25,0.2117799987792968,0.03822000122070321,0.0
l1_base,NVDA,2026-09-14 12:10:00-04:00,2026-09-14 12:15:00-04:00,0.0,211.77999877929688,211.6999969482422,-0.0,4.022299942016602,-4.022299942016602,-38.0
l1_base,NVDA,2026-09-14 12:15:00-04:00,2026-09-14 12:20:00-04:00,-38.0,211.6999969482422,212.13999938964844,-16.7200927734375,8.06131997680664,-24.78141275024414,-114.0
l1_base,NVDA,2026-09-14 12:20:00-04:00,2026-09-14 12:25:00-04:00,-114.0,212.13999938964844,211.94000244140625,22.799652099609375,0.1059700012207031,22.69368209838867,-113.0
l1_base,NVDA,2026-09-14 12:25:00-04:00,2026-09-14 12:35:00-04:00,-113.0,211.94000244140625,211.6699981689453,30.510482788085938,6.35009994506836,24.16038284301758,-53.0
l1_base,NVDA,2026-09-14 12:35:00-04:00,2026-09-14 12:40:00-04:00,-53.0,211.6699981689453,211.7749938964844,-5.564773559571819,3.6001748962402345,-9.164948455812054,-19.0
l1_base,NVDA,2026-09-14 12:40:00-04:00,2026-09-14 12:45:00-04:00,-19.0,211.7749938964844,211.85499572753903,-1.5200347900379825,0.1059274978637695,-1.625962287901752,-18.0
l1_base,NVDA,2026-09-14 12:45:00-04:00,2026-09-14 12:50:00-04:00,-18.0,211.85499572753903,212.268798828125,-7.448455810547387,0.1061343994140625,-7.554590209961449,-17.0
l1_base,NVDA,2026-09-14 12:50:00-04:00,2026-09-14 12:55:00-04:00,-17.0,212.268798828125,212.02999877929688,4.059600830078125,0.1060149993896484,3.9535858306884766,-16.0
l1_base,NVDA,2026-09-14 12:55:00-04:00,2026-09-14 13:00:00-04:00,-16.0,212.02999877929688,212.10989379882807,-1.2783203124990905,0.106054946899414,-1.3843752593985046,-15.0
l1_base,NVDA,2026-09-14 13:00:00-04:00,2026-09-14 13:05:00-04:00,-15.0,212.10989379882807,212.1385955810547,-0.43052673339929015,9.97051399230957,-10.40104072570886,-109.0
l1_base,NVDA,2026-09-14 13:05:00-04:00,2026-09-14 13:10:00-04:00,-109.0,212.1385955810547,212.1750030517578,-3.968414306640625,0.1060875015258789,-4.074501808166504,-108.0
l1_base,NVDA,2026-09-14 13:10:00-04:00,2026-09-14 13:15:00-04:00,-108.0,212.1750030517578,212.07000732421875,11.33953857421875,2.438805084228516,8.900733489990234,-131.0
l1_base,NVDA,2026-09-14 13:15:00-04:00,2026-09-14 13:20:00-04:00,-131.0,212.07000732421875,212.0449981689453,3.2761993408203125,9.754069915771485,-6.477870574951172,-39.0
l1_base,NVDA,2026-09-14 13:20:00-04:00,2026-09-14 13:25:00-04:00,-39.0,212.0449981689453,212.3500061035156,-11.895309448241079,0.1061750030517578,-12.001484451292837,-38.0
l1_base,NVDA,2026-09-14 13:25:00-04:00,2026-09-14 13:30:00-04:00,-38.0,212.3500061035156,212.58999633789065,-9.11962890625216,5.739929901123047,-14.859558807375208,-92.0
l1_base,NVDA,2026-09-14 13:30:00-04:00,2026-09-14 13:35:00-04:00,-92.0,212.58999633789065,212.4199981689453,15.639831542971365,0.1062099990844726,15.533621543886893,-91.0
l1_base,NVDA,2026-09-14 13:35:00-04:00,2026-09-14 13:40:00-04:00,-91.0,212.4199981689453,212.4600067138672,-3.640777587890625,0.1062300033569336,-3.7470075912475584,-90.0
l1_base,NVDA,2026-09-14 13:40:00-04:00,2026-09-14 13:50:00-04:00,-90.0,212.4600067138672,212.5749969482422,-10.34912109375,6.4835374069213865,-16.832658500671386,-151.0
l1_base,NVDA,2026-09-14 13:50:00-04:00,2026-09-14 14:05:00-04:00,-151.0,212.5749969482422,212.28640747070312,43.57701110839844,0.1061432037353515,43.47086790466309,-150.0
l1_base,NVDA,2026-09-14 14:05:00-04:00,2026-09-14 14:10:00-04:00,-150.0,212.28640747070312,212.5399932861328,-38.037872314453125,0.1062699966430664,-38.14414231109619,-149.0
l1_base,NVDA,2026-09-14 14:10:00-04:00,2026-09-14 14:15:00-04:00,-149.0,212.5399932861328,212.4600067138672,11.917999267578125,0.1062300033569336,11.81176926422119,-148.0
l1_base,NVDA,2026-09-14 14:15:00-04:00,2026-09-14 14:20:00-04:00,-148.0,212.4600067138672,212.22999572753903,34.041625976566706,0.1061149978637695,33.935510978702936,-147.0
l1_base,NVDA,2026-09-14 14:20:00-04:00,2026-09-14 14:25:00-04:00,-147.0,212.22999572753903,212.18499755859372,6.6147308349609375,0.1060924987792968,6.508638336181641,-146.0
l1_base,NVDA,2026-09-14 14:25:00-04:00,2026-09-14 14:30:00-04:00,-146.0,212.18499755859372,212.1100006103516,10.949554443351076,1.484770004272461,9.464784439078615,-132.0
l1_base,NVDA,2026-09-14 14:30:00-04:00,2026-09-14 14:35:00-04:00,-132.0,212.1100006103516,212.27999877929688,-22.4397583007775,2.0166599884033203,-24.456418289180817,-151.0
l1_base,NVDA,2026-09-14 14:35:00-04:00,2026-09-14 14:40:00-04:00,-151.0,212.27999877929688,212.4149932861328,-20.384170532226562,0.1062074966430664,-20.49037802886963,-150.0
l1_base,NVDA,2026-09-14 14:40:00-04:00,2026-09-14 14:45:00-04:00,-150.0,212.4149932861328,212.3999938964844,2.2499084472613617,0.1061999969482421,2.14370845031312,-151.0
l1_base,NVDA,2026-09-14 14:45:00-04:00,2026-09-14 14:50:00-04:00,-151.0,212.3999938964844,212.33999633789065,9.05963134765625,0.1061699981689453,8.953461349487304,-150.0
l1_base,NVDA,2026-09-14 14:50:00-04:00,2026-09-14 15:00:00-04:00,-150.0,212.33999633789065,212.57000732421875,-34.50164794921449,0.1062850036621093,-34.607932952876595,-149.0
l1_base,NVDA,2026-09-14 15:00:00-04:00,2026-09-14 15:05:00-04:00,-149.0,212.57000732421875,212.58999633789065,-2.97836303711361,1.3818349761962891,-4.360198013309899,-136.0
l1_base,NVDA,2026-09-14 15:05:00-04:00,2026-09-14 15:10:00-04:00,-136.0,212.58999633789065,212.4199981689453,23.119750976566365,1.168309989929199,21.951440986637166,-125.0
l1_base,NVDA,2026-09-14 15:10:00-04:00,2026-09-14 15:15:00-04:00,-125.0,212.4199981689453,212.2700042724609,18.749237060550428,13.266875267028809,5.482361793521619,0.0
l1_base,NVDA,2026-09-14 15:15:00-04:00,2026-09-14 15:40:00-04:00,0.0,212.2700042724609,211.83999633789065,-0.0,4.978239913940429,-4.978239913940429,47.0
l1_base,NVDA,2026-09-14 15:40:00-04:00,2026-09-14 15:55:00-04:00,47.0,211.83999633789065,211.7100067138672,-6.109512329102898,4.975185157775879,-11.084697486878778,0.0
l1_base,TSLA,,2026-09-14 09:40:00-04:00,0.0,,361.7000122070313,0.0,12.116950408935548,-12.116950408935548,-67.0
l1_base,TSLA,2026-09-14 09:40:00-04:00,2026-09-14 09:45:00-04:00,-67.0,361.7000122070313,361.7300109863281,-2.0099182128868165,12.117955368041992,-14.127873580928808,0.0
l1_base,TSLA,2026-09-14 09:45:00-04:00,2026-09-14 09:55:00-04:00,0.0,361.7300109863281,361.8150024414063,0.0,16.281675109863283,-16.281675109863283,90.0
l1_base,TSLA,2026-09-14 09:55:00-04:00,2026-09-14 10:00:00-04:00,90.0,361.8150024414063,360.2250061035156,-143.09967041016137,0.1801125030517578,-143.27978291321313,89.0
l1_base,TSLA,2026-09-14 10:00:00-04:00,2026-09-14 10:05:00-04:00,89.0,360.2250061035156,360.09039306640625,-11.980560302734375,0.1800451965332031,-12.160605499267579,88.0
l1_base,TSLA,2026-09-14 10:05:00-04:00,2026-09-14 10:10:00-04:00,88.0,360.09039306640625,360.9200134277344,73.006591796875,0.1804600067138672,72.82613179016113,87.0
l1_base,TSLA,2026-09-14 10:10:00-04:00,2026-09-14 10:15:00-04:00,87.0,360.9200134277344,360.80999755859375,-9.571380615234375,0.1804049987792969,-9.751785614013672,86.0
l1_base,TSLA,2026-09-14 10:15:00-04:00,2026-09-14 10:20:00-04:00,86.0,360.80999755859375,358.8349914550781,-169.85052490234375,15.42990463256836,-185.28042953491212,0.0
l1_base,TSLA,2026-09-14 10:20:00-04:00,2026-09-14 10:25:00-04:00,0.0,358.8349914550781,357.489990234375,-0.0,8.043524780273437,-8.043524780273437,-45.0
l1_base,TSLA,2026-09-14 10:25:00-04:00,2026-09-14 10:35:00-04:00,-45.0,357.489990234375,359.0,-67.950439453125,0.1795,-68.129939453125,-44.0
l1_base,TSLA,2026-09-14 10:35:00-04:00,2026-09-14 10:40:00-04:00,-44.0,359.0,358.20001220703125,35.199462890625,2.86560009765625,32.33386279296875,-60.0
l1_base,TSLA,2026-09-14 10:40:00-04:00,2026-09-14 10:45:00-04:00,-60.0,358.20001220703125,358.7099914550781,-30.5987548828125,0.179354995727539,-30.77810987854004,-59.0
l1_base,TSLA,2026-09-14 10:45:00-04:00,2026-09-14 10:50:00-04:00,-59.0,358.7099914550781,359.19000244140625,-28.320648193359375,7.542990051269531,-35.86363824462891,-17.0
l1_base,TSLA,2026-09-14 10:50:00-04:00,2026-09-14 10:55:00-04:00,-17.0,359.19000244140625,358.5799865722656,10.370269775390625,2.689349899291992,7.680919876098633,-2.0
l1_base,TSLA,2026-09-14 10:55:00-04:00,2026-09-14 11:00:00-04:00,-2.0,358.5799865722656,358.6099853515625,-0.05999755859375,0.3586099853515625,-0.4186075439453125,0.0
l1_base,TSLA,2026-09-14 11:00:00-04:00,2026-09-14 11:55:00-04:00,0.0,358.6099853515625,363.63958740234375,0.0,12.54556576538086,-12.54556576538086,-69.0
l1_base,TSLA,2026-09-14 11:55:00-04:00,2026-09-14 12:00:00-04:00,-69.0,363.63958740234375,363.1744995117188,32.09106445312108,3.450157745361328,28.64090670775975,-88.0
l1_base,TSLA,2026-09-14 12:00:00-04:00,2026-09-14 12:05:00-04:00,-88.0,363.1744995117188,363.9100036621094,-64.72436523437,0.1819550018310546,-64.90632023620105,-87.0
l1_base,TSLA,2026-09-14 12:05:00-04:00,2026-09-14 12:10:00-04:00,-87.0,363.9100036621094,362.8901062011719,88.7310791015625,11.431038345336914,77.30004075622558,-24.0
l1_base,TSLA,2026-09-14 12:10:00-04:00,2026-09-14 12:15:00-04:00,-24.0,362.8901062011719,362.4737854003906,9.99169921875,0.1812368927001953,9.810462326049805,-23.0
l1_base,TSLA,2026-09-14 12:15:00-04:00,2026-09-14 12:20:00-04:00,-23.0,362.4737854003906,363.7699890136719,-29.81268310546875,1.2731949615478515,-31.0858780670166,-16.0
l1_base,TSLA,2026-09-14 12:20:00-04:00,2026-09-14 12:25:00-04:00,-16.0,363.7699890136719,363.55029296875,3.51513671875,1.272426025390625,2.242710693359375,-9.0
l1_base,TSLA,2026-09-14 12:25:00-04:00,2026-09-14 12:35:00-04:00,-9.0,363.55029296875,362.9299926757813,5.582702636718238,1.9961149597167969,3.5865876770014413,-20.0
l1_base,TSLA,2026-09-14 12:35:00-04:00,2026-09-14 12:45:00-04:00,-20.0,362.9299926757813,362.2851867675781,12.896118164063637,3.622851867675781,9.273266296387856,0.0
l1_base,TSLA,2026-09-14 12:45:00-04:00,2026-09-14 13:00:00-04:00,0.0,362.2851867675781,362.7749938964844,0.0,6.529949890136718,-6.529949890136718,36.0
l1_base,TSLA,2026-09-14 13:00:00-04:00,2026-09-14 13:10:00-04:00,36.0,362.7749938964844,362.5549926757813,-7.920043945310454,6.344712371826172,-14.264756317136627,1.0
l1_base,TSLA,2026-09-14 13:10:00-04:00,2026-09-14 13:15:00-04:00,1.0,362.5549926757813,362.6549987792969,0.10000610351556816,0.1813274993896484,-0.08132139587408024,0.0
l1_base,TSLA,2026-09-14 13:15:00-04:00,2026-09-14 13:20:00-04:00,0.0,362.6549987792969,362.3450012207031,-0.0,6.159865020751953,-6.159865020751953,-34.0
l1_base,TSLA,2026-09-14 13:20:00-04:00,2026-09-14 13:25:00-04:00,-34.0,362.3450012207031,362.8500061035156,-17.170166015625,0.1814250030517578,-17.351591018676757,-35.0
l1_base,TSLA,2026-09-14 13:25:00-04:00,2026-09-14 13:30:00-04:00,-35.0,362.8500061035156,362.8599853515625,-0.349273681640625,1.6328699340820312,-1.9821436157226562,-26.0
l1_base,TSLA,2026-09-14 13:30:00-04:00,2026-09-14 13:35:00-04:00,-26.0,362.8599853515625,362.5899963378906,7.01971435546875,3.807194961547852,3.212519393920898,-5.0
l1_base,TSLA,2026-09-14 13:35:00-04:00,2026-09-14 13:45:00-04:00,-5.0,362.5899963378906,362.6300048828125,-0.200042724609375,0.1813150024414062,-0.3813577270507812,-4.0
l1_base,TSLA,2026-09-14 13:45:00-04:00,2026-09-14 14:00:00-04:00,-4.0,362.6300048828125,362.2601013183594,1.4796142578125,0.1811300506591797,1.2984842071533202,-3.0
l1_base,TSLA,2026-09-14 14:00:00-04:00,2026-09-14 14:15:00-04:00,-3.0,362.2601013183594,361.4450073242188,2.4452819824217045,0.5421675109863281,1.9031144714353765,0.0
l1_base,TSLA,2026-09-14 14:15:00-04:00,2026-09-14 14:45:00-04:00,0.0,361.4450073242188,360.8699951171875,-0.0,2.345654968261719,-2.345654968261719,13.0
l1_base,TSLA,2026-09-14 14:45:00-04:00,2026-09-14 14:50:00-04:00,13.0,360.8699951171875,360.9400024414063,0.910095214844489,0.1804700012207031,0.7296252136237859,12.0
l1_base,TSLA,2026-09-14 14:50:00-04:00,2026-09-14 14:55:00-04:00,12.0,360.9400024414063,360.8299865722656,-1.3201904296881821,2.164979919433594,-3.485170349121776,0.0
l1_base,TSLA,2026-09-14 14:55:00-04:00,2026-09-14 15:15:00-04:00,0.0,360.8299865722656,359.6960144042969,-0.0,8.452856338500977,-8.452856338500977,47.0
l1_base,TSLA,2026-09-14 15:15:00-04:00,2026-09-14 15:20:00-04:00,47.0,359.6960144042969,359.614990234375,-3.808135986328125,0.1798074951171875,-3.9879434814453125,46.0
l1_base,TSLA,2026-09-14 15:20:00-04:00,2026-09-14 15:25:00-04:00,46.0,359.614990234375,359.45001220703125,-7.5889892578125,1.2580750427246097,-8.84706430053711,53.0
l1_base,TSLA,2026-09-14 15:25:00-04:00,2026-09-14 15:30:00-04:00,53.0,359.45001220703125,360.2950134277344,44.785064697265625,3.963245147705078,40.821819549560544,31.0
l1_base,TSLA,2026-09-14 15:30:00-04:00,2026-09-14 15:35:00-04:00,31.0,360.2950134277344,360.2703857421875,-0.763458251953125,1.8013519287109374,-2.5648101806640624,41.0
l1_base,TSLA,2026-09-14 15:35:00-04:00,2026-09-14 15:40:00-04:00,41.0,360.2703857421875,360.2349853515625,-1.451416015625,0.1801174926757812,-1.6315335083007811,40.0
l1_base,TSLA,2026-09-14 15:40:00-04:00,2026-09-14 15:45:00-04:00,40.0,360.2349853515625,360.3699951171875,5.400390625,1.6216649780273438,3.7787256469726564,31.0
l1_base,TSLA,2026-09-14 15:45:00-04:00,2026-09-14 15:50:00-04:00,31.0,360.3699951171875,360.17999267578125,-5.89007568359375,5.582789886474609,-11.47286557006836,0.0
l1_base,PLTR,,2026-09-14 09:40:00-04:00,0.0,,167.05999755859375,0.0,7.350639892578125,-7.350639892578125,-88.0
l1_base,PLTR,2026-09-14 09:40:00-04:00,2026-09-14 09:45:00-04:00,-88.0,167.05999755859375,167.19000244140625,-11.4404296875,7.356360107421875,-18.796789794921875,0.0
l1_base,PLTR,2026-09-14 09:45:00-04:00,2026-09-14 09:45:00-04:00,0.0,167.19000244140625,167.19000244140625,0.0,6.771195098876953,-6.771195098876953,81.0
l1_base,PLTR,2026-09-14 09:45:00-04:00,2026-09-14 09:50:00-04:00,81.0,167.19000244140625,167.50999450683594,25.919357299804688,6.784154777526855,19.135202522277833,0.0
l1_base,PLTR,2026-09-14 09:50:00-04:00,2026-09-14 09:55:00-04:00,0.0,167.50999450683594,168.4499969482422,0.0,3.705899932861328,-3.705899932861328,44.0
l1_base,PLTR,2026-09-14 09:55:00-04:00,2026-09-14 10:00:00-04:00,44.0,168.4499969482422,168.35499572753906,-4.1800537109375,2.7778574295043947,-6.957911140441895,11.0
l1_base,PLTR,2026-09-14 10:00:00-04:00,2026-09-14 10:05:00-04:00,11.0,168.35499572753906,167.56500244140625,-8.689926147460938,0.9216075134277344,-9.611533660888671,0.0
l1_base,PLTR,2026-09-14 10:05:00-04:00,2026-09-14 10:10:00-04:00,0.0,167.56500244140625,167.94000244140625,0.0,2.5191000366210936,-2.5191000366210936,-30.0
l1_base,PLTR,2026-09-14 10:10:00-04:00,2026-09-14 10:15:00-04:00,-30.0,167.94000244140625,167.4499969482422,14.700164794921875,2.511749954223633,12.188414840698242,0.0
l1_base,PLTR,2026-09-14 10:15:00-04:00,2026-09-14 10:20:00-04:00,0.0,167.4499969482422,167.46499633789062,0.0,7.117262344360352,-7.117262344360352,85.0
l1_base,PLTR,2026-09-14 10:20:00-04:00,2026-09-14 10:25:00-04:00,85.0,167.46499633789062,167.02000427246094,-37.82432556152344,7.0983501815795895,-44.92267574310303,0.0
l1_base,PLTR,2026-09-14 10:25:00-04:00,2026-09-14 10:35:00-04:00,0.0,167.02000427246094,168.5,0.0,5.729,-5.729,68.0
l1_base,PLTR,2026-09-14 10:35:00-04:00,2026-09-14 10:40:00-04:00,68.0,168.5,168.13499450683594,-24.82037353515625,0.0840674972534179,-24.904441032409668,67.0
l1_base,PLTR,2026-09-14 10:40:00-04:00,2026-09-14 10:45:00-04:00,67.0,168.13499450683594,168.82000732421875,45.89585876464844,0.1688200073242187,45.727038757324216,69.0
l1_base,PLTR,2026-09-14 10:45:00-04:00,2026-09-14 10:50:00-04:00,69.0,168.82000732421875,169.4149932861328,41.05403137207031,0.1694149932861328,40.88461637878418,71.0
l1_base,PLTR,2026-09-14 10:50:00-04:00,2026-09-14 10:55:00-04:00,71.0,169.4149932861328,169.5200958251953,7.4622802734375,9.238845222473143,-1.7765649490356434,180.0
l1_base,PLTR,2026-09-14 10:55:00-04:00,2026-09-14 11:00:00-04:00,180.0,169.5200958251953,169.83999633789062,57.58209228515625,0.0849199981689453,57.49717228698731,179.0
l1_base,PLTR,2026-09-14 11:00:00-04:00,2026-09-14 11:05:00-04:00,179.0,169.83999633789062,169.75,-16.109344482421875,5.007625,-21.116969482421876,120.0
l1_base,PLTR,2026-09-14 11:05:00-04:00,2026-09-14 11:10:00-04:00,120.0,169.75,170.8000030517578,126.0003662109375,0.0854000015258789,125.91496620941162,119.0
l1_base,PLTR,2026-09-14 11:10:00-04:00,2026-09-14 11:15:00-04:00,119.0,170.8000030517578,171.3800048828125,69.02021789550781,1.970870056152344,67.04934783935546,142.0
l1_base,PLTR,2026-09-14 11:15:00-04:00,2026-09-14 11:20:00-04:00,142.0,171.3800048828125,171.52499389648438,20.58843994140625,4.116599853515625,16.471840087890627,94.0
l1_base,PLTR,2026-09-14 11:20:00-04:00,2026-09-14 11:25:00-04:00,94.0,171.52499389648438,171.5,-2.34942626953125,0.1715,-2.52092626953125,92.0
l1_base,PLTR,2026-09-14 11:25:00-04:00,2026-09-14 11:30:00-04:00,92.0,171.5,170.77000427246094,-67.15960693359375,0.5123100128173829,-67.67191694641113,86.0
l1_base,PLTR,2026-09-14 11:30:00-04:00,2026-09-14 11:35:00-04:00,86.0,170.77000427246094,171.82000732421875,90.30026245117188,0.687280029296875,89.612982421875,94.0
l1_base,PLTR,2026-09-14 11:35:00-04:00,2026-09-14 11:40:00-04:00,94.0,171.82000732421875,171.57200622558594,-23.312103271484375,2.31622208404541,-25.628325355529785,67.0
l1_base,PLTR,2026-09-14 11:40:00-04:00,2026-09-14 11:45:00-04:00,67.0,171.57200622558594,171.79010009765625,14.612289428710938,0.1717901000976562,14.440499328613281,69.0
l1_base,PLTR,2026-09-14 11:45:00-04:00,2026-09-14 11:50:00-04:00,69.0,171.79010009765625,171.44500732421875,-23.8114013671875,5.9148527526855466,-29.726254119873047,0.0
l1_base,PLTR,2026-09-14 11:50:00-04:00,2026-09-14 12:05:00-04:00,0.0,171.44500732421875,171.50999450683594,0.0,4.0304848709106444,-4.0304848709106444,-47.0
l1_base,PLTR,2026-09-14 12:05:00-04:00,2026-09-14 12:10:00-04:00,-47.0,171.50999450683594,172.16000366210938,-30.550430297851562,11.879040252685549,-42.42947055053711,-185.0
l1_base,PLTR,2026-09-14 12:10:00-04:00,2026-09-14 12:15:00-04:00,-185.0,172.16000366210938,172.5449981689453,-71.22398376464844,11.215424880981445,-82.43940864562988,-55.0
l1_base,PLTR,2026-09-14 12:15:00-04:00,2026-09-14 12:20:00-04:00,-55.0,172.5449981689453,173.3699951171875,-45.37483215332031,4.767674865722657,-50.14250701904297,0.0
l1_base,PLTR,2026-09-14 12:20:00-04:00,2026-09-14 12:25:00-04:00,0.0,173.3699951171875,173.56500244140625,0.0,1.822432525634765,-1.822432525634765,21.0
l1_base,PLTR,2026-09-14 12:25:00-04:00,2026-09-14 12:30:00-04:00,21.0,173.56500244140625,173.38499450683594,-3.7801666259765625,0.0866924972534179,-3.8668591232299803,20.0
l1_base,PLTR,2026-09-14 12:30:00-04:00,2026-09-14 12:35:00-04:00,20.0,173.38499450683594,173.3538055419922,-0.623779296875,4.940583457946778,-5.564362754821778,77.0
l1_base,PLTR,2026-09-14 12:35:00-04:00,2026-09-14 12:40:00-04:00,77.0,173.3538055419922,172.5,-65.74302673339844,0.08625,-65.82927673339844,76.0
l1_base,PLTR,2026-09-14 12:40:00-04:00,2026-09-14 12:45:00-04:00,76.0,172.5,172.05499267578125,-33.820556640625,7.140282196044922,-40.96083883666992,159.0
l1_base,PLTR,2026-09-14 12:45:00-04:00,2026-09-14 12:50:00-04:00,159.0,172.05499267578125,172.47000122070312,65.98635864257812,0.0862350006103515,65.90012364196777,158.0
l1_base,PLTR,2026-09-14 12:50:00-04:00,2026-09-14 13:00:00-04:00,158.0,172.47000122070312,172.72999572753906,41.079132080078125,0.0863649978637695,40.99276708221436,157.0
l1_base,PLTR,2026-09-14 13:00:00-04:00,2026-09-14 13:05:00-04:00,157.0,172.72999572753906,172.67999267578125,-7.8504791259765625,13.555379425048828,-21.40585855102539,0.0
l1_base,PLTR,2026-09-14 13:05:00-04:00,2026-09-14 13:05:00-04:00,0.0,172.67999267578125,172.67999267578125,0.0,0.5180399780273437,-0.5180399780273437,-6.0
l1_base,PLTR,2026-09-14 13:05:00-04:00,2026-09-14 13:10:00-04:00,-6.0,172.67999267578125,172.52000427246094,0.959930419921875,0.5175600128173828,0.44237040710449216,0.0
l1_base,PLTR,2026-09-14 13:10:00-04:00,2026-09-14 13:10:00-04:00,0.0,172.52000427246094,172.52000427246094,0.0,0.5175600128173828,-0.5175600128173828,6.0
l1_base,PLTR,2026-09-14 13:10:00-04:00,2026-09-14 13:15:00-04:00,6.0,172.52000427246094,172.6999969482422,1.0799560546875,5.094649909973144,-4.014693855285644,65.0
l1_base,PLTR,2026-09-14 13:15:00-04:00,2026-09-14 13:20:00-04:00,65.0,172.6999969482422,172.87289428710938,11.238327026367188,5.70480551147461,5.533521514892578,131.0
l1_base,PLTR,2026-09-14 13:20:00-04:00,2026-09-14 13:25:00-04:00,131.0,172.87289428710938,172.88999938964844,2.2407684326171875,0.0864449996948242,2.1543234329223635,130.0
l1_base,PLTR,2026-09-14 13:25:00-04:00,2026-09-14 13:30:00-04:00,130.0,172.88999938964844,173.3000030517578,53.30047607421875,8.66500015258789,44.63547592163086,30.0
l1_base,PLTR,2026-09-14 13:30:00-04:00,2026-09-14 13:35:00-04:00,30.0,173.3000030517578,173.02999877929688,-8.100128173828125,0.7786349945068359,-8.878763168334961,39.0
l1_base,PLTR,2026-09-14 13:35:00-04:00,2026-09-14 13:45:00-04:00,39.0,173.02999877929688,173.25999450683594,8.969833374023438,3.378569892883301,5.591263481140137,0.0
l1_base,PLTR,2026-09-14 13:45:00-04:00,2026-09-14 13:50:00-04:00,0.0,173.25999450683594,173.20509338378906,-0.0,1.8186534805297847,-1.8186534805297847,21.0
l1_base,PLTR,2026-09-14 13:50:00-04:00,2026-09-14 13:55:00-04:00,21.0,173.20509338378906,173.09950256347656,-2.2174072265625,0.0865497512817382,-2.3039569778442384,20.0
l1_base,PLTR,2026-09-14 13:55:00-04:00,2026-09-14 14:00:00-04:00,20.0,173.09950256347656,173.23500061035156,2.7099609375,0.6063225021362305,2.1036384353637696,27.0
l1_base,PLTR,2026-09-14 14:00:00-04:00,2026-09-14 14:05:00-04:00,27.0,173.23500061035156,173.1199951171875,-3.1051483154296875,2.163999938964844,-5.269148254394532,52.0
l1_base,PLTR,2026-09-14 14:05:00-04:00,2026-09-14 14:10:00-04:00,52.0,173.1199951171875,173.10499572753906,-0.77996826171875,0.6924199829101563,-1.4723882446289063,44.0
l1_base,PLTR,2026-09-14 14:10:00-04:00,2026-09-14 14:15:00-04:00,44.0,173.10499572753906,173.0449981689453,-2.639892578125,0.0865224990844726,-2.7264150772094724,43.0
l1_base,PLTR,2026-09-14 14:15:00-04:00,2026-09-14 14:20:00-04:00,43.0,173.0449981689453,172.61500549316406,-18.48968505859375,0.172615005493164,-18.662300064086914,41.0
l1_base,PLTR,2026-09-14 14:20:00-04:00,2026-09-14 14:30:00-04:00,41.0,172.61500549316406,172.6999969482422,3.484649658203125,1.0361999816894532,2.448449676513672,53.0
l1_base,PLTR,2026-09-14 14:30:00-04:00,2026-09-14 14:40:00-04:00,53.0,172.6999969482422,172.72999572753906,1.589935302734375,2.3318549423217774,-0.7419196395874024,26.0
l1_base,PLTR,2026-09-14 14:40:00-04:00,2026-09-14 14:45:00-04:00,26.0,172.72999572753906,173.13999938964844,10.66009521484375,2.2508199920654297,8.40927522277832,0.0
l1_base,PLTR,2026-09-14 14:45:00-04:00,2026-09-14 14:45:00-04:00,0.0,173.13999938964844,173.13999938964844,0.0,0.1731399993896484,-0.1731399993896484,-2.0
l1_base,PLTR,2026-09-14 14:45:00-04:00,2026-09-14 14:55:00-04:00,-2.0,173.13999938964844,172.88999938964844,0.5,2.9391299896240235,-2.4391299896240235,-36.0
l1_base,PLTR,2026-09-14 14:55:00-04:00,2026-09-14 15:00:00-04:00,-36.0,172.88999938964844,172.57000732421875,11.51971435546875,0.0862850036621093,11.433429351806641,-35.0
l1_base,PLTR,2026-09-14 15:00:00-04:00,2026-09-14 15:05:00-04:00,-35.0,172.57000732421875,172.54249572753906,0.9629058837890625,3.0194936752319337,-2.056587791442871,0.0
l1_base,PLTR,2026-09-14 15:05:00-04:00,2026-09-14 15:20:00-04:00,0.0,172.54249572753906,172.7100067138672,0.0,4.31775016784668,-4.31775016784668,-50.0
l1_base,PLTR,2026-09-14 15:20:00-04:00,2026-09-14 15:35:00-04:00,-50.0,172.7100067138672,173.8489990234375,-56.949615478515625,0.0869244995117187,-57.03653997802734,-49.0
l1_base,PLTR,2026-09-14 15:35:00-04:00,2026-09-14 15:40:00-04:00,-49.0,173.8489990234375,173.9499969482422,-4.9488983154296875,4.261774925231934,-9.21067324066162,0.0
l1_plus,SNDK,,2026-09-14 09:35:00-04:00,0.0,,1519.0,0.0,15.9495,-15.9495,-21.0
l1_plus,SNDK,2026-09-14 09:35:00-04:00,2026-09-14 09:45:00-04:00,-21.0,1519.0,1518.7099609375,6.0908203125,15.94645458984375,-9.85563427734375,0.0
l1_plus,SNDK,2026-09-14 09:45:00-04:00,2026-09-14 09:50:00-04:00,0.0,1518.7099609375,1546.699951171875,0.0,16.240349487304687,-16.240349487304687,-21.0
l1_plus,SNDK,2026-09-14 09:50:00-04:00,2026-09-14 10:05:00-04:00,-21.0,1546.699951171875,1545.6500244140625,22.0484619140625,1.5456500244140623,20.502811889648438,-19.0
l1_plus,SNDK,2026-09-14 10:05:00-04:00,2026-09-14 10:10:00-04:00,-19.0,1545.6500244140625,1553.205078125,-143.5460205078125,1.553205078125,-145.0992255859375,-21.0
l1_plus,SNDK,2026-09-14 10:10:00-04:00,2026-09-14 10:15:00-04:00,-21.0,1553.205078125,1558.18994140625,-104.68212890625,16.360994384765625,-121.04312329101563,0.0
l1_plus,SNDK,2026-09-14 10:15:00-04:00,2026-09-14 10:15:00-04:00,0.0,1558.18994140625,1558.18994140625,0.0,5.453664794921875,-5.453664794921875,7.0
l1_plus,SNDK,2026-09-14 10:15:00-04:00,2026-09-14 10:20:00-04:00,7.0,1558.18994140625,1565.5,51.17041015625,5.47925,45.69116015625,0.0
l1_plus,SNDK,2026-09-14 10:20:00-04:00,2026-09-14 10:20:00-04:00,0.0,1565.5,1565.5,0.0,15.655,-15.655,-20.0
l1_plus,SNDK,2026-09-14 10:20:00-04:00,2026-09-14 10:25:00-04:00,-20.0,1565.5,1557.844970703125,153.1005859375,0.7789224853515625,152.32166345214844,-21.0
l1_plus,SNDK,2026-09-14 10:25:00-04:00,2026-09-14 10:30:00-04:00,-21.0,1557.844970703125,1556.3699951171875,30.9744873046875,12.4509599609375,18.52352734375,-5.0
l1_plus,SNDK,2026-09-14 10:30:00-04:00,2026-09-14 10:35:00-04:00,-5.0,1556.3699951171875,1553.39501953125,14.8748779296875,0.776697509765625,14.098180419921874,-6.0
l1_plus,SNDK,2026-09-14 10:35:00-04:00,2026-09-14 10:40:00-04:00,-6.0,1553.39501953125,1548.9599609375,26.6103515625,4.6468798828125,21.9634716796875,0.0
l1_plus,SNDK,2026-09-14 10:40:00-04:00,2026-09-14 10:45:00-04:00,0.0,1548.9599609375,1555.6650390625,0.0,10.11182275390625,-10.11182275390625,-13.0
l1_plus,SNDK,2026-09-14 10:45:00-04:00,2026-09-14 10:50:00-04:00,-13.0,1555.6650390625,1546.630126953125,117.453857421875,10.053095825195312,107.40076159667969,0.0
l1_plus,SNDK,2026-09-14 10:50:00-04:00,2026-09-14 10:55:00-04:00,0.0,1546.630126953125,1540.5574951171875,-0.0,5.391951232910157,-5.391951232910157,7.0
l1_plus,SNDK,2026-09-14 10:55:00-04:00,2026-09-14 11:00:00-04:00,7.0,1540.5574951171875,1543.6700439453125,21.787841796875,5.4028451538085935,16.38499664306641,0.0
l1_plus,SNDK,2026-09-14 11:00:00-04:00,2026-09-14 11:00:00-04:00,0.0,1543.6700439453125,1543.6700439453125,0.0,11.577525329589845,-11.577525329589845,-15.0
l1_plus,SNDK,2026-09-14 11:00:00-04:00,2026-09-14 11:05:00-04:00,-15.0,1543.6700439453125,1532.7850341796875,163.275146484375,11.495887756347656,151.77925872802734,0.0
l1_plus,SNDK,2026-09-14 11:05:00-04:00,2026-09-14 11:10:00-04:00,0.0,1532.7850341796875,1532.989990234375,0.0,4.598969970703125,-4.598969970703125,-6.0
l1_plus,SNDK,2026-09-14 11:10:00-04:00,2026-09-14 11:15:00-04:00,-6.0,1532.989990234375,1532.1400146484375,5.099853515625,0.7660700073242187,4.333783508300781,-7.0
l1_plus,SNDK,2026-09-14 11:15:00-04:00,2026-09-14 11:20:00-04:00,-7.0,1532.1400146484375,1531.5999755859375,3.7802734375,5.360599914550781,-1.5803264770507814,0.0
l1_plus,SNDK,2026-09-14 11:20:00-04:00,2026-09-14 11:20:00-04:00,0.0,1531.5999755859375,1531.5999755859375,0.0,5.360599914550781,-5.360599914550781,7.0
l1_plus,SNDK,2026-09-14 11:20:00-04:00,2026-09-14 11:25:00-04:00,7.0,1531.5999755859375,1529.8199462890625,-12.460205078125,5.354369812011719,-17.81457489013672,0.0
l1_plus,SNDK,2026-09-14 11:25:00-04:00,2026-09-14 11:25:00-04:00,0.0,1529.8199462890625,1529.8199462890625,0.0,13.768379516601565,-13.768379516601565,-18.0
l1_plus,SNDK,2026-09-14 11:25:00-04:00,2026-09-14 11:30:00-04:00,-18.0,1529.8199462890625,1540.5,-192.240966796875,0.77025,-193.011216796875,-17.0
l1_plus,SNDK,2026-09-14 11:30:00-04:00,2026-09-14 11:35:00-04:00,-17.0,1540.5,1549.030029296875,-145.010498046875,13.166755249023437,-158.17725329589842,0.0
l1_plus,SNDK,2026-09-14 11:35:00-04:00,2026-09-14 11:35:00-04:00,0.0,1549.030029296875,1549.030029296875,0.0,5.421605102539062,-5.421605102539062,7.0
l1_plus,SNDK,2026-09-14 11:35:00-04:00,2026-09-14 11:40:00-04:00,7.0,1549.030029296875,1542.5899658203125,-45.0804443359375,9.255539794921877,-54.33598413085937,19.0
l1_plus,SNDK,2026-09-14 11:40:00-04:00,2026-09-14 11:45:00-04:00,19.0,1542.5899658203125,1543.18505859375,11.3067626953125,9.2591103515625,2.0476523437500003,7.0
l1_plus,SNDK,2026-09-14 11:45:00-04:00,2026-09-14 11:55:00-04:00,7.0,1543.18505859375,1531.1800537109375,-84.0350341796875,5.359130187988281,-89.39416436767578,0.0
l1_plus,SNDK,2026-09-14 11:55:00-04:00,2026-09-14 11:55:00-04:00,0.0,1531.1800537109375,1531.1800537109375,0.0,6.890310241699218,-6.890310241699218,-9.0
l1_plus,SNDK,2026-09-14 11:55:00-04:00,2026-09-14 12:00:00-04:00,-9.0,1531.1800537109375,1535.2239990234375,-36.3955078125,1.5352239990234375,-37.93073181152344,-7.0
l1_plus,SNDK,2026-09-14 12:00:00-04:00,2026-09-14 12:05:00-04:00,-7.0,1535.2239990234375,1531.77001953125,24.1778564453125,8.424735107421874,15.753121337890626,-18.0
l1_plus,SNDK,2026-09-14 12:05:00-04:00,2026-09-14 12:10:00-04:00,-18.0,1531.77001953125,1528.260009765625,63.18017578125,13.754340087890624,49.425835693359375,0.0
l1_plus,SNDK,2026-09-14 12:10:00-04:00,2026-09-14 12:25:00-04:00,0.0,1528.260009765625,1545.6600341796875,0.0,9.273960205078126,-9.273960205078126,-12.0
l1_plus,SNDK,2026-09-14 12:25:00-04:00,2026-09-14 12:30:00-04:00,-12.0,1545.6600341796875,1542.8599853515625,33.6005859375,3.857149963378906,29.743435974121095,-7.0
l1_plus,SNDK,2026-09-14 12:30:00-04:00,2026-09-14 12:35:00-04:00,-7.0,1542.8599853515625,1543.3699951171875,-3.570068359375,5.401794982910157,-8.971863342285157,0.0
l1_plus,SNDK,2026-09-14 12:35:00-04:00,2026-09-14 12:50:00-04:00,0.0,1543.3699951171875,1547.974365234375,0.0,5.417910278320313,-5.417910278320313,7.0
l1_plus,SNDK,2026-09-14 12:50:00-04:00,2026-09-14 12:55:00-04:00,7.0,1547.974365234375,1550.5699462890625,18.1690673828125,10.078704650878906,8.090362731933594,20.0
l1_plus,SNDK,2026-09-14 12:55:00-04:00,2026-09-14 13:00:00-04:00,20.0,1550.5699462890625,1554.5999755859375,80.6005859375,15.545999755859375,65.05458618164063,0.0
l1_plus,SNDK,2026-09-14 13:00:00-04:00,2026-09-14 13:00:00-04:00,0.0,1554.5999755859375,1554.5999755859375,0.0,15.545999755859375,-15.545999755859375,-20.0
l1_plus,SNDK,2026-09-14 13:00:00-04:00,2026-09-14 13:05:00-04:00,-20.0,1554.5999755859375,1559.0,-88.00048828125,14.031,-102.03148828125,-2.0
l1_plus,SNDK,2026-09-14 13:05:00-04:00,2026-09-14 13:15:00-04:00,-2.0,1559.0,1566.0001220703125,-14.000244140625,14.87700115966797,-28.87724530029297,-21.0
l1_plus,SNDK,2026-09-14 13:15:00-04:00,2026-09-14 13:25:00-04:00,-21.0,1566.0001220703125,1570.943359375,-103.8079833984375,0.7854716796875,-104.593455078125,-20.0
l1_plus,SNDK,2026-09-14 13:25:00-04:00,2026-09-14 13:35:00-04:00,-20.0,1570.943359375,1568.8699951171875,41.46728515625,15.688699951171875,25.778585205078123,0.0
l1_plus,SNDK,2026-09-14 13:35:00-04:00,2026-09-14 13:35:00-04:00,0.0,1568.8699951171875,1568.8699951171875,0.0,5.491044982910156,-5.491044982910156,7.0
l1_plus,SNDK,2026-09-14 13:35:00-04:00,2026-09-14 13:40:00-04:00,7.0,1568.8699951171875,1570.77001953125,13.3001708984375,3.926925048828125,9.373245849609376,2.0
l1_plus,SNDK,2026-09-14 13:40:00-04:00,2026-09-14 13:45:00-04:00,2.0,1570.77001953125,1572.3299560546875,3.119873046875,1.5723299560546875,1.5475430908203125,0.0
l1_plus,SNDK,2026-09-14 13:45:00-04:00,2026-09-14 13:45:00-04:00,0.0,1572.3299560546875,1572.3299560546875,0.0,15.723299560546875,-15.723299560546875,-20.0
l1_plus,SNDK,2026-09-14 13:45:00-04:00,2026-09-14 13:50:00-04:00,-20.0,1572.3299560546875,1575.0201416015625,-53.8037109375,15.750201416015624,-69.55391235351563,0.0
l1_plus,SNDK,2026-09-14 13:50:00-04:00,2026-09-14 13:55:00-04:00,0.0,1575.0201416015625,1577.6700439453125,0.0,15.776700439453125,-15.776700439453125,-20.0
l1_plus,SNDK,2026-09-14 13:55:00-04:00,2026-09-14 14:00:00-04:00,-20.0,1577.6700439453125,1578.5250244140625,-17.099609375,15.785250244140624,-32.88485961914063,0.0
l1_plus,SNDK,2026-09-14 14:00:00-04:00,2026-09-14 14:05:00-04:00,0.0,1578.5250244140625,1576.1650390625,-0.0,15.761650390625,-15.761650390625,-20.0
l1_plus,SNDK,2026-09-14 14:05:00-04:00,2026-09-14 14:15:00-04:00,-20.0,1576.1650390625,1572.81005859375,67.099609375,15.7281005859375,51.3715087890625,0.0
l1_plus,SNDK,2026-09-14 14:15:00-04:00,2026-09-14 14:15:00-04:00,0.0,1572.81005859375,1572.81005859375,0.0,2.359215087890625,-2.359215087890625,3.0
l1_plus,SNDK,2026-09-14 14:15:00-04:00,2026-09-14 14:20:00-04:00,3.0,1572.81005859375,1570.0,-8.43017578125,2.355,-10.78517578125,0.0
l1_plus,SNDK,2026-09-14 14:20:00-04:00,2026-09-14 14:20:00-04:00,0.0,1570.0,1570.0,0.0,15.7,-15.7,-20.0
l1_plus,SNDK,2026-09-14 14:20:00-04:00,2026-09-14 14:30:00-04:00,-20.0,1570.0,1564.6300048828125,107.39990234375,5.476205017089844,101.92369732666016,-13.0
l1_plus,SNDK,2026-09-14 14:30:00-04:00,2026-09-14 14:35:00-04:00,-13.0,1564.6300048828125,1565.6199951171875,-12.869873046875,5.479669982910156,-18.349543029785156,-6.0
l1_plus,SNDK,2026-09-14 14:35:00-04:00,2026-09-14 14:40:00-04:00,-6.0,1565.6199951171875,1564.550048828125,6.419677734375,4.693650146484375,1.7260275878906253,0.0
l1_plus,SNDK,2026-09-14 14:40:00-04:00,2026-09-14 14:55:00-04:00,0.0,1564.550048828125,1566.625,0.0,7.0498125,-7.0498125,-9.0
l1_plus,SNDK,2026-09-14 14:55:00-04:00,2026-09-14 15:00:00-04:00,-9.0,1566.625,1564.3199462890625,20.7454833984375,3.910799865722656,16.834683532714845,-4.0
l1_plus,SNDK,2026-09-14 15:00:00-04:00,2026-09-14 15:05:00-04:00,-4.0,1564.3199462890625,1564.5550537109375,-0.9404296875,9.387330322265624,-10.327760009765624,-16.0
l1_plus,SNDK,2026-09-14 15:05:00-04:00,2026-09-14 15:15:00-04:00,-16.0,1564.5550537109375,1558.530029296875,96.400390625,10.130445190429688,86.26994543457032,-3.0
l1_plus,SNDK,2026-09-14 15:15:00-04:00,2026-09-14 15:20:00-04:00,-3.0,1558.530029296875,1562.1300048828125,-10.7999267578125,3.124260009765625,-13.924186767578124,-7.0
l1_plus,SNDK,2026-09-14 15:20:00-04:00,2026-09-14 15:25:00-04:00,-7.0,1562.1300048828125,1559.77001953125,16.5198974609375,0.779885009765625,15.740012451171875,-6.0
l1_plus,SNDK,2026-09-14 15:25:00-04:00,2026-09-14 15:30:00-04:00,-6.0,1559.77001953125,1558.9200439453125,5.099853515625,0.7794600219726563,4.320393493652344,-7.0
l1_plus,SNDK,2026-09-14 15:30:00-04:00,2026-09-14 15:35:00-04:00,-7.0,1558.9200439453125,1559.010009765625,-0.6297607421875,10.913070068359374,-11.542830810546874,-21.0
l1_plus,SNDK,2026-09-14 15:35:00-04:00,2026-09-14 15:40:00-04:00,-21.0,1559.010009765625,1559.7899169921875,-16.3780517578125,7.019054626464844,-23.397106384277343,-12.0
l1_plus,SNDK,2026-09-14 15:40:00-04:00,2026-09-14 15:45:00-04:00,-12.0,1559.7899169921875,1563.81005859375,-48.24169921875,6.255240234375,-54.496939453125,-20.0
l1_plus,SNDK,2026-09-14 15:45:00-04:00,2026-09-14 15:50:00-04:00,-20.0,1563.81005859375,1563.9599609375,-2.998046875,10.9477197265625,-13.9457666015625,-6.0
l1_plus,SNDK,2026-09-14 15:50:00-04:00,2026-09-14 15:55:00-04:00,-6.0,1563.9599609375,1553.010009765625,65.69970703125,4.659030029296875,61.04067700195313,0.0
l1_plus,PLTR,,2026-09-14 09:35:00-04:00,0.0,,168.1699981689453,0.0,5.801864936828613,-5.801864936828613,-69.0
l1_plus,PLTR,2026-09-14 09:35:00-04:00,2026-09-14 09:40:00-04:00,-69.0,168.1699981689453,167.05999755859375,76.59004211425781,5.763569915771485,70.82647219848633,0.0
l1_plus,PLTR,2026-09-14 09:40:00-04:00,2026-09-14 09:40:00-04:00,0.0,167.05999755859375,167.05999755859375,0.0,5.847099914550781,-5.847099914550781,70.0
l1_plus,PLTR,2026-09-14 09:40:00-04:00,2026-09-14 10:05:00-04:00,70.0,167.05999755859375,167.56500244140625,35.350341796875,1.8432150268554688,33.50712677001953,48.0
l1_plus,PLTR,2026-09-14 10:05:00-04:00,2026-09-14 10:10:00-04:00,48.0,167.56500244140625,167.94000244140625,18.0,1.2595500183105468,16.74044998168945,33.0
l1_plus,PLTR,2026-09-14 10:10:00-04:00,2026-09-14 10:15:00-04:00,33.0,167.94000244140625,167.4499969482422,-16.170181274414062,2.0931249618530274,-18.26330623626709,58.0
l1_plus,PLTR,2026-09-14 10:15:00-04:00,2026-09-14 10:20:00-04:00,58.0,167.4499969482422,167.46499633789062,0.869964599609375,1.0047899780273437,-0.1348253784179687,70.0
l1_plus,PLTR,2026-09-14 10:20:00-04:00,2026-09-14 10:30:00-04:00,70.0,167.46499633789062,167.25999450683594,-14.350128173828125,10.537379653930664,-24.88750782775879,196.0
l1_plus,PLTR,2026-09-14 10:30:00-04:00,2026-09-14 10:35:00-04:00,196.0,167.25999450683594,168.5,243.04107666015625,6.31875,236.72232666015626,121.0
l1_plus,PLTR,2026-09-14 10:35:00-04:00,2026-09-14 10:45:00-04:00,121.0,168.5,168.82000732421875,38.72088623046875,10.213610443115234,28.507275787353514,0.0
l1_plus,PLTR,2026-09-14 10:45:00-04:00,2026-09-14 10:50:00-04:00,0.0,168.82000732421875,169.4149932861328,0.0,16.602669342041015,-16.602669342041015,196.0
l1_plus,PLTR,2026-09-14 10:50:00-04:00,2026-09-14 10:55:00-04:00,196.0,169.4149932861328,169.5200958251953,20.60009765625,0.0847600479125976,20.515337608337404,195.0
l1_plus,PLTR,2026-09-14 10:55:00-04:00,2026-09-14 11:00:00-04:00,195.0,169.5200958251953,169.83999633789062,62.38059997558594,6.284079864501953,56.09652011108398,121.0
l1_plus,PLTR,2026-09-14 11:00:00-04:00,2026-09-14 11:05:00-04:00,121.0,169.83999633789062,169.75,-10.889556884765625,6.365625,-17.255181884765626,196.0
l1_plus,PLTR,2026-09-14 11:05:00-04:00,2026-09-14 11:15:00-04:00,196.0,169.75,171.3800048828125,319.48095703125,0.0856900024414062,319.3952670288086,195.0
l1_plus,PLTR,2026-09-14 11:15:00-04:00,2026-09-14 11:25:00-04:00,195.0,171.3800048828125,171.5,23.3990478515625,8.31775,15.0812978515625,98.0
l1_plus,PLTR,2026-09-14 11:25:00-04:00,2026-09-14 11:30:00-04:00,98.0,171.5,170.77000427246094,-71.53958129882812,0.3415400085449219,-71.88112130737305,102.0
l1_plus,PLTR,2026-09-14 11:30:00-04:00,2026-09-14 11:35:00-04:00,102.0,170.77000427246094,171.82000732421875,107.10031127929688,7.903720336914063,99.19659094238281,194.0
l1_plus,PLTR,2026-09-14 11:35:00-04:00,2026-09-14 11:40:00-04:00,194.0,171.82000732421875,171.57200622558594,-48.112213134765625,9.093316329956057,-57.20552946472168,88.0
l1_plus,PLTR,2026-09-14 11:40:00-04:00,2026-09-14 11:45:00-04:00,88.0,171.57200622558594,171.79010009765625,19.1922607421875,9.018980255126952,10.173280487060548,193.0
l1_plus,PLTR,2026-09-14 11:45:00-04:00,2026-09-14 11:55:00-04:00,193.0,171.79010009765625,171.60000610351562,-36.688140869140625,1.372800048828125,-38.06094091796875,177.0
l1_plus,PLTR,2026-09-14 11:55:00-04:00,2026-09-14 12:00:00-04:00,177.0,171.60000610351562,171.33999633789062,-46.021728515625,15.16358967590332,-61.185318191528324,0.0
l1_plus,PLTR,2026-09-14 12:00:00-04:00,2026-09-14 12:10:00-04:00,0.0,171.33999633789062,172.16000366210938,0.0,5.853440124511719,-5.853440124511719,68.0
l1_plus,PLTR,2026-09-14 12:10:00-04:00,2026-09-14 12:15:00-04:00,68.0,172.16000366210938,172.5449981689453,26.17962646484375,3.278354965209961,22.90127149963379,30.0
l1_plus,PLTR,2026-09-14 12:15:00-04:00,2026-09-14 12:20:00-04:00,30.0,172.5449981689453,173.3699951171875,24.749908447265625,13.956284606933592,10.793623840332033,191.0
l1_plus,PLTR,2026-09-14 12:20:00-04:00,2026-09-14 12:25:00-04:00,191.0,173.3699951171875,173.56500244140625,37.24639892578125,10.587465148925782,26.65893377685547,69.0
l1_plus,PLTR,2026-09-14 12:25:00-04:00,2026-09-14 12:30:00-04:00,69.0,173.56500244140625,173.38499450683594,-12.420547485351562,4.074547370910644,-16.495094856262206,116.0
l1_plus,PLTR,2026-09-14 12:30:00-04:00,2026-09-14 12:35:00-04:00,116.0,173.38499450683594,173.3538055419922,-3.617919921875,0.0866769027709961,-3.704596824645996,115.0
l1_plus,PLTR,2026-09-14 12:35:00-04:00,2026-09-14 12:45:00-04:00,115.0,173.3538055419922,172.05499267578125,-149.3634796142578,6.624117218017578,-155.9875968322754,192.0
l1_plus,PLTR,2026-09-14 12:45:00-04:00,2026-09-14 12:50:00-04:00,192.0,172.05499267578125,172.47000122070312,79.681640625,0.0862350006103515,79.59540562438964,191.0
l1_plus,PLTR,2026-09-14 12:50:00-04:00,2026-09-14 12:55:00-04:00,191.0,172.47000122070312,172.16000366210938,-59.20953369140625,10.071360214233398,-69.28089390563964,74.0
l1_plus,PLTR,2026-09-14 12:55:00-04:00,2026-09-14 13:00:00-04:00,74.0,172.16000366210938,172.72999572753906,42.179412841796875,0.0863649978637695,42.09304784393311,73.0
l1_plus,PLTR,2026-09-14 13:00:00-04:00,2026-09-14 13:05:00-04:00,73.0,172.72999572753906,172.67999267578125,-3.6502227783203125,3.7126198425292967,-7.362842620849609,30.0
l1_plus,PLTR,2026-09-14 13:05:00-04:00,2026-09-14 13:10:00-04:00,30.0,172.67999267578125,172.52000427246094,-4.799652099609375,1.638940040588379,-6.438592140197754,11.0
l1_plus,PLTR,2026-09-14 13:10:00-04:00,2026-09-14 13:15:00-04:00,11.0,172.52000427246094,172.6999969482422,1.97991943359375,4.921949913024903,-2.9420304794311534,68.0
l1_plus,PLTR,2026-09-14 13:15:00-04:00,2026-09-14 13:20:00-04:00,68.0,172.6999969482422,172.87289428710938,11.75701904296875,0.0864364471435546,11.670582595825195,67.0
l1_plus,PLTR,2026-09-14 13:20:00-04:00,2026-09-14 13:25:00-04:00,67.0,172.87289428710938,172.88999938964844,1.1460418701171875,0.0864449996948242,1.0595968704223633,68.0
l1_plus,PLTR,2026-09-14 13:25:00-04:00,2026-09-14 13:30:00-04:00,68.0,172.88999938964844,173.3000030517578,27.8802490234375,0.0866500015258789,27.79359902191162,67.0
l1_plus,PLTR,2026-09-14 13:30:00-04:00,2026-09-14 13:35:00-04:00,67.0,173.3000030517578,173.02999877929688,-18.090286254882812,10.641344924926758,-28.73163117980957,190.0
l1_plus,PLTR,2026-09-14 13:35:00-04:00,2026-09-14 13:40:00-04:00,190.0,173.02999877929688,173.39999389648438,70.299072265625,2.1674999237060546,68.13157234191894,165.0
l1_plus,PLTR,2026-09-14 13:40:00-04:00,2026-09-14 13:45:00-04:00,165.0,173.39999389648438,173.25999450683594,-23.099899291992188,14.03405955505371,-37.133958847045896,3.0
l1_plus,PLTR,2026-09-14 13:45:00-04:00,2026-09-14 13:50:00-04:00,3.0,173.25999450683594,173.20509338378906,-0.164703369140625,0.173205093383789,-0.337908462524414,5.0
l1_plus,PLTR,2026-09-14 13:50:00-04:00,2026-09-14 13:55:00-04:00,5.0,173.20509338378906,173.09950256347656,-0.5279541015625,0.1730995025634765,-0.7010536041259765,7.0
l1_plus,PLTR,2026-09-14 13:55:00-04:00,2026-09-14 14:00:00-04:00,7.0,173.09950256347656,173.23500061035156,0.948486328125,14.811592552185058,-13.863106224060058,178.0
l1_plus,PLTR,2026-09-14 14:00:00-04:00,2026-09-14 14:05:00-04:00,178.0,173.23500061035156,173.1199951171875,-20.470977783203125,9.608159729003908,-30.079137512207033,67.0
l1_plus,PLTR,2026-09-14 14:05:00-04:00,2026-09-14 14:10:00-04:00,67.0,173.1199951171875,173.10499572753906,-1.0049591064453125,1.1251824722290038,-2.1301415786743165,54.0
l1_plus,PLTR,2026-09-14 14:10:00-04:00,2026-09-14 14:25:00-04:00,54.0,173.10499572753906,172.6999969482422,-21.86993408203125,0.086349998474121,-21.95628408050537,53.0
l1_plus,PLTR,2026-09-14 14:25:00-04:00,2026-09-14 14:30:00-04:00,53.0,172.6999969482422,172.6999969482422,0.0,7.512449867248535,-7.512449867248535,140.0
l1_plus,PLTR,2026-09-14 14:30:00-04:00,2026-09-14 14:45:00-04:00,140.0,172.6999969482422,173.13999938964844,61.600341796875,6.14646997833252,55.45387181854248,69.0
l1_plus,PLTR,2026-09-14 14:45:00-04:00,2026-09-14 14:50:00-04:00,69.0,173.13999938964844,173.11000061035156,-2.069915771484375,2.1638750076293944,-4.23379077911377,94.0
l1_plus,PLTR,2026-09-14 14:50:00-04:00,2026-09-14 14:55:00-04:00,94.0,173.11000061035156,172.88999938964844,-20.68011474609375,0.0864449996948242,-20.766559745788573,93.0
l1_plus,PLTR,2026-09-14 14:55:00-04:00,2026-09-14 15:00:00-04:00,93.0,172.88999938964844,172.57000732421875,-29.759262084960938,8.024505340576171,-37.78376742553711,0.0
l1_plus,PLTR,2026-09-14 15:00:00-04:00,2026-09-14 15:05:00-04:00,0.0,172.57000732421875,172.54249572753906,-0.0,9.489837265014648,-9.489837265014648,110.0
l1_plus,PLTR,2026-09-14 15:05:00-04:00,2026-09-14 15:10:00-04:00,110.0,172.54249572753906,172.3800048828125,-17.873992919921875,0.0861900024414062,-17.96018292236328,109.0
l1_plus,PLTR,2026-09-14 15:10:00-04:00,2026-09-14 15:15:00-04:00,109.0,172.3800048828125,172.40499877929688,2.724334716796875,6.982402450561524,-4.258067733764649,190.0
l1_plus,PLTR,2026-09-14 15:15:00-04:00,2026-09-14 15:20:00-04:00,190.0,172.40499877929688,172.7100067138672,57.951507568359375,16.407450637817384,41.54405693054199,0.0
l1_plus,PLTR,2026-09-14 15:20:00-04:00,2026-09-14 15:25:00-04:00,0.0,172.7100067138672,173.19000244140625,0.0,12.036705169677736,-12.036705169677736,139.0
l1_plus,PLTR,2026-09-14 15:25:00-04:00,2026-09-14 15:30:00-04:00,139.0,173.19000244140625,173.44430541992188,35.348114013671875,12.05437922668457,23.293734786987304,0.0
l1_plus,PLTR,2026-09-14 15:30:00-04:00,2026-09-14 15:40:00-04:00,0.0,173.44430541992188,173.9499969482422,0.0,3.739924934387207,-3.739924934387207,43.0
l1_plus,PLTR,2026-09-14 15:40:00-04:00,2026-09-14 15:50:00-04:00,43.0,173.9499969482422,173.97999572753906,1.289947509765625,3.392609916687012,-2.102662406921387,4.0
l1_plus,PLTR,2026-09-14 15:50:00-04:00,2026-09-14 15:55:00-04:00,4.0,173.97999572753906,173.66000366210938,-1.27996826171875,0.3473200073242187,-1.6272882690429686,0.0
l1_plus,NVDA,,2026-09-14 09:45:00-04:00,0.0,,209.8600006103516,0.0,16.369080047607422,-16.369080047607422,156.0
l1_plus,NVDA,2026-09-14 09:45:00-04:00,2026-09-14 09:50:00-04:00,156.0,209.8600006103516,211.30999755859372,226.19952392577238,16.48217980957031,209.71734411620207,0.0
l1_plus,NVDA,2026-09-14 09:50:00-04:00,2026-09-14 10:30:00-04:00,0.0,211.30999755859372,210.4499969482422,-0.0,1.89404997253418,-1.89404997253418,18.0
l1_plus,NVDA,2026-09-14 10:30:00-04:00,2026-09-14 10:40:00-04:00,18.0,210.4499969482422,210.41000366210935,-0.7198791503911366,10.31009017944336,-11.029969329834497,116.0
l1_plus,NVDA,2026-09-14 10:40:00-04:00,2026-09-14 10:45:00-04:00,116.0,210.41000366210935,210.52999877929688,13.919433593753297,0.5263249969482422,13.393108596805055,111.0
l1_plus,NVDA,2026-09-14 10:45:00-04:00,2026-09-14 10:50:00-04:00,111.0,210.52999877929688,210.82000732421875,32.190948486328125,5.797550201416016,26.39339828491211,56.0
l1_plus,NVDA,2026-09-14 10:50:00-04:00,2026-09-14 10:55:00-04:00,56.0,210.82000732421875,210.625,-10.92041015625,5.8975,-16.81791015625,0.0
l1_plus,NVDA,2026-09-14 10:55:00-04:00,2026-09-14 12:15:00-04:00,0.0,210.625,211.6999969482422,0.0,3.281349952697754,-3.281349952697754,-31.0
l1_plus,NVDA,2026-09-14 12:15:00-04:00,2026-09-14 12:20:00-04:00,-31.0,211.6999969482422,212.13999938964844,-13.64007568359375,1.803189994812012,-15.443265678405762,-48.0
l1_plus,NVDA,2026-09-14 12:20:00-04:00,2026-09-14 12:25:00-04:00,-48.0,212.13999938964844,211.94000244140625,9.599853515625,5.08656005859375,4.51329345703125,0.0
l1_plus,NVDA,2026-09-14 12:25:00-04:00,2026-09-14 13:05:00-04:00,0.0,211.94000244140625,212.1385955810547,0.0,1.0606929779052734,-1.0606929779052734,-10.0
l1_plus,NVDA,2026-09-14 13:05:00-04:00,2026-09-14 13:10:00-04:00,-10.0,212.1385955810547,212.1750030517578,-0.36407470703125,2.227837532043457,-2.591912239074707,-31.0
l1_plus,NVDA,2026-09-14 13:10:00-04:00,2026-09-14 13:15:00-04:00,-31.0,212.1750030517578,212.07000732421875,3.2548675537109375,3.2870851135253907,-0.03221755981445318,0.0
l1_plus,NVDA,2026-09-14 13:15:00-04:00,2026-09-14 13:50:00-04:00,0.0,212.07000732421875,212.5749969482422,0.0,16.368274765014647,-16.368274765014647,-154.0
l1_plus,NVDA,2026-09-14 13:50:00-04:00,2026-09-14 13:55:00-04:00,-154.0,212.5749969482422,212.52999877929688,6.929718017578125,16.36480990600586,-9.435091888427735,0.0
l1_plus,NVDA,2026-09-14 13:55:00-04:00,2026-09-14 14:15:00-04:00,0.0,212.52999877929688,212.4600067138672,-0.0,14.553510459899902,-14.553510459899902,-137.0
l1_plus,NVDA,2026-09-14 14:15:00-04:00,2026-09-14 14:20:00-04:00,-137.0,212.4600067138672,212.22999572753903,31.51150512695702,13.370489730834962,18.141015396122057,-11.0
l1_plus,NVDA,2026-09-14 14:20:00-04:00,2026-09-14 14:25:00-04:00,-11.0,212.22999572753903,212.18499755859372,0.4949798583984375,0.1060924987792968,0.38888735961914067,-10.0
l1_plus,NVDA,2026-09-14 14:25:00-04:00,2026-09-14 14:30:00-04:00,-10.0,212.18499755859372,212.1100006103516,0.7499694824213066,1.0605500030517578,-0.3105805206304513,0.0
l1_plus,NVDA,2026-09-14 14:30:00-04:00,2026-09-14 14:35:00-04:00,0.0,212.1100006103516,212.27999877929688,0.0,4.882439971923828,-4.882439971923828,-46.0
l1_plus,NVDA,2026-09-14 14:35:00-04:00,2026-09-14 14:45:00-04:00,-46.0,212.27999877929688,212.3999938964844,-5.519775390626307,2.3363999328613283,-7.856175323487635,-68.0
l1_plus,NVDA,2026-09-14 14:45:00-04:00,2026-09-14 14:50:00-04:00,-68.0,212.3999938964844,212.33999633789065,4.079833984375,0.1061699981689453,3.9736639862060548,-67.0
l1_plus,NVDA,2026-09-14 14:50:00-04:00,2026-09-14 14:55:00-04:00,-67.0,212.33999633789065,212.33999633789065,-0.0,0.1061699981689453,-0.1061699981689453,-66.0
l1_plus,NVDA,2026-09-14 14:55:00-04:00,2026-09-14 15:00:00-04:00,-66.0,212.33999633789065,212.57000732421875,-15.180725097654374,0.1062850036621093,-15.287010101316483,-65.0
l1_plus,NVDA,2026-09-14 15:00:00-04:00,2026-09-14 15:05:00-04:00,-65.0,212.57000732421875,212.58999633789065,-1.2992858886737224,6.909174880981445,-8.208460769655169,0.0
l1_plus,NVDA,2026-09-14 15:05:00-04:00,2026-09-14 15:40:00-04:00,0.0,212.58999633789065,211.83999633789065,-0.0,2.647999954223633,-2.647999954223633,25.0
l1_plus,NVDA,2026-09-14 15:40:00-04:00,2026-09-14 15:45:00-04:00,25.0,211.83999633789065,212.0749969482422,5.875015258788352,0.6362249908447266,5.238790267943625,19.0
l1_plus,NVDA,2026-09-14 15:45:00-04:00,2026-09-14 15:50:00-04:00,19.0,212.0749969482422,212.05999755859372,-0.2849884033208525,2.0145699768066407,-2.2995583801274933,0.0
l1_plus,TSLA,,2026-09-14 10:05:00-04:00,0.0,,360.09039306640625,0.0,3.060768341064453,-3.060768341064453,17.0
l1_plus,TSLA,2026-09-14 10:05:00-04:00,2026-09-14 10:10:00-04:00,17.0,360.09039306640625,360.9200134277344,14.103546142578125,0.1804600067138672,13.923086135864258,16.0
l1_plus,TSLA,2026-09-14 10:10:00-04:00,2026-09-14 10:15:00-04:00,16.0,360.9200134277344,360.80999755859375,-1.76025390625,8.839844940185547,-10.600098846435547,65.0
l1_plus,TSLA,2026-09-14 10:15:00-04:00,2026-09-14 10:20:00-04:00,65.0,360.80999755859375,358.8349914550781,-128.37539672851562,11.662137222290038,-140.03753395080565,0.0
l1_plus,TSLA,2026-09-14 10:20:00-04:00,2026-09-14 10:35:00-04:00,0.0,358.8349914550781,359.0,0.0,4.8465,-4.8465,-27.0
l1_plus,TSLA,2026-09-14 10:35:00-04:00,2026-09-14 10:40:00-04:00,-27.0,359.0,358.20001220703125,21.59967041015625,4.835700164794922,16.763970245361328,0.0
l1_plus,TSLA,2026-09-14 10:40:00-04:00,2026-09-14 11:05:00-04:00,0.0,358.20001220703125,358.5249938964844,0.0,5.915662399291993,-5.915662399291993,33.0
l1_plus,TSLA,2026-09-14 11:05:00-04:00,2026-09-14 11:10:00-04:00,33.0,358.5249938964844,359.0849914550781,18.47991943359375,5.027189880371094,13.452729553222657,5.0
l1_plus,TSLA,2026-09-14 11:10:00-04:00,2026-09-14 11:15:00-04:00,5.0,359.0849914550781,359.4407958984375,1.779022216796875,0.8986019897460937,0.8804202270507813,0.0
l1_plus,TSLA,2026-09-14 11:15:00-04:00,2026-09-14 11:50:00-04:00,0.0,359.4407958984375,363.6799926757813,0.0,0.5455199890136718,-0.5455199890136718,3.0
l1_plus,TSLA,2026-09-14 11:50:00-04:00,2026-09-14 11:55:00-04:00,3.0,363.6799926757813,363.63958740234375,-0.12121582031267053,0.5454593811035157,-0.6666752014161862,0.0
l1_plus,TSLA,2026-09-14 11:55:00-04:00,2026-09-14 12:00:00-04:00,0.0,363.63958740234375,363.1744995117188,-0.0,16.524439727783204,-16.524439727783204,91.0
l1_plus,TSLA,2026-09-14 12:00:00-04:00,2026-09-14 12:05:00-04:00,91.0,363.1744995117188,363.9100036621094,66.9308776855417,8.733840087890625,58.197037597651075,43.0
l1_plus,TSLA,2026-09-14 12:05:00-04:00,2026-09-14 12:10:00-04:00,43.0,363.9100036621094,362.8901062011719,-43.8555908203125,8.709362548828125,-52.564953369140625,91.0
l1_plus,TSLA,2026-09-14 12:10:00-04:00,2026-09-14 12:20:00-04:00,91.0,362.8901062011719,363.7699890136719,80.0693359375,16.55153450012207,63.517801437377926,0.0
l1_plus,TSLA,2026-09-14 12:20:00-04:00,2026-09-14 12:25:00-04:00,0.0,363.7699890136719,363.55029296875,-0.0,6.725680419921875,-6.725680419921875,37.0
l1_plus,TSLA,2026-09-14 12:25:00-04:00,2026-09-14 12:30:00-04:00,37.0,363.55029296875,363.289306640625,-9.656494140625,0.1816446533203125,-9.838138793945312,36.0
l1_plus,TSLA,2026-09-14 12:30:00-04:00,2026-09-14 12:35:00-04:00,36.0,363.289306640625,362.9299926757813,-12.935302734372954,5.8068798828125,-18.742182617185453,68.0
l1_plus,TSLA,2026-09-14 12:35:00-04:00,2026-09-14 12:45:00-04:00,68.0,362.9299926757813,362.2851867675781,-43.846801757816365,6.521133361816406,-50.36793511963277,32.0
l1_plus,TSLA,2026-09-14 12:45:00-04:00,2026-09-14 12:50:00-04:00,32.0,362.2851867675781,363.489990234375,38.5537109375,5.81583984375,32.73787109375,0.0
l1_plus,TSLA,2026-09-14 12:50:00-04:00,2026-09-14 13:05:00-04:00,0.0,363.489990234375,362.6499938964844,-0.0,16.50057472229004,-16.50057472229004,91.0
l1_plus,TSLA,2026-09-14 13:05:00-04:00,2026-09-14 13:15:00-04:00,91.0,362.6499938964844,362.6549987792969,0.4554443359375,16.500802444458007,-16.045358108520507,0.0
l1_plus,TSLA,2026-09-14 13:15:00-04:00,2026-09-14 13:40:00-04:00,0.0,362.6549987792969,362.8150024414063,0.0,5.623632537841797,-5.623632537841797,31.0
l1_plus,TSLA,2026-09-14 13:40:00-04:00,2026-09-14 13:45:00-04:00,31.0,362.8150024414063,362.6300048828125,-5.734924316408012,0.1813150024414062,-5.916239318849418,30.0
l1_plus,TSLA,2026-09-14 13:45:00-04:00,2026-09-14 13:50:00-04:00,30.0,362.6300048828125,362.5650024414063,-1.9500732421857947,0.1812825012207031,-2.131355743406498,29.0
l1_plus,TSLA,2026-09-14 13:50:00-04:00,2026-09-14 14:00:00-04:00,29.0,362.5650024414063,362.2601013183594,-8.842132568361023,1.4490404052734376,-10.291172973634461,37.0
l1_plus,TSLA,2026-09-14 14:00:00-04:00,2026-09-14 14:05:00-04:00,37.0,362.2601013183594,361.8465881347656,-15.29998779296875,6.694161880493164,-21.994149673461912,0.0
l1_plus,TSLA,2026-09-14 14:05:00-04:00,2026-09-14 14:10:00-04:00,0.0,361.8465881347656,361.6900024414063,-0.0,1.0850700073242188,-1.0850700073242188,6.0
l1_plus,TSLA,2026-09-14 14:10:00-04:00,2026-09-14 14:15:00-04:00,6.0,361.6900024414063,361.4450073242188,-1.469970703125,1.0843350219726562,-2.554305725097656,0.0
l1_plus,TSLA,2026-09-14 14:15:00-04:00,2026-09-14 14:40:00-04:00,0.0,361.4450073242188,360.7699890136719,-0.0,5.231164840698242,-5.231164840698242,-29.0
l1_plus,TSLA,2026-09-14 14:40:00-04:00,2026-09-14 14:45:00-04:00,-29.0,360.7699890136719,360.8699951171875,-2.900177001953125,3.7891349487304686,-6.689311950683594,-50.0
l1_plus,TSLA,2026-09-14 14:45:00-04:00,2026-09-14 14:50:00-04:00,-50.0,360.8699951171875,360.9400024414063,-3.500366210940342,2.1656400146484374,-5.666006225588779,-38.0
l1_plus,TSLA,2026-09-14 14:50:00-04:00,2026-09-14 14:55:00-04:00,-38.0,360.9400024414063,360.8299865722656,4.18060302734591,6.855769744873047,-2.675166717527137,0.0
l1_plus,TSLA,2026-09-14 14:55:00-04:00,2026-09-14 15:00:00-04:00,0.0,360.8299865722656,360.8299865722656,0.0,11.366144577026366,-11.366144577026366,-63.0
l1_plus,TSLA,2026-09-14 15:00:00-04:00,2026-09-14 15:05:00-04:00,-63.0,360.8299865722656,360.6799926757813,9.449615478512044,11.36141976928711,-1.9118042907750663,0.0
l1_plus,TSLA,2026-09-14 15:05:00-04:00,2026-09-14 15:15:00-04:00,0.0,360.6799926757813,359.6960144042969,-0.0,0.7193920288085938,-0.7193920288085938,-4.0
l1_plus,TSLA,2026-09-14 15:15:00-04:00,2026-09-14 15:20:00-04:00,-4.0,359.6960144042969,359.614990234375,0.3240966796875,15.643252075195312,-15.319155395507812,-91.0
l1_plus,TSLA,2026-09-14 15:20:00-04:00,2026-09-14 15:25:00-04:00,-91.0,359.614990234375,359.45001220703125,15.01300048828125,16.354975555419923,-1.341975067138673,0.0
l1_plus,TSLA,2026-09-14 15:25:00-04:00,2026-09-14 15:25:00-04:00,0.0,359.45001220703125,359.45001220703125,0.0,4.672850158691406,-4.672850158691406,26.0
l1_plus,TSLA,2026-09-14 15:25:00-04:00,2026-09-14 15:30:00-04:00,26.0,359.45001220703125,360.2950134277344,21.97003173828125,4.683835174560547,17.286196563720704,0.0
l1_plus,TSLA,2026-09-14 15:30:00-04:00,2026-09-14 15:30:00-04:00,0.0,360.2950134277344,360.2950134277344,0.0,16.393423110961916,-16.393423110961916,-91.0
l1_plus,TSLA,2026-09-14 15:30:00-04:00,2026-09-14 15:35:00-04:00,-91.0,360.2950134277344,360.2703857421875,2.241119384765625,16.39230255126953,-14.151183166503905,0.0
l1_plus,TSLA,2026-09-14 15:35:00-04:00,2026-09-14 15:35:00-04:00,0.0,360.2703857421875,360.2703857421875,0.0,5.764326171875,-5.764326171875,32.0
l1_plus,TSLA,2026-09-14 15:35:00-04:00,2026-09-14 15:40:00-04:00,32.0,360.2703857421875,360.2349853515625,-1.1328125,0.1801174926757812,-1.3129299926757811,31.0
l1_plus,TSLA,2026-09-14 15:40:00-04:00,2026-09-14 15:45:00-04:00,31.0,360.2349853515625,360.3699951171875,4.185302734375,5.585734924316406,-1.400432189941406,0.0
l1_plus,TSLA,2026-09-14 15:45:00-04:00,2026-09-14 15:50:00-04:00,0.0,360.3699951171875,360.17999267578125,-0.0,16.208099670410157,-16.208099670410157,-90.0
l1_plus,TSLA,2026-09-14 15:50:00-04:00,2026-09-14 15:55:00-04:00,-90.0,360.17999267578125,359.4100036621094,69.29901123046875,16.17345016479492,53.12556106567383,0.0
