symbol,feed,horizon,model,split,rows,mse_bps2,rmse_bps,mae_bps,mean_error_bps,ic,rank_ic,target_zero_fraction,forecast_zero_fraction,directional_rows,direction_accuracy_nonzero,forecast_direction_coverage,sign_match_including_zeros,predicted_abs_bps_p50,target_abs_bps_p50
SNDK,iex,1s,zero,2026-09-11_intraday,592,1215.8581378222696,34.86915740052044,23.958676426742638,-2.866013171818627,,,0.13006756756756757,1.0,0,,0.0,0.13006756756756757,0.0,14.627820215987185
SNDK,iex,1s,past_mid_ridge,2026-09-11_intraday,592,1134.2791998669138,33.67906174267498,25.29801417262923,1.019159854210455,0.26762780626615096,0.2476846488277445,0.13006756756756757,0.0,515,0.5359223300970873,1.0,0.46621621621621623,3.685964925335934,14.627820215987185
SNDK,iex,1s,qi_ridge,2026-09-11_intraday,592,1213.2868062917294,34.8322667406491,25.608710606447797,1.5561203861191737,0.006014685757349546,-0.01228606238538648,0.13006756756756757,0.0,515,0.5087378640776699,1.0,0.44256756756756754,4.520283360571056,14.627820215987185
SNDK,iex,1s,l1_ridge,2026-09-11_intraday,592,1168.9978874560657,34.190611100945034,24.572869187048248,-0.8276421175195056,0.18173725742866906,0.16136899722097733,0.13006756756756757,0.0,515,0.5611650485436893,1.0,0.48817567567567566,3.1069444951542025,14.627820215987185
SNDK,iex,1s,past_mid_plus_l1_ridge,2026-09-11_intraday,592,1097.6807167922605,33.131264944041305,24.870909999504036,-0.31153859153760854,0.3125523554882032,0.25718460072669214,0.13006756756756757,0.0,515,0.5883495145631068,1.0,0.5118243243243243,5.657865972484072,14.627820215987185
SNDK,iex,5s,zero,2026-09-11_intraday,489,1719.7628947793296,41.4700240508651,29.919790867968832,-0.882446168150471,,,0.10429447852760736,1.0,0,,0.0,0.10429447852760736,0.0,28.85163155670223
SNDK,iex,5s,past_mid_ridge,2026-09-11_intraday,489,1505.6189971095953,38.80230659522183,30.218706062370977,1.190559863685331,0.3538497506309161,0.28407656411135274,0.10429447852760736,0.0,438,0.5821917808219178,1.0,0.5214723926380368,6.096871359968817,28.85163155670223
SNDK,iex,5s,qi_ridge,2026-09-11_intraday,489,1723.0113292467213,41.50917162804772,30.814365013234983,2.3905601670393013,0.033084614359504216,0.027610311172221118,0.10429447852760736,0.0,438,0.5091324200913242,1.0,0.4560327198364008,3.454187466112209,28.85163155670223
SNDK,iex,5s,l1_ridge,2026-09-11_intraday,489,1695.524162200918,41.17674297708499,30.55643317459339,1.1991470598281333,0.12206621782892169,0.022212492404342164,0.10429447852760736,0.0,438,0.4931506849315068,1.0,0.44171779141104295,2.992728429850556,28.85163155670223
SNDK,iex,5s,past_mid_plus_l1_ridge,2026-09-11_intraday,489,1490.3877165820775,38.6055399726785,30.237274714938685,1.4799504417044542,0.36688421008598404,0.2680803523955612,0.10429447852760736,0.0,438,0.58675799086758,1.0,0.5255623721881391,6.651704408637466,28.85163155670223
SNDK,iex,30s,zero,2026-09-11_intraday,455,1770.9630609810108,42.08281194241909,31.18265278785988,-2.7801655809317154,,,0.07032967032967033,1.0,0,,0.0,0.07032967032967033,0.0,31.173247685620797
SNDK,iex,30s,past_mid_ridge,2026-09-11_intraday,455,1501.4725161189265,38.74883890026805,30.664660318466478,-2.443607280992195,0.3897647344603689,0.3368269139043878,0.07032967032967033,0.0,423,0.5981087470449172,1.0,0.5560439560439561,9.3678932092944,31.173247685620797
SNDK,iex,30s,qi_ridge,2026-09-11_intraday,455,1765.4717323212915,42.01751696996494,31.251673262354156,-1.5793265715029299,0.01593477094868502,0.02482273820305526,0.07032967032967033,0.0,423,0.5224586288416075,1.0,0.4857142857142857,1.2145123107837992,31.173247685620797
SNDK,iex,30s,l1_ridge,2026-09-11_intraday,455,1754.4085471005237,41.885660399479484,31.45551399891975,-1.1924769918504887,0.07727835330330003,0.13074712815552,0.07032967032967033,0.0,423,0.5295508274231678,1.0,0.49230769230769234,1.9176995812613622,31.173247685620797
SNDK,iex,30s,past_mid_plus_l1_ridge,2026-09-11_intraday,455,1538.491601803346,39.22361025968092,31.154316847224468,0.03284947634653053,0.36155589827657564,0.30761098893887107,0.07032967032967033,0.0,423,0.6028368794326241,1.0,0.5604395604395604,11.383779940081968,31.173247685620797
SNDK,iex,1min,zero,2026-09-11_intraday,468,1926.3734996310777,43.890471626892754,33.401313500011,0.3200425687732711,,,0.049145299145299144,1.0,0,,0.0,0.049145299145299144,0.0,32.86073552113855
SNDK,iex,1min,past_mid_ridge,2026-09-11_intraday,468,1540.7827317268143,39.25280539944647,31.414922917941674,-3.120465590920932,0.4643172942118895,0.39618812062010017,0.049145299145299144,0.0,445,0.6157303370786517,1.0,0.5854700854700855,11.286137546202282,32.86073552113855
SNDK,iex,1min,qi_ridge,2026-09-11_intraday,468,1928.94393191193,43.91974421501029,33.46230448756495,0.10443451724617793,-0.01195231929577905,-0.010803650175850237,0.049145299145299144,0.0,445,0.4943820224719101,1.0,0.4700854700854701,0.1163139524664036,32.86073552113855
SNDK,iex,1min,l1_ridge,2026-09-11_intraday,468,1880.7097511833065,43.367150600233195,33.26993975732738,-0.9324691419876535,0.19533951541454697,0.20570451627392403,0.049145299145299144,0.0,445,0.5528089887640449,1.0,0.5256410256410257,1.9228482656303658,32.86073552113855
SNDK,iex,1min,past_mid_plus_l1_ridge,2026-09-11_intraday,468,1537.7491238993614,39.21414443666164,31.40828280808251,-1.889358048076857,0.46214416963659416,0.4043143814607088,0.049145299145299144,0.0,445,0.6426966292134831,1.0,0.6111111111111112,12.116806289679296,32.86073552113855
SNDK,iex,5min,zero,2026-09-11_intraday,418,2154.64877295962,46.41819441727156,36.11852474355537,-2.3649889158867334,,,0.0215311004784689,1.0,0,,0.0,0.0215311004784689,0.0,32.650017985307315
SNDK,iex,5min,past_mid_ridge,2026-09-11_intraday,418,2066.4469918732275,45.458189491809144,35.597325671191214,-7.311744020282123,0.4356892469305433,0.4377859012804113,0.0215311004784689,0.0,409,0.5378973105134475,1.0,0.5263157894736842,5.034208721082133,32.650017985307315
SNDK,iex,5min,qi_ridge,2026-09-11_intraday,418,2177.477577675979,46.66345012615311,36.54659019898959,-5.476484710841705,0.03532576576711848,0.05078638081813791,0.0215311004784689,0.0,409,0.45965770171149145,1.0,0.44976076555023925,3.033976822692509,32.650017985307315
SNDK,iex,5min,l1_ridge,2026-09-11_intraday,418,2225.428858727885,47.17445133467781,37.374298418779965,-7.409680748875758,0.0279637857967226,0.014281709860146409,0.0215311004784689,0.0,409,0.46454767726161367,1.0,0.45454545454545453,5.951635242797944,32.650017985307315
SNDK,iex,5min,past_mid_plus_l1_ridge,2026-09-11_intraday,418,2141.9333410811987,46.2810257133655,36.4781274878717,-8.025155552730904,0.19625652633909607,0.18373467140094757,0.0215311004784689,0.0,409,0.46943765281173594,1.0,0.45933014354066987,5.471346218961955,32.650017985307315
TSLA,iex,1s,zero,2026-09-11_intraday,905,192.13802768661796,13.861386210859935,8.578325154951123,-0.7108058954598985,,,0.2165745856353591,1.0,0,,0.0,0.2165745856353591,0.0,3.0136986301376734
TSLA,iex,1s,past_mid_ridge,2026-09-11_intraday,905,157.18614083346193,12.537389713710823,8.560401904434324,0.1911223976227238,0.43254445233629235,0.35941823984520727,0.2165745856353591,0.0,709,0.5825105782792666,1.0,0.456353591160221,0.8678336075093821,3.0136986301376734
TSLA,iex,1s,qi_ridge,2026-09-11_intraday,905,194.15115893447188,13.93381351010813,8.999484018084052,0.1831157351709102,-0.09482170294610635,-0.09275919149458398,0.2165745856353591,0.0,709,0.4795486600846262,1.0,0.3756906077348066,0.6532024449745395,3.0136986301376734
TSLA,iex,1s,l1_ridge,2026-09-11_intraday,905,190.68619229332393,13.808917129642133,9.134919381255122,-0.31691373037929443,0.09062978743121392,0.0513214882632219,0.2165745856353591,0.0,709,0.5021156558533145,1.0,0.39337016574585637,1.1666345300980494,3.0136986301376734
TSLA,iex,1s,past_mid_plus_l1_ridge,2026-09-11_intraday,905,161.46803372281917,12.707007268543572,8.92030921009332,0.5610719470622162,0.40034459557342167,0.2706218872160305,0.2165745856353591,0.0,709,0.5726375176304654,1.0,0.4486187845303867,2.013040568031565,3.0136986301376734
TSLA,iex,5s,zero,2026-09-11_intraday,891,219.67212917983872,14.821340330072672,9.529789233640903,-0.9032522521363803,,,0.13131313131313133,1.0,0,,0.0,0.13131313131313133,0.0,4.503336562997617
TSLA,iex,5s,past_mid_ridge,2026-09-11_intraday,891,191.39748195649156,13.834647879743509,10.495180372235378,3.5240030764297074,0.43204601545397087,0.34786735903417,0.13131313131313133,0.0,774,0.5490956072351422,1.0,0.4769921436588103,4.457388467326132,4.503336562997617
TSLA,iex,5s,qi_ridge,2026-09-11_intraday,891,232.76401215066429,15.25660552517054,11.306483879907132,3.5779197861351713,-0.10627158662927412,-0.10603116678297177,0.13131313131313133,0.0,774,0.48320413436692505,1.0,0.41975308641975306,4.357781673049084,4.503336562997617
TSLA,iex,5s,l1_ridge,2026-09-11_intraday,891,236.8709914332942,15.3906137445293,11.195530695271394,2.197378535626063,0.10243231638018349,0.10822565784827864,0.13131313131313133,0.0,774,0.520671834625323,1.0,0.45230078563411896,4.145999444212236,4.503336562997617
TSLA,iex,5s,past_mid_plus_l1_ridge,2026-09-11_intraday,891,205.7536057406968,14.344113975449888,10.90797052264788,2.869922231754388,0.3595036197153065,0.31897296969964795,0.13131313131313133,0.0,774,0.5658914728682171,1.0,0.49158249158249157,5.208559595447852,4.503336562997617
TSLA,iex,30s,zero,2026-09-11_intraday,842,298.16344537984537,17.26740992099989,12.22754312070358,-1.6362081896238219,,,0.052256532066508314,1.0,0,,0.0,0.052256532066508314,0.0,8.492282582048261
TSLA,iex,30s,past_mid_ridge,2026-09-11_intraday,842,262.1100947174403,16.18981453622741,12.81129490942847,3.8877664102925107,0.40606445986955675,0.3463776815219239,0.052256532066508314,0.0,798,0.5927318295739349,1.0,0.5617577197149644,5.920733358818471,8.492282582048261
TSLA,iex,30s,qi_ridge,2026-09-11_intraday,842,326.48367005036306,18.06885912420491,14.096571675974538,5.559980418482351,0.1094357947700066,0.11038656768262742,0.052256532066508314,0.0,798,0.5150375939849624,1.0,0.48812351543942994,8.511505075732543,8.492282582048261
TSLA,iex,30s,l1_ridge,2026-09-11_intraday,842,297.3036386334988,17.242495139436716,13.277175401580466,3.6235856146252234,0.1957937241159947,0.17385818144543633,0.052256532066508314,0.0,798,0.5125313283208021,1.0,0.4857482185273159,5.567844979162651,8.492282582048261
TSLA,iex,30s,past_mid_plus_l1_ridge,2026-09-11_intraday,842,259.10700282879054,16.096801012275407,12.725098426325435,3.417484057807073,0.41078503101293795,0.35736551870629074,0.052256532066508314,0.0,798,0.5902255639097744,1.0,0.5593824228028503,6.686855234939482,8.492282582048261
TSLA,iex,1min,zero,2026-09-11_intraday,809,331.72482733436186,18.21331456200002,13.450347603416212,-1.4795563092785171,,,0.018541409147095178,1.0,0,,0.0,0.018541409147095178,0.0,10.510223581119416
TSLA,iex,1min,past_mid_ridge,2026-09-11_intraday,809,285.6495087373845,16.901168857134838,13.189038979639838,3.257191320669293,0.4337264728705601,0.3896552644412606,0.018541409147095178,0.0,794,0.5957178841309824,1.0,0.584672435105068,4.908183985474749,10.510223581119416
TSLA,iex,1min,qi_ridge,2026-09-11_intraday,809,346.9698870489035,18.6271277187038,14.20848390311905,3.657121351431195,0.09194899361287992,0.12998183859737553,0.018541409147095178,0.0,794,0.5163727959697733,1.0,0.5067985166872683,6.433830546840711,10.510223581119416
TSLA,iex,1min,l1_ridge,2026-09-11_intraday,809,368.99901545950337,19.209347085715937,14.55153871634652,0.8096597636166999,0.1043892266982355,0.14770681529269464,0.018541409147095178,0.0,794,0.5680100755667506,1.0,0.5574783683559951,5.0669079292287496,10.510223581119416
TSLA,iex,1min,past_mid_plus_l1_ridge,2026-09-11_intraday,809,335.2256682664372,18.309168967116918,14.13687322741788,1.6484180132625876,0.2906735989482816,0.3006479866384304,0.018541409147095178,0.0,794,0.6095717884130982,1.0,0.5982694684796045,7.315676768693254,10.510223581119416
TSLA,iex,5min,zero,2026-09-11_intraday,767,386.702598954671,19.664755247769317,14.904943071863473,-1.4940824835272308,,,0.01564537157757497,1.0,0,,0.0,0.01564537157757497,0.0,10.971679352671515
TSLA,iex,5min,past_mid_ridge,2026-09-11_intraday,767,391.153268815103,19.77759512213512,16.02778204238433,6.994779837839511,0.37143709551903975,0.3641523540370215,0.01564537157757497,0.0,755,0.6198675496688741,1.0,0.6101694915254238,9.650314561929273,10.971679352671515
TSLA,iex,5min,qi_ridge,2026-09-11_intraday,767,454.9307695567896,21.329106159349237,17.15052563667132,8.662200950550929,0.11543422182606927,0.10883622804035534,0.01564537157757497,0.0,755,0.519205298013245,1.0,0.5110821382007823,11.51152312285929,10.971679352671515
TSLA,iex,5min,l1_ridge,2026-09-11_intraday,767,463.2074029830063,21.522253668772848,17.05575822467808,6.833465018113813,0.0029103324450295287,0.05033323512313556,0.01564537157757497,0.0,755,0.5165562913907285,1.0,0.5084745762711864,8.444168577712777,10.971679352671515
TSLA,iex,5min,past_mid_plus_l1_ridge,2026-09-11_intraday,767,375.28124727945504,19.372177143508033,15.468315501537635,3.192129253808677,0.3537688142737764,0.3496681094489275,0.01564537157757497,0.0,755,0.6370860927152318,1.0,0.6271186440677966,8.685597425257859,10.971679352671515
PLTR,iex,1s,zero,2026-09-11_intraday,1029,507.39680599240415,22.52547016140627,14.312614698432562,0.32370632343839645,,,0.2653061224489796,1.0,0,,0.0,0.2653061224489796,0.0,5.081604591379296
PLTR,iex,1s,past_mid_ridge,2026-09-11_intraday,1029,446.3281720447849,21.126480351558442,14.969852397548568,2.5931902143181356,0.37445350211165657,0.3209493679519913,0.2653061224489796,0.0,756,0.58994708994709,1.0,0.4334305150631681,2.0496427262293255,5.081604591379296
PLTR,iex,1s,qi_ridge,2026-09-11_intraday,1029,506.4524320725639,22.504498040893157,15.658929740569684,2.081988110514145,0.14609406370606812,0.1715434481945936,0.2653061224489796,0.0,756,0.541005291005291,1.0,0.3974732750242954,1.7925140961737427,5.081604591379296
PLTR,iex,1s,l1_ridge,2026-09-11_intraday,1029,630.8690559269995,25.11710683830842,19.052988126531783,5.696283763290929,0.1312665398494411,0.1092508032065713,0.2653061224489796,0.0,756,0.5396825396825397,1.0,0.3965014577259475,6.245721560035279,5.081604591379296
PLTR,iex,1s,past_mid_plus_l1_ridge,2026-09-11_intraday,1029,485.2466015557945,22.028313633952884,16.502148057237783,3.9897777522865527,0.35158688304428487,0.3200922552994656,0.2653061224489796,0.0,756,0.6164021164021164,1.0,0.45286686103012636,4.459183368244858,5.081604591379296
PLTR,iex,5s,zero,2026-09-11_intraday,942,600.3937452978746,24.502933401898527,16.399032022645837,1.3376044832529361,,,0.13694267515923567,1.0,0,,0.0,0.13694267515923567,0.0,10.744826185825062
PLTR,iex,5s,past_mid_ridge,2026-09-11_intraday,942,485.15271814976336,22.02618255962125,15.98167982656026,2.275276572181562,0.44525591988491847,0.3777990912265505,0.13694267515923567,0.0,813,0.6063960639606396,1.0,0.5233545647558386,1.6462813236030274,10.744826185825062
PLTR,iex,5s,qi_ridge,2026-09-11_intraday,942,709.1550371548494,26.629965023537853,19.140745557046042,2.014601158381741,0.11301412599741925,0.11127472058207989,0.13694267515923567,0.0,813,0.5313653136531366,1.0,0.4585987261146497,0.4273046919356813,10.744826185825062
PLTR,iex,5s,l1_ridge,2026-09-11_intraday,942,905.5937911526114,30.09308543756541,22.501099012507925,5.007217462617556,0.10044322752317822,-0.0026590136775763765,0.13694267515923567,0.0,813,0.5104551045510455,1.0,0.440552016985138,3.6558650097799763,10.744826185825062
PLTR,iex,5s,past_mid_plus_l1_ridge,2026-09-11_intraday,942,674.1008822900874,25.963452819108774,20.220718817827557,2.9112317818542843,0.32580801702882556,0.2919446493809179,0.13694267515923567,0.0,813,0.5879458794587946,1.0,0.5074309978768577,9.332145420299526,10.744826185825062
PLTR,iex,30s,zero,2026-09-11_intraday,905,679.9332220049596,26.07552917976852,18.310439700512962,1.3472420327806012,,,0.027624309392265192,1.0,0,,0.0,0.027624309392265192,0.0,14.007271860282389
PLTR,iex,30s,past_mid_ridge,2026-09-11_intraday,905,560.7512708812164,23.68018730671733,17.64069841773002,2.6974394740829095,0.4295336480383199,0.3799193636714579,0.027624309392265192,0.0,880,0.6147727272727272,1.0,0.5977900552486188,4.155558288598353,14.007271860282389
PLTR,iex,30s,qi_ridge,2026-09-11_intraday,905,683.2761684428658,26.139551802639346,18.956978954534176,1.3213636613306587,0.13980431409897795,0.13263229380599278,0.027624309392265192,0.0,880,0.5340909090909091,1.0,0.5193370165745856,0.2846220133142326,14.007271860282389
PLTR,iex,30s,l1_ridge,2026-09-11_intraday,905,878.9412816360278,29.646943883578082,22.11445374777764,2.5363540753195983,0.13888676928734994,0.17510298871242397,0.027624309392265192,0.0,880,0.5738636363636364,1.0,0.5580110497237569,0.8658384248184603,14.007271860282389
PLTR,iex,30s,past_mid_plus_l1_ridge,2026-09-11_intraday,905,592.6217802022172,24.343824272332753,18.524421508220613,2.065516310693042,0.3955090493694729,0.35907781162427915,0.027624309392265192,0.0,880,0.5977272727272728,1.0,0.5812154696132596,8.508235099872632,14.007271860282389
PLTR,iex,1min,zero,2026-09-11_intraday,887,688.4032037556534,26.2374389709753,18.347433500661438,1.3970515058698376,,,0.014656144306651634,1.0,0,,0.0,0.014656144306651634,0.0,12.54255509765323
PLTR,iex,1min,past_mid_ridge,2026-09-11_intraday,887,577.5975753106201,24.03325977287767,17.656749280202817,1.785368877863288,0.4079619502850622,0.36396364973771683,0.014656144306651634,0.0,874,0.5938215102974829,1.0,0.5851183765501691,4.374470950691742,12.54255509765323
PLTR,iex,1min,qi_ridge,2026-09-11_intraday,887,682.8440492635096,26.131284875863063,18.636745154928633,2.0558527642991957,0.1530506944012803,0.13698705323805185,0.014656144306651634,0.0,874,0.5205949656750573,1.0,0.5129650507328072,0.8217906031094646,12.54255509765323
PLTR,iex,1min,l1_ridge,2026-09-11_intraday,887,777.2552251932937,27.879297430051814,20.501361827946823,-0.0030235754769763878,0.1483698188346743,0.1595753193936899,0.014656144306651634,0.0,874,0.5640732265446224,1.0,0.5558060879368658,3.654133153017608,12.54255509765323
PLTR,iex,1min,past_mid_plus_l1_ridge,2026-09-11_intraday,887,604.8503711226274,24.593705924944036,18.42247041095296,0.3954913572816376,0.3685711143032701,0.3470860256531754,0.014656144306651634,0.0,874,0.6052631578947368,1.0,0.5963923337091319,7.521170824337448,12.54255509765323
PLTR,iex,5min,zero,2026-09-11_intraday,856,892.7868028485728,29.879538196708676,22.559526628930342,1.956597395828546,,,0.002336448598130841,1.0,0,,0.0,0.002336448598130841,0.0,18.828733585239952
PLTR,iex,5min,past_mid_ridge,2026-09-11_intraday,856,782.672739139283,27.976288873603,21.93852551311362,-3.4326245928459613,0.3644645619307142,0.3185593973576847,0.002336448598130841,0.0,854,0.5550351288056206,1.0,0.5537383177570093,7.376269488901122,18.828733585239952
PLTR,iex,5min,qi_ridge,2026-09-11_intraday,856,1125.827523542136,33.5533533874356,25.244706131295192,-0.7188570033004344,-0.14462292975316424,-0.11969427992092133,0.002336448598130841,0.0,854,0.45784543325526933,1.0,0.4567757009345794,2.609673207725463,18.828733585239952
PLTR,iex,5min,l1_ridge,2026-09-11_intraday,856,960.020677845982,30.98420045516718,23.56131640473649,-0.03575902615063444,-0.07097911533852606,-0.042609604468541944,0.002336448598130841,0.0,854,0.4765807962529274,1.0,0.47546728971962615,3.3673259125429253,18.828733585239952
PLTR,iex,5min,past_mid_plus_l1_ridge,2026-09-11_intraday,856,936.946393541264,30.609580094167644,23.92082941834397,-2.86702726356874,0.17446578627435935,0.14394102381994112,0.002336448598130841,0.0,854,0.509367681498829,1.0,0.508177570093458,8.181245238635531,18.828733585239952
NVDA,iex,1s,zero,2026-09-11_intraday,2680,3.6162627844697353,1.9016473869962685,0.7898895561392972,0.06378275090563555,,,0.2675373134328358,1.0,0,,0.0,0.2675373134328358,0.0,0.22876228170432
NVDA,iex,1s,past_mid_ridge,2026-09-11_intraday,2680,3.1896859452756856,1.7859691893410943,0.8265654176695671,-0.010933839543540989,0.35848763024693014,0.24121524072991432,0.2675373134328358,0.0,1963,0.6021395822720326,1.0,0.44104477611940296,0.1705858915600174,0.22876228170432
NVDA,iex,1s,qi_ridge,2026-09-11_intraday,2680,4.032282814424463,2.008054484924267,1.0532185685568365,0.04735036600067872,0.001933630647915247,0.018238152561096618,0.2675373134328358,0.0,1963,0.5247070809984717,1.0,0.3843283582089552,0.7536407663859293,0.22876228170432
NVDA,iex,1s,l1_ridge,2026-09-11_intraday,2680,4.39235690953392,2.095795054277474,0.9540100157225697,0.2961753370377328,-0.3045477577830786,-0.07440828325219573,0.2675373134328358,0.0,1963,0.45491594498217014,1.0,0.3332089552238806,0.2646687588231494,0.22876228170432
NVDA,iex,1s,past_mid_plus_l1_ridge,2026-09-11_intraday,2680,3.4342853321992317,1.8531824875600438,0.8636876491801435,0.12870223066887684,0.2819040500068763,0.19821061538000218,0.2675373134328358,0.0,1963,0.5827814569536424,1.0,0.42686567164179107,0.23135279850573773,0.22876228170432
NVDA,iex,5s,zero,2026-09-11_intraday,2675,5.488622744585124,2.3427809851936914,1.2269671634535426,0.04221017615379763,,,0.10392523364485981,1.0,0,,0.0,0.10392523364485981,0.0,0.6845251677078945
NVDA,iex,5s,past_mid_ridge,2026-09-11_intraday,2675,5.200579156867967,2.2804778352064656,1.3424148760000925,-0.3731468758923588,0.3259285548585646,0.16628802760816766,0.10392523364485981,0.0,2397,0.5556946182728411,1.0,0.49794392523364484,0.5294441495861805,0.6845251677078945
NVDA,iex,5s,qi_ridge,2026-09-11_intraday,2675,6.383798463330885,2.526617989196405,1.514782815203902,-0.3397436317798808,-0.009623276779545177,-0.005261997117764525,0.10392523364485981,0.0,2397,0.4977054651647893,1.0,0.44598130841121497,0.6477610096476769,0.6845251677078945
NVDA,iex,5s,l1_ridge,2026-09-11_intraday,2675,6.110526516948568,2.471947919546156,1.2722519585039933,0.06124912540151837,-0.3156968078686521,-0.0828751881742024,0.10392523364485981,0.0,2397,0.4826866916979558,1.0,0.43252336448598133,0.07594868198197216,0.6845251677078945
NVDA,iex,5s,past_mid_plus_l1_ridge,2026-09-11_intraday,2675,5.2141396473227015,2.283449068256768,1.2935729330144456,-0.18149197711048556,0.28224108184728175,0.1540630350421167,0.10392523364485981,0.0,2397,0.5544430538172715,1.0,0.4968224299065421,0.3584952160024739,0.6845251677078945
NVDA,iex,30s,zero,2026-09-11_intraday,2674,12.84854942389056,3.5844873306918745,2.4078139905018237,0.16629676780713157,,,0.032535527299925204,1.0,0,,0.0,0.032535527299925204,0.0,1.5973894095155927
NVDA,iex,30s,past_mid_ridge,2026-09-11_intraday,2674,12.468571332570585,3.5310864238319892,2.4604264042859043,-0.27028803892852155,0.21179822971040682,0.0767619451453424,0.032535527299925204,0.0,2587,0.5272516428295323,1.0,0.5100972326103216,0.6179572323284777,1.5973894095155927
NVDA,iex,30s,qi_ridge,2026-09-11_intraday,2674,14.177978435061975,3.7653656442717454,2.578105325073523,-0.2254817325349494,-0.018858729058968578,-0.0014781937214890688,0.032535527299925204,0.0,2587,0.5183610359489756,1.0,0.5014958863126402,0.8882872670870685,1.5973894095155927
NVDA,iex,30s,l1_ridge,2026-09-11_intraday,2674,13.81430679774674,3.716760255618694,2.466225081368631,0.16877470061831604,-0.2004314071899038,-0.05520139269938328,0.032535527299925204,0.0,2587,0.4843448009277155,1.0,0.468586387434555,0.19992732591191623,1.5973894095155927
NVDA,iex,30s,past_mid_plus_l1_ridge,2026-09-11_intraday,2674,13.103970653222884,3.6199406974732176,2.4997492567569184,0.04642299151758586,0.12001895427608135,0.052497833094984264,0.032535527299925204,0.0,2587,0.5148821028218014,1.0,0.4981301421091997,0.5901115505006117,1.5973894095155927
NVDA,iex,1min,zero,2026-09-11_intraday,2666,20.36424993676094,4.512676582335692,3.245097034273892,0.261409099708703,,,0.023255813953488372,1.0,0,,0.0,0.023255813953488372,0.0,2.28318322147536
NVDA,iex,1min,past_mid_ridge,2026-09-11_intraday,2666,20.151636332367165,4.489057399094732,3.2818984446937756,-0.06432281090728971,0.15499966355242623,0.07023239145966646,0.023255813953488372,0.0,2604,0.5337941628264209,1.0,0.5213803450862715,0.7118196860575992,2.28318322147536
NVDA,iex,1min,qi_ridge,2026-09-11_intraday,2666,20.7898437165299,4.559588108209984,3.2976594513542503,-0.005858997991411062,-0.0021132021860609737,-0.00265183187857423,0.023255813953488372,0.0,2604,0.5119047619047619,1.0,0.5,0.5623881481229778,2.28318322147536
NVDA,iex,1min,l1_ridge,2026-09-11_intraday,2666,21.39491368650888,4.625463618547753,3.296580931122424,-0.07105248760937938,-0.13505998589399443,-0.03883275665640309,0.023255813953488372,0.0,2604,0.511136712749616,1.0,0.4992498124531133,0.3912545737407602,2.28318322147536
NVDA,iex,1min,past_mid_plus_l1_ridge,2026-09-11_intraday,2666,20.780306382236393,4.558542133427791,3.3224521212071836,-0.26528613832520964,0.09973894438406443,0.04869452090295032,0.023255813953488372,0.0,2604,0.5353302611367128,1.0,0.522880720180045,0.82691783948326,2.28318322147536
NVDA,iex,5min,zero,2026-09-11_intraday,2618,75.27795730023699,8.676287068800628,6.566157119826076,1.1905007884097258,,,0.008021390374331552,1.0,0,,0.0,0.008021390374331552,0.0,5.0157883500273615
NVDA,iex,5min,past_mid_ridge,2026-09-11_intraday,2618,75.13529269495983,8.668061645775245,6.397093529126379,1.172522757705672,0.10771264007083634,0.08507370432806817,0.008021390374331552,0.0,2597,0.548710050057759,1.0,0.5443086325439267,1.033132926875543,5.0157883500273615
NVDA,iex,5min,qi_ridge,2026-09-11_intraday,2618,75.15146900775348,8.668994694181874,6.556828867017161,1.0834054733781489,-0.011891054921405946,-0.009240203063847435,0.008021390374331552,0.0,2597,0.5206006931074316,1.0,0.5164247517188694,0.19672672421303344,5.0157883500273615
NVDA,iex,5min,l1_ridge,2026-09-11_intraday,2618,76.13840052478791,8.725732091050464,6.6022043475713685,-0.2642159375237701,-0.01668879159617945,-0.008632157431748303,0.008021390374331552,0.0,2597,0.5529457065845206,1.0,0.5485103132161956,1.5837787160174124,5.0157883500273615
NVDA,iex,5min,past_mid_plus_l1_ridge,2026-09-11_intraday,2618,75.80767979586052,8.706760579909185,6.488822955402025,-0.29287733242339564,0.08158889489789563,0.048617173875375064,0.008021390374331552,0.0,2597,0.5883711975356181,1.0,0.5836516424751719,1.8929470689904697,5.0157883500273615
