date,hour,symbol,direction,gross_pnl,costs,net_pnl
2026-09-08,10,SNDK,long,-19.68017578125,0.0,-19.68017578125
2026-09-08,10,SNDK,long,-1.83984375,0.0,-1.83984375
2026-09-08,10,SNDK,long,-4.989990234375,0.0,-4.989990234375
2026-09-08,10,SNDK,long,-0.4326171875,0.0,-0.4326171875
2026-09-08,10,SNDK,long,26.422607421875,0.0,26.422607421875
2026-09-08,10,SNDK,long,-2.5400390625,0.0,-2.5400390625
2026-09-08,10,SNDK,long,28.2601318359375,0.0,28.2601318359375
2026-09-08,10,SNDK,long,-0.4053955078125,0.0,-0.4053955078125
2026-09-08,11,SNDK,long,-25.3355712890625,0.0,-25.3355712890625
2026-09-08,11,SNDK,long,-0.791015625,0.0,-0.791015625
2026-09-08,11,SNDK,long,-43.2630615234375,0.0,-43.2630615234375
2026-09-08,11,SNDK,long,3.6441650390625,0.0,3.6441650390625
2026-09-08,11,SNDK,long,0.4053955078125,0.0,0.4053955078125
2026-09-08,11,SNDK,long,4.5450439453125,0.0,4.5450439453125
2026-09-08,11,SNDK,long,-68.5283203125,0.0,-68.5283203125
2026-09-08,11,SNDK,long,1.9039306640625,0.0,1.9039306640625
2026-09-08,11,SNDK,long,101.5078125,0.0,101.5078125
2026-09-08,11,SNDK,long,0.6396484375,0.0,0.6396484375
2026-09-08,11,SNDK,long,2.597900390625,0.0,2.597900390625
2026-09-08,11,SNDK,long,-0.3653564453125,0.0,-0.3653564453125
2026-09-08,12,SNDK,long,-18.384765625,0.0,-18.384765625
2026-09-08,12,SNDK,long,-0.919921875,0.0,-0.919921875
2026-09-08,12,SNDK,long,-12.529296875,0.0,-12.529296875
2026-09-08,12,SNDK,long,1.6494140625,0.0,1.6494140625
2026-09-08,12,SNDK,long,-19.28271484375,0.0,-19.28271484375
2026-09-08,12,SNDK,long,-0.517578125,0.0,-0.517578125
2026-09-08,12,SNDK,long,-3.7998046875,0.0,-3.7998046875
2026-09-08,12,SNDK,long,-0.93994140625,0.0,-0.93994140625
2026-09-08,13,SNDK,long,-12.3077392578125,0.0,-12.3077392578125
2026-09-08,13,SNDK,long,-1.767578125,0.0,-1.767578125
2026-09-08,13,SNDK,long,27.423828125,0.0,27.423828125
2026-09-08,13,SNDK,long,-2.783203125,0.0,-2.783203125
2026-09-08,13,SNDK,long,15.4794921875,0.0,15.4794921875
2026-09-08,13,SNDK,long,-2.421875,0.0,-2.421875
2026-09-08,13,SNDK,long,0.6844482421875,0.0,0.6844482421875
2026-09-08,13,SNDK,long,0.3768310546875,0.0,0.3768310546875
2026-09-08,13,SNDK,long,-41.9666748046875,0.0,-41.9666748046875
2026-09-08,13,SNDK,long,4.8414306640625,0.0,4.8414306640625
2026-09-08,13,SNDK,long,62.2205810546875,0.0,62.2205810546875
2026-09-08,13,SNDK,long,-9.350830078125,0.0,-9.350830078125
2026-09-08,13,SNDK,long,2.885009765625,0.0,2.885009765625
2026-09-08,14,SNDK,short,-19.8603515625,0.0,-19.8603515625
2026-09-08,14,SNDK,short,0.030029296875,0.0,0.030029296875
2026-09-08,15,SNDK,long,2.699951171875,0.0,2.699951171875
2026-09-08,15,SNDK,long,-0.639892578125,0.0,-0.639892578125
2026-09-09,10,SNDK,long,107.669677734375,0.0,107.669677734375
2026-09-09,10,SNDK,long,3.71923828125,0.0,3.71923828125
2026-09-09,10,SNDK,long,284.42138671875,0.0,284.42138671875
2026-09-09,10,SNDK,long,11.08154296875,0.0,11.08154296875
2026-09-09,10,SNDK,long,-157.650146484375,0.0,-157.650146484375
2026-09-09,10,SNDK,long,6.002197265625,0.0,6.002197265625
2026-09-09,10,SNDK,long,124.6142578125,0.0,124.6142578125
2026-09-09,10,SNDK,long,-21.11572265625,0.0,-21.11572265625
2026-09-09,10,SNDK,long,-213.56982421875,0.0,-213.56982421875
2026-09-09,10,SNDK,long,-134.729736328125,0.0,-134.729736328125
2026-09-09,10,SNDK,long,-6.16552734375,0.0,-6.16552734375
2026-09-09,11,SNDK,long,-74.6552734375,0.0,-74.6552734375
2026-09-09,11,SNDK,long,1.1552734375,0.0,1.1552734375
2026-09-09,11,SNDK,long,142.5908203125,0.0,142.5908203125
2026-09-09,11,SNDK,long,-2.1011962890625,0.0,-2.1011962890625
2026-09-09,11,SNDK,long,-17.65869140625,0.0,-17.65869140625
2026-09-09,11,SNDK,long,-2.041015625,0.0,-2.041015625
2026-09-09,11,SNDK,long,13.5748291015625,0.0,13.5748291015625
2026-09-09,11,SNDK,long,-0.274658203125,0.0,-0.274658203125
2026-09-09,11,SNDK,long,-20.7930908203125,0.0,-20.7930908203125
2026-09-09,11,SNDK,long,-1.152099609375,0.0,-1.152099609375
2026-09-09,11,SNDK,long,-4.6051025390625,0.0,-4.6051025390625
2026-09-09,11,SNDK,long,1.05029296875,0.0,1.05029296875
2026-09-09,11,SNDK,long,5.0,0.0,5.0
2026-09-09,11,SNDK,long,-2.3203125,0.0,-2.3203125
2026-09-09,12,SNDK,long,-2.19970703125,0.0,-2.19970703125
2026-09-09,12,SNDK,long,1.33984375,0.0,1.33984375
2026-09-09,12,SNDK,long,27.359619140625,0.0,27.359619140625
2026-09-09,12,SNDK,long,-0.989501953125,0.0,-0.989501953125
2026-09-09,12,SNDK,long,-5.670166015625,0.0,-5.670166015625
2026-09-09,12,SNDK,long,0.170166015625,0.0,0.170166015625
2026-09-09,12,SNDK,long,-6.585205078125,0.0,-6.585205078125
2026-09-09,12,SNDK,long,-1.69482421875,0.0,-1.69482421875
2026-09-09,12,SNDK,long,9.4951171875,0.0,9.4951171875
2026-09-09,12,SNDK,long,0.5848388671875,0.0,0.5848388671875
2026-09-09,12,SNDK,long,9.725830078125,0.0,9.725830078125
2026-09-09,12,SNDK,long,0.4742431640625,0.0,0.4742431640625
2026-09-10,9,SNDK,short,-402.64013671875,0.0,-402.64013671875
2026-09-10,9,SNDK,short,-5.318359375,0.0,-5.318359375
2026-09-10,10,SNDK,long,-11.994873046875,0.0,-11.994873046875
2026-09-10,10,SNDK,long,-1.1700439453125,0.0,-1.1700439453125
2026-09-10,10,SNDK,long,-4.875,0.0,-4.875
2026-09-10,10,SNDK,long,0.68994140625,0.0,0.68994140625
2026-09-10,10,SNDK,long,0.539794921875,0.0,0.539794921875
2026-09-10,10,SNDK,long,2.3851318359375,0.0,2.3851318359375
2026-09-10,11,SNDK,long,-9.659912109375,0.0,-9.659912109375
2026-09-10,11,SNDK,long,0.1798095703125,0.0,0.1798095703125
2026-09-10,11,SNDK,long,9.719970703125,0.0,9.719970703125
2026-09-10,11,SNDK,long,-1.6552734375,0.0,-1.6552734375
2026-09-10,11,SNDK,long,8.0869140625,0.0,8.0869140625
2026-09-10,11,SNDK,long,-0.563232421875,0.0,-0.563232421875
2026-09-10,11,SNDK,long,7.619873046875,0.0,7.619873046875
2026-09-10,11,SNDK,long,0.280029296875,0.0,0.280029296875
2026-09-10,11,SNDK,long,-15.7099609375,0.0,-15.7099609375
2026-09-10,11,SNDK,long,-0.18994140625,0.0,-0.18994140625
2026-09-10,11,SNDK,long,-1.690185546875,0.0,-1.690185546875
2026-09-10,11,SNDK,long,0.638427734375,0.0,0.638427734375
2026-09-10,11,SNDK,long,2.529296875,0.0,2.529296875
2026-09-10,11,SNDK,long,-2.449951171875,0.0,-2.449951171875
2026-09-10,11,SNDK,long,-0.1500244140625,0.0,-0.1500244140625
2026-09-10,11,SNDK,long,-0.06005859375,0.0,-0.06005859375
2026-09-10,11,SNDK,long,1.89501953125,0.0,1.89501953125
2026-09-10,11,SNDK,long,0.0400390625,0.0,0.0400390625
2026-09-10,11,SNDK,long,1.655029296875,0.0,1.655029296875
2026-09-10,11,SNDK,long,-0.030029296875,0.0,-0.030029296875
2026-09-10,11,SNDK,long,-0.17236328125,0.0,-0.17236328125
2026-09-10,12,SNDK,long,-1.23046875,0.0,-1.23046875
2026-09-10,12,SNDK,long,0.780029296875,0.0,0.780029296875
2026-09-10,12,SNDK,long,-47.512939453125,0.0,-47.512939453125
2026-09-10,12,SNDK,long,1.04296875,0.0,1.04296875
2026-09-10,12,SNDK,long,-13.1396484375,0.0,-13.1396484375
2026-09-10,12,SNDK,long,-1.80029296875,0.0,-1.80029296875
2026-09-10,12,SNDK,long,-4.43994140625,0.0,-4.43994140625
2026-09-10,12,SNDK,long,2.57958984375,0.0,2.57958984375
2026-09-10,12,SNDK,long,-25.259765625,0.0,-25.259765625
2026-09-10,12,SNDK,long,-1.919677734375,0.0,-1.919677734375
2026-09-10,12,SNDK,long,15.352294921875,0.0,15.352294921875
2026-09-10,12,SNDK,long,4.686767578125,0.0,4.686767578125
2026-09-10,12,SNDK,long,11.4609375,0.0,11.4609375
2026-09-10,12,SNDK,long,6.479736328125,0.0,6.479736328125
2026-09-10,12,SNDK,long,-6.150146484375,0.0,-6.150146484375
2026-09-10,12,SNDK,long,0.840087890625,0.0,0.840087890625
2026-09-10,12,SNDK,long,47.849853515625,0.0,47.849853515625
2026-09-10,12,SNDK,long,1.68017578125,0.0,1.68017578125
2026-09-10,13,SNDK,long,6.2001953125,0.0,6.2001953125
2026-09-10,13,SNDK,long,-1.419921875,0.0,-1.419921875
2026-09-10,13,SNDK,long,3.81982421875,0.0,3.81982421875
2026-09-10,13,SNDK,long,-0.050048828125,0.0,-0.050048828125
2026-09-10,13,SNDK,long,9.360107421875,0.0,9.360107421875
2026-09-10,13,SNDK,long,-0.260009765625,0.0,-0.260009765625
2026-09-10,13,SNDK,long,5.0400390625,0.0,5.0400390625
2026-09-10,13,SNDK,long,0.14013671875,0.0,0.14013671875
2026-09-10,15,SNDK,short,7.850341796875,0.0,7.850341796875
2026-09-10,15,SNDK,short,4.1748046875,0.0,4.1748046875
2026-09-10,15,SNDK,short,17.974853515625,0.0,17.974853515625
2026-09-10,15,SNDK,short,2.80029296875,0.0,2.80029296875
2026-09-11,9,SNDK,short,551.700439453125,0.0,551.700439453125
2026-09-11,9,SNDK,short,-50.701904296875,0.0,-50.701904296875
2026-09-11,10,SNDK,long,37.8603515625,0.0,37.8603515625
2026-09-11,10,SNDK,long,5.69970703125,0.0,5.69970703125
2026-09-11,10,SNDK,long,-81.240234375,0.0,-81.240234375
2026-09-11,10,SNDK,long,0.720703125,0.0,0.720703125
2026-09-11,10,SNDK,long,-37.1800537109375,0.0,-37.1800537109375
2026-09-11,10,SNDK,long,0.66064453125,0.0,0.66064453125
2026-09-11,10,SNDK,long,-41.1201171875,0.0,-41.1201171875
2026-09-11,10,SNDK,long,-3.80078125,0.0,-3.80078125
2026-09-11,10,SNDK,long,-31.469970703125,0.0,-31.469970703125
2026-09-11,10,SNDK,long,2.580322265625,0.0,2.580322265625
2026-09-11,10,SNDK,long,5.81982421875,0.0,5.81982421875
2026-09-11,10,SNDK,long,-2.81982421875,0.0,-2.81982421875
2026-09-11,10,SNDK,long,14.18994140625,0.0,14.18994140625
2026-09-11,10,SNDK,long,-8.3701171875,0.0,-8.3701171875
2026-09-11,11,SNDK,long,14.48046875,0.0,14.48046875
2026-09-11,11,SNDK,long,-2.7998046875,0.0,-2.7998046875
2026-09-11,12,SNDK,long,7.52001953125,0.0,7.52001953125
2026-09-11,12,SNDK,long,-0.60009765625,0.0,-0.60009765625
2026-09-11,12,SNDK,long,10.60546875,0.0,10.60546875
2026-09-11,12,SNDK,long,1.4996337890625,0.0,1.4996337890625
2026-09-11,13,SNDK,short,-1.344970703125,0.0,-1.344970703125
2026-09-11,14,SNDK,short,14.73974609375,0.0,14.73974609375
2026-09-11,14,SNDK,short,-0.27978515625,0.0,-0.27978515625
2026-09-11,14,SNDK,short,2.35498046875,0.0,2.35498046875
2026-09-11,14,SNDK,short,-0.25,0.0,-0.25
2026-09-11,14,SNDK,short,0.35498046875,0.0,0.35498046875
2026-09-11,14,SNDK,short,-0.3150634765625,0.0,-0.3150634765625
2026-09-11,14,SNDK,short,-3.6300048828125,0.0,-3.6300048828125
2026-09-11,14,SNDK,short,7.05078125,0.0,7.05078125
2026-09-11,14,SNDK,short,1.8743896484375,0.0,1.8743896484375
2026-09-11,14,SNDK,short,-8.2147216796875,0.0,-8.2147216796875
2026-09-11,14,SNDK,short,0.93994140625,0.0,0.93994140625
2026-09-11,14,SNDK,short,-5.350341796875,0.0,-5.350341796875
2026-09-11,14,SNDK,short,-0.72509765625,0.0,-0.72509765625
2026-09-11,14,SNDK,short,5.89013671875,0.0,5.89013671875
2026-09-11,14,SNDK,short,0.47998046875,0.0,0.47998046875
2026-09-11,15,SNDK,short,10.21240234375,0.0,10.21240234375
2026-09-11,15,SNDK,short,0.4376220703125,0.0,0.4376220703125
2026-09-11,15,SNDK,short,-3.9599609375,0.0,-3.9599609375
2026-09-11,15,SNDK,short,-0.22998046875,0.0,-0.22998046875
2026-09-11,15,SNDK,short,-1.488525390625,0.0,-1.488525390625
2026-09-11,15,SNDK,short,-1.04150390625,0.0,-1.04150390625
2026-09-11,15,SNDK,short,-1.0,0.0,-1.0
2026-09-11,15,SNDK,short,0.360107421875,0.0,0.360107421875
2026-09-11,15,SNDK,short,-17.1201171875,0.0,-17.1201171875
2026-09-11,15,SNDK,short,3.83984375,0.0,3.83984375
2026-09-11,15,SNDK,short,13.240234375,0.0,13.240234375
2026-09-11,15,SNDK,short,-1.440185546875,0.0,-1.440185546875
2026-09-11,15,SNDK,short,-1.419921875,0.0,-1.419921875
2026-09-11,15,SNDK,short,0.6201171875,0.0,0.6201171875
2026-09-11,15,SNDK,short,2.7998046875,0.0,2.7998046875
2026-09-08,9,TSLA,short,46.619384765625,0.0,46.619384765625
2026-09-08,9,TSLA,short,-0.2794189453125,0.0,-0.2794189453125
2026-09-08,10,TSLA,long,255.6441650390625,0.0,255.6441650390625
2026-09-08,10,TSLA,long,4.2791748046875,0.0,4.2791748046875
2026-09-08,10,TSLA,long,188.95166015625,0.0,188.95166015625
2026-09-08,10,TSLA,long,2.5675048828125,0.0,2.5675048828125
2026-09-08,10,TSLA,long,28.9775390625,0.0,28.9775390625
2026-09-08,10,TSLA,long,54.66461181640625,0.0,54.66461181640625
2026-09-08,10,TSLA,long,-5.28717041015625,0.0,-5.28717041015625
2026-09-08,10,TSLA,long,-14.9993896484375,0.0,-14.9993896484375
2026-09-08,10,TSLA,long,4.360198974609375,0.0,4.360198974609375
2026-09-08,10,TSLA,long,261.90185546875,0.0,261.90185546875
2026-09-08,10,TSLA,long,-0.637054443359375,0.0,-0.637054443359375
2026-09-08,11,TSLA,short,167.68661499023438,0.0,167.68661499023438
2026-09-08,11,TSLA,short,-2.5667724609375,0.0,-2.5667724609375
2026-09-08,11,TSLA,short,167.9090576171875,0.0,167.9090576171875
2026-09-08,11,TSLA,short,21.233062744140625,0.0,21.233062744140625
2026-09-08,11,TSLA,short,-96.9609375,0.0,-96.9609375
2026-09-08,11,TSLA,short,-12.48046875,0.0,-12.48046875
2026-09-08,13,TSLA,short,-80.00729370117188,0.0,-80.00729370117188
2026-09-08,13,TSLA,short,0.780517578125,0.0,0.780517578125
2026-09-08,13,TSLA,short,9.880126953125,0.0,9.880126953125
2026-09-08,13,TSLA,short,-2.6025390625,0.0,-2.6025390625
2026-09-08,13,TSLA,short,3.59710693359375,0.0,3.59710693359375
2026-09-08,13,TSLA,short,-0.596923828125,0.0,-0.596923828125
2026-09-08,13,TSLA,short,6.300048828125,0.0,6.300048828125
2026-09-08,13,TSLA,short,0.198974609375,0.0,0.198974609375
2026-09-08,13,TSLA,short,4.0008544921875,0.0,4.0008544921875
2026-09-08,13,TSLA,short,-0.10009765625,0.0,-0.10009765625
2026-09-08,13,TSLA,short,-1.169769287109375,0.0,-1.169769287109375
2026-09-08,13,TSLA,short,-0.0450439453125,0.0,-0.0450439453125
2026-09-08,13,TSLA,short,-2.74493408203125,0.0,-2.74493408203125
2026-09-08,13,TSLA,short,0.31475830078125,0.0,0.31475830078125
2026-09-08,13,TSLA,short,4.35205078125,0.0,4.35205078125
2026-09-08,13,TSLA,short,-0.15185546875,0.0,-0.15185546875
2026-09-08,13,TSLA,short,5.599853515625,0.0,5.599853515625
2026-09-08,13,TSLA,short,0.080078125,0.0,0.080078125
2026-09-08,13,TSLA,short,-0.320068359375,0.0,-0.320068359375
2026-09-08,13,TSLA,short,-0.000732421875,0.0,-0.000732421875
2026-09-08,14,TSLA,long,17.999267578125,0.0,17.999267578125
2026-09-08,14,TSLA,long,-1.99951171875,0.0,-1.99951171875
2026-09-08,14,TSLA,long,-7.196044921875,0.0,-7.196044921875
2026-09-08,14,TSLA,long,-0.003662109375,0.0,-0.003662109375
2026-09-08,14,TSLA,long,-23.399658203125,0.0,-23.399658203125
2026-09-08,14,TSLA,long,1.39892578125,0.0,1.39892578125
2026-09-08,14,TSLA,long,-3.3599853515625,0.0,-3.3599853515625
2026-09-08,14,TSLA,long,0.4801025390625,0.0,0.4801025390625
2026-09-08,14,TSLA,long,6.2398681640625,0.0,6.2398681640625
2026-09-08,14,TSLA,long,0.1201171875,0.0,0.1201171875
2026-09-08,14,TSLA,long,7.1627197265625,0.0,7.1627197265625
2026-09-08,14,TSLA,long,-0.082763671875,0.0,-0.082763671875
2026-09-09,9,TSLA,long,-295.928466796875,0.0,-295.928466796875
2026-09-09,9,TSLA,long,12.4068603515625,0.0,12.4068603515625
2026-09-09,10,TSLA,long,9.52099609375,0.0,9.52099609375
2026-09-09,10,TSLA,long,2.0399169921875,0.0,2.0399169921875
2026-09-09,10,TSLA,long,87.13201904296875,0.0,87.13201904296875
2026-09-09,10,TSLA,long,-0.552154541015625,0.0,-0.552154541015625
2026-09-09,10,TSLA,long,-81.03121948242188,0.0,-81.03121948242188
2026-09-09,10,TSLA,long,-4.440948486328125,0.0,-4.440948486328125
2026-09-09,10,TSLA,long,44.399322509765625,0.0,44.399322509765625
2026-09-09,10,TSLA,long,-127.08645629882812,0.0,-127.08645629882812
2026-09-09,10,TSLA,long,9.428009033203125,0.0,9.428009033203125
2026-09-09,10,TSLA,long,63.19903564453125,0.0,63.19903564453125
2026-09-09,10,TSLA,long,105.19049072265625,0.0,105.19049072265625
2026-09-09,10,TSLA,long,-2.680572509765625,0.0,-2.680572509765625
2026-09-09,10,TSLA,long,-68.12457275390625,0.0,-68.12457275390625
2026-09-09,10,TSLA,long,-4.6373291015625,0.0,-4.6373291015625
2026-09-09,10,TSLA,long,3.06292724609375,0.0,3.06292724609375
2026-09-09,10,TSLA,long,-0.31488037109375,0.0,-0.31488037109375
2026-09-09,10,TSLA,long,108.27456665039062,0.0,108.27456665039062
2026-09-09,10,TSLA,long,-0.710693359375,0.0,-0.710693359375
2026-09-09,11,TSLA,short,225.541748046875,0.0,225.541748046875
2026-09-09,11,TSLA,short,-6.265655517578125,0.0,-6.265655517578125
2026-09-09,11,TSLA,long,21.0,0.0,21.0
2026-09-09,11,TSLA,long,-0.806640625,0.0,-0.806640625
2026-09-09,12,TSLA,long,1.0869140625,0.0,1.0869140625
2026-09-09,12,TSLA,long,-0.2802734375,0.0,-0.2802734375
2026-09-09,12,TSLA,long,2.475738525390625,0.0,2.475738525390625
2026-09-09,12,TSLA,long,0.98358154296875,0.0,0.98358154296875
2026-09-09,12,TSLA,long,-39.03662109375,0.0,-39.03662109375
2026-09-09,12,TSLA,long,-1.89019775390625,0.0,-1.89019775390625
2026-09-09,12,TSLA,long,38.384033203125,0.0,38.384033203125
2026-09-09,12,TSLA,long,-1.3941650390625,0.0,-1.3941650390625
2026-09-09,12,TSLA,long,-30.2398681640625,0.0,-30.2398681640625
2026-09-09,12,TSLA,long,-28.61993408203125,0.0,-28.61993408203125
2026-09-09,12,TSLA,long,-42.378662109375,0.0,-42.378662109375
2026-09-09,12,TSLA,long,1.33978271484375,0.0,1.33978271484375
2026-09-09,12,TSLA,long,24.29901123046875,0.0,24.29901123046875
2026-09-09,12,TSLA,long,-4.31927490234375,0.0,-4.31927490234375
2026-09-09,12,TSLA,long,-1.89019775390625,0.0,-1.89019775390625
2026-09-09,12,TSLA,long,1.89019775390625,0.0,1.89019775390625
2026-09-09,12,TSLA,long,36.54937744140625,0.0,36.54937744140625
2026-09-09,12,TSLA,long,5.95062255859375,0.0,5.95062255859375
2026-09-09,12,TSLA,long,136.8487548828125,0.0,136.8487548828125
2026-09-09,12,TSLA,long,-0.850830078125,0.0,-0.850830078125
2026-09-09,12,TSLA,long,-127.4237060546875,0.0,-127.4237060546875
2026-09-09,12,TSLA,long,-3.0762939453125,0.0,-3.0762939453125
2026-09-09,13,TSLA,long,54.320068359375,0.0,54.320068359375
2026-09-09,13,TSLA,long,0.2802734375,0.0,0.2802734375
2026-09-09,13,TSLA,long,-13.33349609375,0.0,-13.33349609375
2026-09-09,13,TSLA,long,-0.107666015625,0.0,-0.107666015625
2026-09-09,13,TSLA,long,-0.2802734375,0.0,-0.2802734375
2026-09-09,13,TSLA,long,-10.638427734375,0.0,-10.638427734375
2026-09-09,13,TSLA,long,-2.240478515625,0.0,-2.240478515625
2026-09-09,13,TSLA,long,13.439453125,0.0,13.439453125
2026-09-09,13,TSLA,long,1.679931640625,0.0,1.679931640625
2026-09-09,14,TSLA,long,2.240478515625,0.0,2.240478515625
2026-09-09,14,TSLA,long,1.119384765625,0.0,1.119384765625
2026-09-09,14,TSLA,long,-11.205810546875,0.0,-11.205810546875
2026-09-09,14,TSLA,long,-1.673095703125,0.0,-1.673095703125
2026-09-09,14,TSLA,long,-30.801025390625,0.0,-30.801025390625
2026-09-09,14,TSLA,long,7.2802734375,0.0,7.2802734375
2026-09-09,14,TSLA,long,1.679931640625,0.0,1.679931640625
2026-09-09,14,TSLA,long,26.880615234375,0.0,26.880615234375
2026-09-09,14,TSLA,long,-0.560546875,0.0,-0.560546875
2026-09-09,14,TSLA,long,30.419921875,0.0,30.419921875
2026-09-09,14,TSLA,long,0.100830078125,0.0,0.100830078125
2026-09-09,14,TSLA,long,27.1591796875,0.0,27.1591796875
2026-09-09,14,TSLA,long,0.26318359375,0.0,0.26318359375
2026-09-09,14,TSLA,long,-5.242156982421875,0.0,-5.242156982421875
2026-09-09,14,TSLA,long,-6.999969482421875,0.0,-6.999969482421875
2026-09-09,14,TSLA,long,-12.125396728515625,0.0,-12.125396728515625
2026-09-09,14,TSLA,long,-13.74969482421875,0.0,-13.74969482421875
2026-09-09,14,TSLA,long,0.374603271484375,0.0,0.374603271484375
2026-09-09,14,TSLA,long,1.595306396484375,0.0,1.595306396484375
2026-09-09,14,TSLA,long,-0.72021484375,0.0,-0.72021484375
2026-09-09,15,TSLA,long,16.99981689453125,0.0,16.99981689453125
2026-09-09,15,TSLA,long,-0.84991455078125,0.0,-0.84991455078125
2026-09-09,15,TSLA,long,-1.149749755859375,0.0,-1.149749755859375
2026-09-09,15,TSLA,long,-1.24969482421875,0.0,-1.24969482421875
2026-09-09,15,TSLA,long,0.374603271484375,0.0,0.374603271484375
2026-09-09,15,TSLA,long,14.12506103515625,0.0,14.12506103515625
2026-09-09,15,TSLA,long,-0.250244140625,0.0,-0.250244140625
2026-09-09,15,TSLA,long,-3.35693359375,0.0,-3.35693359375
2026-09-09,15,TSLA,long,-0.142669677734375,0.0,-0.142669677734375
2026-09-09,15,TSLA,long,-4.75006103515625,0.0,-4.75006103515625
2026-09-09,15,TSLA,long,-1.000213623046875,0.0,-1.000213623046875
2026-09-09,15,TSLA,long,-4.999542236328125,0.0,-4.999542236328125
2026-09-09,15,TSLA,long,-0.225067138671875,0.0,-0.225067138671875
2026-09-09,15,TSLA,long,7.370819091796875,0.0,7.370819091796875
2026-09-09,15,TSLA,long,-0.5855712890625,0.0,-0.5855712890625
2026-09-09,15,TSLA,long,2.145904541015625,0.0,2.145904541015625
2026-09-09,15,TSLA,long,0.584381103515625,0.0,0.584381103515625
2026-09-09,15,TSLA,long,-17.744476318359375,0.0,-17.744476318359375
2026-09-09,15,TSLA,long,15.209381103515625,0.0,15.209381103515625
2026-09-09,15,TSLA,long,0.779571533203125,0.0,0.779571533203125
2026-09-09,15,TSLA,long,-43.6798095703125,0.0,-43.6798095703125
2026-09-09,15,TSLA,long,-0.389190673828125,0.0,-0.389190673828125
2026-09-10,10,TSLA,long,124.978515625,0.0,124.978515625
2026-09-10,10,TSLA,long,2.51312255859375,0.0,2.51312255859375
2026-09-10,10,TSLA,long,138.9984130859375,0.0,138.9984130859375
2026-09-10,10,TSLA,long,5.999755859375,0.0,5.999755859375
2026-09-10,11,TSLA,long,-6.45721435546875,0.0,-6.45721435546875
2026-09-10,11,TSLA,long,0.05218505859375,0.0,0.05218505859375
2026-09-10,11,TSLA,short,-90.1275634765625,0.0,-90.1275634765625
2026-09-10,13,TSLA,short,-33.91650390625,0.0,-33.91650390625
2026-09-10,13,TSLA,short,-0.0897216796875,0.0,-0.0897216796875
2026-09-10,13,TSLA,short,27.85986328125,0.0,27.85986328125
2026-09-10,13,TSLA,short,-2.2396240234375,0.0,-2.2396240234375
2026-09-10,13,TSLA,short,1.2802734375,0.0,1.2802734375
2026-09-10,13,TSLA,short,-0.3203125,0.0,-0.3203125
2026-09-10,15,TSLA,short,39.26025390625,0.0,39.26025390625
2026-09-10,15,TSLA,short,2.859619140625,0.0,2.859619140625
2026-09-10,15,TSLA,short,-6.76025390625,0.0,-6.76025390625
2026-09-10,15,TSLA,short,-3.6387939453125,0.0,-3.6387939453125
2026-09-11,9,TSLA,long,280.7171936035156,0.0,280.7171936035156
2026-09-11,9,TSLA,long,2.071563720703125,0.0,2.071563720703125
2026-09-11,10,TSLA,long,-365.4371643066406,0.0,-365.4371643066406
2026-09-11,10,TSLA,long,-15.73931884765625,0.0,-15.73931884765625
2026-09-11,10,TSLA,long,-215.81927490234375,0.0,-215.81927490234375
2026-09-11,10,TSLA,long,0.024169921875,0.0,0.024169921875
2026-09-11,10,TSLA,long,539.5270385742188,0.0,539.5270385742188
2026-09-11,10,TSLA,long,16.9801025390625,0.0,16.9801025390625
2026-09-11,10,TSLA,long,0.1197509765625,0.0,0.1197509765625
2026-09-11,10,TSLA,long,-14.759765625,0.0,-14.759765625
2026-09-11,11,TSLA,long,75.6209716796875,0.0,75.6209716796875
2026-09-11,11,TSLA,long,0.9959716796875,0.0,0.9959716796875
2026-09-11,11,TSLA,long,115.42340087890625,0.0,115.42340087890625
2026-09-11,11,TSLA,long,6.95965576171875,0.0,6.95965576171875
2026-09-11,11,TSLA,long,-11.9759521484375,0.0,-11.9759521484375
2026-09-11,11,TSLA,long,-2.80572509765625,0.0,-2.80572509765625
2026-09-11,11,TSLA,long,275.47119140625,0.0,275.47119140625
2026-09-11,11,TSLA,long,3.98388671875,0.0,3.98388671875
2026-09-11,11,TSLA,long,-42.4375,0.0,-42.4375
2026-09-11,11,TSLA,long,11.07763671875,0.0,11.07763671875
2026-09-11,11,TSLA,long,-13.95556640625,0.0,-13.95556640625
2026-09-11,11,TSLA,long,1.0732421875,0.0,1.0732421875
2026-09-11,11,TSLA,long,-37.51904296875,0.0,-37.51904296875
2026-09-11,11,TSLA,long,-5.5986328125,0.0,-5.5986328125
2026-09-11,11,TSLA,long,-120.9619140625,0.0,-120.9619140625
2026-09-11,13,TSLA,long,10.7000732421875,0.0,10.7000732421875
2026-09-11,13,TSLA,long,1.6998291015625,0.0,1.6998291015625
2026-09-11,13,TSLA,long,0.2001953125,0.0,0.2001953125
2026-09-11,13,TSLA,long,3.4002685546875,0.0,3.4002685546875
2026-09-11,13,TSLA,long,-5.30029296875,0.0,-5.30029296875
2026-09-11,13,TSLA,long,1.199951171875,0.0,1.199951171875
2026-09-11,13,TSLA,long,12.2003173828125,0.0,12.2003173828125
2026-09-11,13,TSLA,long,0.999755859375,0.0,0.999755859375
2026-09-11,13,TSLA,long,2.19970703125,0.0,2.19970703125
2026-09-11,13,TSLA,long,1.2005615234375,0.0,1.2005615234375
2026-09-11,13,TSLA,long,-1.600341796875,0.0,-1.600341796875
2026-09-11,13,TSLA,long,-0.4998779296875,0.0,-0.4998779296875
2026-09-11,13,TSLA,long,-13.900146484375,0.0,-13.900146484375
2026-09-11,14,TSLA,long,-3.040069580078125,0.0,-3.040069580078125
2026-09-11,14,TSLA,long,-0.284698486328125,0.0,-0.284698486328125
2026-09-11,14,TSLA,long,-5.894012451171875,0.0,-5.894012451171875
2026-09-11,14,TSLA,long,-0.281219482421875,0.0,-0.281219482421875
2026-09-11,14,TSLA,long,2.4700927734375,0.0,2.4700927734375
2026-09-11,15,TSLA,long,14.13006591796875,0.0,14.13006591796875
2026-09-11,15,TSLA,long,-0.18017578125,0.0,-0.18017578125
2026-09-08,9,MSTR,long,127.7198486328125,0.0,127.7198486328125
2026-09-08,9,MSTR,long,4.9610595703125,0.0,4.9610595703125
2026-09-08,9,MSTR,long,1.9049224853515625,0.0,1.9049224853515625
2026-09-08,9,MSTR,long,-2.5405426025390625,0.0,-2.5405426025390625
2026-09-08,9,MSTR,long,-15.875,0.0,-15.875
2026-09-08,9,MSTR,long,1.271240234375,0.0,1.271240234375
2026-09-08,10,MSTR,long,42.279815673828125,0.0,42.279815673828125
2026-09-08,10,MSTR,long,3.774078369140625,0.0,3.774078369140625
2026-09-09,9,MSTR,long,-200.16371154785156,0.0,-200.16371154785156
2026-09-09,9,MSTR,long,-36.86500549316406,0.0,-36.86500549316406
2026-09-09,9,MSTR,long,-6.768951416015625,0.0,-6.768951416015625
2026-09-09,9,MSTR,long,-2.722137451171875,0.0,-2.722137451171875
2026-09-09,9,MSTR,long,-381.5990295410156,0.0,-381.5990295410156
2026-09-09,9,MSTR,long,-14.309417724609375,0.0,-14.309417724609375
2026-09-09,10,MSTR,long,40.45527648925781,0.0,40.45527648925781
2026-09-09,10,MSTR,long,22.230209350585938,0.0,22.230209350585938
2026-09-09,10,MSTR,long,-41.441162109375,0.0,-41.441162109375
2026-09-09,10,MSTR,long,7.828857421875,0.0,7.828857421875
2026-09-09,10,MSTR,long,-93.82373046875,0.0,-93.82373046875
2026-09-09,10,MSTR,long,27.78125,0.0,27.78125
2026-09-09,12,MSTR,long,-191.5191650390625,0.0,-191.5191650390625
2026-09-09,12,MSTR,long,15.389373779296875,0.0,15.389373779296875
2026-09-09,12,MSTR,long,-17.277099609375,0.0,-17.277099609375
2026-09-09,12,MSTR,long,-7.560791015625,0.0,-7.560791015625
2026-09-09,12,MSTR,long,-64.8006591796875,0.0,-64.8006591796875
2026-09-09,12,MSTR,long,6.479736328125,0.0,6.479736328125
2026-09-09,12,MSTR,long,12.95947265625,0.0,12.95947265625
2026-09-09,12,MSTR,long,17.2803955078125,0.0,17.2803955078125
2026-09-09,12,MSTR,long,60.0,0.0,60.0
2026-09-09,12,MSTR,long,7.19970703125,0.0,7.19970703125
2026-09-09,12,MSTR,long,110.401611328125,0.0,110.401611328125
2026-09-09,12,MSTR,long,-105.6005859375,0.0,-105.6005859375
2026-09-09,12,MSTR,long,-4.801025390625,0.0,-4.801025390625
2026-09-09,12,MSTR,long,-14.3994140625,0.0,-14.3994140625
2026-09-09,12,MSTR,long,-7.19970703125,0.0,-7.19970703125
2026-09-09,12,MSTR,long,-33.944732666015625,0.0,-33.944732666015625
2026-09-09,12,MSTR,long,5.473663330078125,0.0,5.473663330078125
2026-09-09,12,MSTR,long,-1.087738037109375,0.0,-1.087738037109375
2026-09-09,12,MSTR,long,14.167205810546875,0.0,14.167205810546875
2026-09-09,13,MSTR,long,31.465927124023438,0.0,31.465927124023438
2026-09-09,13,MSTR,long,-16.274337768554688,0.0,-16.274337768554688
2026-09-09,13,MSTR,long,-40.14447021484375,0.0,-40.14447021484375
2026-09-09,13,MSTR,long,-5.4269866943359375,0.0,-5.4269866943359375
2026-09-09,13,MSTR,long,13.022781372070312,0.0,13.022781372070312
2026-09-09,13,MSTR,long,2.1688079833984375,0.0,2.1688079833984375
2026-09-09,13,MSTR,long,101.99026489257812,0.0,101.99026489257812
2026-09-09,13,MSTR,long,12.996292114257812,0.0,12.996292114257812
2026-09-09,13,MSTR,long,2.191986083984375,0.0,2.191986083984375
2026-09-09,13,MSTR,long,-6.4865570068359375,0.0,-6.4865570068359375
2026-09-09,13,MSTR,long,94.37129211425781,0.0,94.37129211425781
2026-09-09,13,MSTR,long,-2.1688079833984375,0.0,-2.1688079833984375
2026-09-09,13,MSTR,long,31.465927124023438,0.0,31.465927124023438
2026-09-09,13,MSTR,long,8.678543090820312,0.0,8.678543090820312
2026-09-09,13,MSTR,long,-22.5697021484375,0.0,-22.5697021484375
2026-09-09,13,MSTR,long,-3.0501861572265625,0.0,-3.0501861572265625
2026-09-09,13,MSTR,long,-21.045074462890625,0.0,-21.045074462890625
2026-09-09,13,MSTR,long,-0.3043670654296875,0.0,-0.3043670654296875
2026-09-09,13,MSTR,long,-2.135223388671875,0.0,-2.135223388671875
2026-09-09,13,MSTR,long,0.9149627685546875,0.0,0.9149627685546875
2026-09-09,13,MSTR,long,6.0994415283203125,0.0,6.0994415283203125
2026-09-09,13,MSTR,long,-0.4756317138671875,0.0,-0.4756317138671875
2026-09-09,13,MSTR,long,9.015594482421875,0.0,9.015594482421875
2026-09-09,13,MSTR,long,-2.433074951171875,0.0,-2.433074951171875
2026-09-09,14,MSTR,long,9.716476440429688,0.0,9.716476440429688
2026-09-09,14,MSTR,long,-0.5733642578125,0.0,-0.5733642578125
2026-09-09,14,MSTR,long,-9.149627685546875,0.0,-9.149627685546875
2026-09-09,14,MSTR,long,-0.6096649169921875,0.0,-0.6096649169921875
2026-09-09,14,MSTR,long,-25.925186157226562,0.0,-25.925186157226562
2026-09-09,14,MSTR,long,0.7139129638671875,0.0,0.7139129638671875
2026-09-09,14,MSTR,long,-27.054229736328125,0.0,-27.054229736328125
2026-09-09,14,MSTR,long,1.3300933837890625,0.0,1.3300933837890625
2026-09-09,14,MSTR,long,-2.135223388671875,0.0,-2.135223388671875
2026-09-09,14,MSTR,long,1.829925537109375,0.0,1.829925537109375
2026-09-09,14,MSTR,long,7.3206329345703125,0.0,7.3206329345703125
2026-09-09,14,MSTR,long,-4.27044677734375,0.0,-4.27044677734375
2026-09-09,14,MSTR,long,11.28485107421875,0.0,11.28485107421875
2026-09-09,14,MSTR,long,-3.9642181396484375,0.0,-3.9642181396484375
2026-09-10,9,MSTR,long,344.0408935546875,0.0,344.0408935546875
2026-09-10,9,MSTR,long,14.637542724609375,0.0,14.637542724609375
2026-09-10,9,MSTR,long,-175.1984405517578,0.0,-175.1984405517578
2026-09-10,9,MSTR,long,25.55267333984375,0.0,25.55267333984375
2026-09-10,9,MSTR,long,143.89480590820312,0.0,143.89480590820312
2026-09-10,9,MSTR,long,-10.318405151367188,0.0,-10.318405151367188
2026-09-10,9,MSTR,long,-9.556594848632812,0.0,-9.556594848632812
2026-09-10,9,MSTR,long,7.9504852294921875,0.0,7.9504852294921875
2026-09-10,10,MSTR,long,50.558746337890625,0.0,50.558746337890625
2026-09-10,10,MSTR,long,20.540771484375,0.0,20.540771484375
2026-09-10,10,MSTR,long,44.99969482421875,0.0,44.99969482421875
2026-09-10,10,MSTR,long,1.000213623046875,0.0,1.000213623046875
2026-09-10,10,MSTR,long,-52.249908447265625,0.0,-52.249908447265625
2026-09-10,10,MSTR,long,1.255035400390625,0.0,1.255035400390625
2026-09-10,10,MSTR,long,-41.038330078125,0.0,-41.038330078125
2026-09-10,10,MSTR,long,-13.68017578125,0.0,-13.68017578125
2026-09-10,14,MSTR,short,-8.60052490234375,0.0,-8.60052490234375
2026-09-10,14,MSTR,short,2.57989501953125,0.0,2.57989501953125
2026-09-10,14,MSTR,short,-20.640472412109375,0.0,-20.640472412109375
2026-09-10,14,MSTR,short,2.581207275390625,0.0,2.581207275390625
2026-09-10,14,MSTR,short,8.599212646484375,0.0,8.599212646484375
2026-09-10,14,MSTR,short,4.300262451171875,0.0,4.300262451171875
2026-09-11,9,MSTR,long,497.1920166015625,0.0,497.1920166015625
2026-09-11,9,MSTR,long,-12.055419921875,0.0,-12.055419921875
2026-09-11,9,MSTR,long,874.3350982666016,0.0,874.3350982666016
2026-09-11,9,MSTR,long,-75.5609130859375,0.0,-75.5609130859375
2026-09-11,9,MSTR,long,375.1492919921875,0.0,375.1492919921875
2026-09-11,9,MSTR,long,53.5950927734375,0.0,53.5950927734375
2026-09-11,10,MSTR,long,1498.0016326904297,0.0,1498.0016326904297
2026-09-11,10,MSTR,long,-5.3470611572265625,0.0,-5.3470611572265625
2026-09-11,10,MSTR,long,401.337890625,0.0,401.337890625
2026-09-11,10,MSTR,long,-18.2972412109375,0.0,-18.2972412109375
2026-09-11,10,MSTR,long,-564.8531341552734,0.0,-564.8531341552734
2026-09-11,10,MSTR,long,-9.872589111328125,0.0,-9.872589111328125
2026-09-11,10,MSTR,long,180.82608032226562,0.0,180.82608032226562
2026-09-11,10,MSTR,long,6.761444091796875,0.0,6.761444091796875
2026-09-11,10,MSTR,long,48.59967041015625,0.0,48.59967041015625
2026-09-11,10,MSTR,long,-3.5101318359375,0.0,-3.5101318359375
2026-09-11,10,MSTR,long,72.64558410644531,0.0,72.64558410644531
2026-09-11,10,MSTR,long,1.7403717041015625,0.0,1.7403717041015625
2026-09-11,11,MSTR,long,50.710693359375,0.0,50.710693359375
2026-09-11,11,MSTR,long,28.66607666015625,0.0,28.66607666015625
2026-09-11,12,MSTR,long,-14.89990234375,0.0,-14.89990234375
2026-09-11,12,MSTR,long,0.06011962890625,0.0,0.06011962890625
2026-09-11,12,MSTR,long,-9.96002197265625,0.0,-9.96002197265625
2026-09-11,12,MSTR,long,1.39984130859375,0.0,1.39984130859375
2026-09-11,12,MSTR,long,-0.035980224609375,0.0,-0.035980224609375
2026-09-11,13,MSTR,long,36.718505859375,0.0,36.718505859375
2026-09-11,13,MSTR,long,10.6083984375,0.0,10.6083984375
2026-09-11,13,MSTR,long,40.3916015625,0.0,40.3916015625
2026-09-11,13,MSTR,long,-6.1197509765625,0.0,-6.1197509765625
2026-09-11,13,MSTR,long,7.1407470703125,0.0,7.1407470703125
2026-09-11,13,MSTR,long,-18.3592529296875,0.0,-18.3592529296875
2026-09-11,13,MSTR,long,-73.44012451171875,0.0,-73.44012451171875
2026-09-11,13,MSTR,long,7.09716796875,0.0,7.09716796875
2026-09-11,13,MSTR,long,29.621337890625,0.0,29.621337890625
2026-09-11,13,MSTR,long,0.4295654296875,0.0,0.4295654296875
2026-09-11,13,MSTR,long,18.95068359375,0.0,18.95068359375
2026-09-11,13,MSTR,long,6.1197509765625,0.0,6.1197509765625
2026-09-11,13,MSTR,long,6.1197509765625,0.0,6.1197509765625
2026-09-11,13,MSTR,long,-6.1197509765625,0.0,-6.1197509765625
2026-09-11,13,MSTR,long,30.866455078125,0.0,30.866455078125
2026-09-11,13,MSTR,long,7.89404296875,0.0,7.89404296875
2026-09-11,13,MSTR,long,-103.02099609375,0.0,-103.02099609375
2026-09-11,13,MSTR,long,-2.77349853515625,0.0,-2.77349853515625
2026-09-11,13,MSTR,long,36.27522277832031,0.0,36.27522277832031
2026-09-11,13,MSTR,long,-0.018585205078125,0.0,-0.018585205078125
2026-09-11,13,MSTR,long,7.07073974609375,0.0,7.07073974609375
2026-09-11,13,MSTR,long,11.09002685546875,0.0,11.09002685546875
2026-09-11,13,MSTR,long,-129.26138305664062,0.0,-129.26138305664062
2026-09-11,13,MSTR,long,-2.018890380859375,0.0,-2.018890380859375
2026-09-11,14,MSTR,long,2.018890380859375,0.0,2.018890380859375
2026-09-11,14,MSTR,long,-6.038177490234375,0.0,-6.038177490234375
2026-09-11,14,MSTR,long,-274.74169921875,0.0,-274.74169921875
2026-09-11,14,MSTR,long,-4.040863037109375,0.0,-4.040863037109375
2026-09-11,15,MSTR,long,-17.551177978515625,0.0,-17.551177978515625
2026-09-11,15,MSTR,long,-100.34931945800781,0.0,-100.34931945800781
2026-09-11,15,MSTR,long,3.3448638916015625,0.0,3.3448638916015625
2026-09-11,15,MSTR,long,-83.625,0.0,-83.625
2026-09-11,15,MSTR,long,-1.1126861572265625,0.0,-1.1126861572265625
2026-09-11,15,MSTR,long,83.625,0.0,83.625
2026-09-11,15,MSTR,long,-2.2083587646484375,0.0,-2.2083587646484375
2026-09-11,15,MSTR,long,-73.61422729492188,0.0,-73.61422729492188
2026-09-11,15,MSTR,long,-13.37945556640625,0.0,-13.37945556640625
2026-09-11,15,MSTR,long,17.760406494140625,0.0,17.760406494140625
2026-09-11,15,MSTR,long,-2.218780517578125,0.0,-2.218780517578125
2026-09-11,15,MSTR,long,28.857696533203125,0.0,28.857696533203125
2026-09-11,15,MSTR,long,-4.43756103515625,0.0,-4.43756103515625
2026-09-11,15,MSTR,long,41.410369873046875,0.0,41.410369873046875
2026-09-11,15,MSTR,long,3.029876708984375,0.0,3.029876708984375
2026-09-11,15,MSTR,long,80.39877319335938,0.0,80.39877319335938
2026-09-11,15,MSTR,long,-8.038650512695312,0.0,-8.038650512695312
2026-09-11,15,MSTR,long,-122.61012268066406,0.0,-122.61012268066406
2026-09-11,15,MSTR,long,8.038650512695312,0.0,8.038650512695312
2026-09-08,10,NVDA,short,-207.754638671875,0.0,-207.754638671875
2026-09-08,10,NVDA,short,2.724334716796875,0.0,2.724334716796875
2026-09-08,10,NVDA,short,154.48204040527344,0.0,154.48204040527344
2026-09-08,10,NVDA,short,-4.2084808349609375,0.0,-4.2084808349609375
2026-09-08,10,NVDA,short,73.75602722167969,0.0,73.75602722167969
2026-09-08,10,NVDA,short,-3.231689453125,0.0,-3.231689453125
2026-09-08,10,NVDA,short,8.925155639648438,0.0,8.925155639648438
2026-09-08,10,NVDA,short,0.5097198486328125,0.0,0.5097198486328125
2026-09-08,10,NVDA,short,2.9423675537109375,0.0,2.9423675537109375
2026-09-08,10,NVDA,short,-0.9027099609375,0.0,-0.9027099609375
2026-09-10,10,NVDA,short,70.51611328125,0.0,70.51611328125
2026-09-10,10,NVDA,short,-7.404388427734375,0.0,-7.404388427734375
2026-09-10,10,NVDA,short,-257.6009826660156,0.0,-257.6009826660156
2026-09-10,10,NVDA,short,3.218231201171875,0.0,3.218231201171875
2026-09-10,10,NVDA,short,-3.2082366943359375,0.0,-3.2082366943359375
2026-09-10,10,NVDA,short,1.537994384765625,0.0,1.537994384765625
2026-09-10,10,NVDA,short,0.7096099853515625,0.0,0.7096099853515625
2026-09-10,10,NVDA,short,0.7096099853515625,0.0,0.7096099853515625
2026-09-10,10,NVDA,short,20.590606689453125,0.0,20.590606689453125
2026-09-10,10,NVDA,short,0.5752716064453125,0.0,0.5752716064453125
2026-09-10,10,NVDA,short,2.619598388671875,0.0,2.619598388671875
2026-09-10,10,NVDA,short,-1.0649566650390625,0.0,-1.0649566650390625
2026-09-10,11,NVDA,short,-10.295303344726562,0.0,-10.295303344726562
2026-09-10,11,NVDA,short,-0.3542633056640625,0.0,-0.3542633056640625
2026-09-10,11,NVDA,short,3.149871826171875,0.0,3.149871826171875
2026-09-10,11,NVDA,short,-1.750640869140625,0.0,-1.750640869140625
2026-09-10,11,NVDA,short,-9.659957885742188,0.0,-9.659957885742188
2026-09-10,11,NVDA,short,-0.6896209716796875,0.0,-0.6896209716796875
2026-09-10,11,NVDA,short,-3.442840576171875,0.0,-3.442840576171875
2026-09-10,11,NVDA,short,0.6822509765625,0.0,0.6822509765625
2026-09-10,11,NVDA,short,21.73516845703125,0.0,21.73516845703125
2026-09-10,11,NVDA,short,0.414825439453125,0.0,0.414825439453125
2026-09-10,11,NVDA,short,-5.2442779541015625,0.0,-5.2442779541015625
2026-09-10,11,NVDA,short,1.0349578857421875,0.0,1.0349578857421875
2026-09-10,11,NVDA,short,-6.209747314453125,0.0,-6.209747314453125
2026-09-10,11,NVDA,short,0.4411468505859375,0.0,0.4411468505859375
2026-09-10,11,NVDA,short,-18.7950439453125,0.0,-18.7950439453125
2026-09-10,11,NVDA,short,-11.2205810546875,0.0,-11.2205810546875
2026-09-10,11,NVDA,short,-10.1995849609375,0.0,-10.1995849609375
2026-09-10,11,NVDA,short,-8.56744384765625,0.0,-8.56744384765625
2026-09-10,11,NVDA,short,0.06744384765625,0.0,0.06744384765625
2026-09-10,11,NVDA,short,4.760498046875,0.0,4.760498046875
2026-09-10,11,NVDA,short,0.33929443359375,0.0,0.33929443359375
2026-09-10,12,NVDA,short,0.34033203125,0.0,0.34033203125
2026-09-10,12,NVDA,short,-11.2205810546875,0.0,-11.2205810546875
2026-09-10,12,NVDA,short,1.02099609375,0.0,1.02099609375
2026-09-10,12,NVDA,short,0.33929443359375,0.0,0.33929443359375
2026-09-10,12,NVDA,short,0.34033203125,0.0,0.34033203125
2026-09-10,12,NVDA,short,40.19938659667969,0.0,40.19938659667969
2026-09-10,12,NVDA,short,-0.6696319580078125,0.0,-0.6696319580078125
2026-09-10,12,NVDA,short,7.3700408935546875,0.0,7.3700408935546875
2026-09-10,12,NVDA,short,-0.4154052734375,0.0,-0.4154052734375
2026-09-10,12,NVDA,short,2.0757598876953125,0.0,2.0757598876953125
2026-09-10,12,NVDA,short,37.34974670410156,0.0,37.34974670410156
2026-09-10,12,NVDA,short,-11.619949340820312,0.0,-11.619949340820312
2026-09-10,12,NVDA,short,0.4154052734375,0.0,0.4154052734375
2026-09-10,12,NVDA,short,-6.4742431640625,0.0,-6.4742431640625
2026-09-10,12,NVDA,short,0.0240631103515625,0.0,0.0240631103515625
2026-09-10,12,NVDA,short,-38.78466796875,0.0,-38.78466796875
2026-09-10,12,NVDA,short,-0.8219451904296875,0.0,-0.8219451904296875
2026-09-10,12,NVDA,short,-8.30810546875,0.0,-8.30810546875
2026-09-10,12,NVDA,short,-1.6603546142578125,0.0,-1.6603546142578125
2026-09-10,12,NVDA,short,-10.781539916992188,0.0,-10.781539916992188
2026-09-10,12,NVDA,short,-0.0088653564453125,0.0,-0.0088653564453125
2026-09-10,13,NVDA,short,-4.97979736328125,0.0,-4.97979736328125
2026-09-10,13,NVDA,short,-0.8295440673828125,0.0,-0.8295440673828125
2026-09-10,13,NVDA,short,-2.489898681640625,0.0,-2.489898681640625
2026-09-10,13,NVDA,short,-10.375,0.0,-10.375
2026-09-10,13,NVDA,short,0.4141387939453125,0.0,0.4141387939453125
2026-09-10,13,NVDA,short,14.109848022460938,0.0,14.109848022460938
2026-09-10,13,NVDA,short,-0.8295440673828125,0.0,-0.8295440673828125
2026-09-10,13,NVDA,short,-3.3194427490234375,0.0,-3.3194427490234375
2026-09-10,13,NVDA,short,-0.4318695068359375,0.0,-0.4318695068359375
2026-09-10,13,NVDA,short,15.186065673828125,0.0,15.186065673828125
2026-09-10,13,NVDA,short,-0.819549560546875,0.0,-0.819549560546875
2026-09-10,13,NVDA,short,-5.7406005859375,0.0,-5.7406005859375
2026-09-10,13,NVDA,short,0.410400390625,0.0,0.410400390625
2026-09-10,13,NVDA,short,15.989349365234375,0.0,15.989349365234375
2026-09-10,13,NVDA,short,26.6510009765625,0.0,26.6510009765625
2026-09-10,13,NVDA,short,0.409149169921875,0.0,0.409149169921875
2026-09-10,13,NVDA,short,-16.399749755859375,0.0,-16.399749755859375
2026-09-10,13,NVDA,short,-0.590576171875,0.0,-0.590576171875
2026-09-10,13,NVDA,short,0.599334716796875,0.0,0.599334716796875
2026-09-10,13,NVDA,short,-0.82830810546875,0.0,-0.82830810546875
2026-09-10,13,NVDA,short,-19.680450439453125,0.0,-19.680450439453125
2026-09-10,13,NVDA,short,-0.55804443359375,0.0,-0.55804443359375
2026-09-10,14,NVDA,short,20.1646728515625,0.0,20.1646728515625
2026-09-10,14,NVDA,short,1.712921142578125,0.0,1.712921142578125
2026-09-10,14,NVDA,short,10.660400390625,0.0,10.660400390625
2026-09-10,14,NVDA,short,0.82830810546875,0.0,0.82830810546875
2026-09-10,14,NVDA,short,1.631591796875,0.0,1.631591796875
2026-09-10,14,NVDA,short,0.82080078125,0.0,0.82080078125
2026-09-10,14,NVDA,short,-0.05755615234375,0.0,-0.05755615234375
2026-09-10,14,NVDA,short,0.8358154296875,0.0,0.8358154296875
2026-09-10,14,NVDA,short,0.048797607421875,0.0,0.048797607421875
2026-09-10,14,NVDA,short,-0.00750732421875,0.0,-0.00750732421875
2026-09-10,14,NVDA,short,-0.410400390625,0.0,-0.410400390625
2026-09-10,14,NVDA,short,11.479949951171875,0.0,11.479949951171875
2026-09-10,14,NVDA,short,0.401641845703125,0.0,0.401641845703125
2026-09-10,14,NVDA,short,10.348846435546875,0.0,10.348846435546875
2026-09-10,14,NVDA,short,0.3203125,0.0,0.3203125
2026-09-10,14,NVDA,short,-13.53070068359375,0.0,-13.53070068359375
2026-09-10,14,NVDA,short,-0.410400390625,0.0,-0.410400390625
2026-09-10,14,NVDA,short,12.891326904296875,0.0,12.891326904296875
2026-09-10,14,NVDA,short,-0.590576171875,0.0,-0.590576171875
2026-09-10,14,NVDA,short,-0.844573974609375,0.0,-0.844573974609375
2026-09-10,14,NVDA,short,-0.3853759765625,0.0,-0.3853759765625
2026-09-10,14,NVDA,short,-20.089599609375,0.0,-20.089599609375
2026-09-10,15,NVDA,short,-4.16656494140625,0.0,-4.16656494140625
2026-09-10,15,NVDA,short,0.066314697265625,0.0,0.066314697265625
2026-09-10,15,NVDA,short,24.600250244140625,0.0,24.600250244140625
2026-09-10,15,NVDA,short,-0.6806640625,0.0,-0.6806640625
2026-09-10,15,NVDA,short,-1.787994384765625,0.0,-1.787994384765625
2026-09-10,15,NVDA,short,-2.648834228515625,0.0,-2.648834228515625
2026-09-10,15,NVDA,short,1.81439208984375,0.0,1.81439208984375
2026-09-10,15,NVDA,short,-13.769851684570312,0.0,-13.769851684570312
2026-09-10,15,NVDA,short,1.6203460693359375,0.0,1.6203460693359375
2026-09-10,15,NVDA,short,-8.505889892578125,0.0,-8.505889892578125
2026-09-10,15,NVDA,short,-5.999755859375,0.0,-5.999755859375
2026-09-10,15,NVDA,short,-0.792236328125,0.0,-0.792236328125
2026-09-10,15,NVDA,short,-17.20703125,0.0,-17.20703125
2026-09-10,15,NVDA,short,-0.10498046875,0.0,-0.10498046875
2026-09-10,15,NVDA,short,14.10400390625,0.0,14.10400390625
2026-09-10,15,NVDA,short,-0.799560546875,0.0,-0.799560546875
2026-09-10,15,NVDA,short,-8.00048828125,0.0,-8.00048828125
2026-09-10,15,NVDA,short,-0.799560546875,0.0,-0.799560546875
2026-09-10,15,NVDA,short,-1.239990234375,0.0,-1.239990234375
2026-09-10,15,NVDA,short,0.1199951171875,0.0,0.1199951171875
2026-09-10,15,NVDA,short,1.15997314453125,0.0,1.15997314453125
2026-09-10,15,NVDA,short,0.08001708984375,0.0,0.08001708984375
2026-09-11,10,NVDA,short,-53.004302978515625,0.0,-53.004302978515625
2026-09-11,10,NVDA,short,4.933685302734375,0.0,4.933685302734375
2026-09-11,10,NVDA,short,87.28530883789062,0.0,87.28530883789062
2026-09-11,11,NVDA,short,27.124786376953125,0.0,27.124786376953125
2026-09-11,11,NVDA,short,3.5007476806640625,0.0,3.5007476806640625
2026-09-08,9,TSLA,short,0.0,2.0122759521484377,-2.0122759521484377
2026-09-08,9,MSTR,long,0.0,3.38197587890625,-3.38197587890625
2026-09-08,9,TSLA,short,0.0,2.003007958984375,-2.003007958984375
2026-09-08,9,MSTR,long,0.0,0.08246400146484376,-0.08246400146484376
2026-09-08,9,TSLA,long,0.0,12.266855749511718,-12.266855749511718
2026-09-08,9,MSTR,long,0.0,0.65913603515625,-0.65913603515625
2026-09-08,10,MSTR,long,0.0,4.156275,-4.156275
2026-09-08,10,SNDK,long,0.0,1.42438798828125,-1.42438798828125
2026-09-08,10,SNDK,long,0.0,1.420083984375,-1.420083984375
2026-09-08,10,TSLA,long,0.0,3.2518800659179687,-3.2518800659179687
2026-09-08,10,NVDA,short,0.0,9.952222912597657,-9.952222912597657
2026-09-08,10,TSLA,long,0.0,0.07230999755859376,-0.07230999755859376
2026-09-08,10,NVDA,short,0.0,0.04584049987792969,-0.04584049987792969
2026-09-08,10,NVDA,short,0.0,7.575741918945313,-7.575741918945313
2026-09-08,10,TSLA,long,0.0,9.09875030517578,-9.09875030517578
2026-09-08,10,NVDA,short,0.0,2.3251920684814453,-2.3251920684814453
2026-09-08,10,SNDK,long,0.0,0.710083984375,-0.710083984375
2026-09-08,10,SNDK,long,0.0,0.7137759765625,-0.7137759765625
2026-09-08,10,SNDK,long,0.0,3.2029560791015625,-3.2029560791015625
2026-09-08,11,SNDK,long,0.0,3.196368017578125,-3.196368017578125
2026-09-08,11,SNDK,long,0.0,3.2231056640625,-3.2231056640625
2026-09-08,11,SNDK,long,0.0,0.3566423095703125,-0.3566423095703125
2026-09-08,11,TSLA,short,0.0,9.489756188964844,-9.489756188964844
2026-09-08,11,SNDK,long,0.0,2.87356796875,-2.87356796875
2026-09-08,11,TSLA,short,0.0,4.691712109375,-4.691712109375
2026-09-08,11,TSLA,short,0.0,0.07311199951171875,-0.07311199951171875
2026-09-08,11,TSLA,short,0.0,14.0593921875,-14.0593921875
2026-09-08,11,SNDK,long,0.0,0.3601635009765625,-0.3601635009765625
2026-09-08,11,SNDK,long,0.0,0.360610009765625,-0.360610009765625
2026-09-08,12,SNDK,long,0.0,1.43635693359375,-1.43635693359375
2026-09-08,12,SNDK,long,0.0,0.3563530029296875,-0.3563530029296875
2026-09-08,13,SNDK,long,0.0,1.067369970703125,-1.067369970703125
2026-09-08,13,TSLA,short,0.0,10.236794305419922,-10.236794305419922
2026-09-08,13,TSLA,short,0.0,2.581599914550781,-2.581599914550781
2026-09-08,13,SNDK,long,0.0,0.3567324462890625,-0.3567324462890625
2026-09-08,13,TSLA,short,0.0,6.9321242065429685,-6.9321242065429685
2026-09-08,13,SNDK,long,0.0,3.567627685546875,-3.567627685546875
2026-09-08,13,SNDK,long,0.0,6.068115966796875,-6.068115966796875
2026-09-08,13,TSLA,short,0.0,0.0734780029296875,-0.0734780029296875
2026-09-08,13,SNDK,long,0.0,0.3564139892578125,-0.3564139892578125
2026-09-08,13,SNDK,long,0.0,0.3569909912109375,-0.3569909912109375
2026-09-08,13,TSLA,short,0.0,0.07355900268554688,-0.07355900268554688
2026-09-08,13,TSLA,short,0.0,0.58656015625,-0.58656015625
2026-09-08,14,TSLA,long,0.0,2.927280029296875,-2.927280029296875
2026-09-08,14,TSLA,long,0.0,2.0472479248046875,-2.0472479248046875
2026-09-08,14,SNDK,short,0.0,2.1548279296875,-2.1548279296875
2026-09-08,14,SNDK,short,0.0,2.158793994140625,-2.158793994140625
2026-09-08,14,TSLA,long,0.0,0.8795039794921875,-0.8795039794921875
2026-09-08,15,SNDK,long,0.0,0.70838798828125,-0.70838798828125
2026-09-08,15,SNDK,long,0.0,0.7088,-0.7088
2026-09-09,9,MSTR,long,0.0,9.452860708618164,-9.452860708618164
2026-09-09,9,MSTR,long,0.0,3.7511491943359374,-3.7511491943359374
2026-09-09,9,MSTR,long,0.0,4.38490198059082,-4.38490198059082
2026-09-09,9,TSLA,long,0.0,10.307065356445312,-10.307065356445312
2026-09-09,9,TSLA,long,0.0,10.25036103515625,-10.25036103515625
2026-09-09,9,MSTR,long,0.0,3.25215110168457,-3.25215110168457
2026-09-09,9,SNDK,long,0.0,2.128866064453125,-2.128866064453125
2026-09-09,10,MSTR,long,0.0,2.383104116821289,-2.383104116821289
2026-09-09,10,SNDK,long,0.0,8.604575390625,-8.604575390625
2026-09-09,10,TSLA,long,0.0,5.046007983398438,-5.046007983398438
2026-09-09,10,MSTR,long,0.0,3.061181689453125,-3.061181689453125
2026-09-09,10,TSLA,long,0.0,3.192320104980469,-3.192320104980469
2026-09-09,10,SNDK,long,0.0,4.3220759765625,-4.3220759765625
2026-09-09,10,SNDK,long,0.0,3.2202,-3.2202
2026-09-09,10,TSLA,long,0.0,3.567455859375,-3.567455859375
2026-09-09,10,SNDK,long,0.0,3.192020947265625,-3.192020947265625
2026-09-09,10,TSLA,long,0.0,0.0741739990234375,-0.0741739990234375
2026-09-09,10,TSLA,long,0.0,6.7571138000488284,-6.7571138000488284
2026-09-09,10,MSTR,long,0.0,14.001495751953126,-14.001495751953126
2026-09-09,10,MSTR,long,0.0,13.988287255859374,-13.988287255859374
2026-09-09,10,TSLA,long,0.0,0.29740400390625,-0.29740400390625
2026-09-09,10,TSLA,long,0.0,5.30043384399414,-5.30043384399414
2026-09-09,11,TSLA,short,0.0,13.292897912597656,-13.292897912597656
2026-09-09,11,TSLA,short,0.0,13.249042694091797,-13.249042694091797
2026-09-09,11,SNDK,long,0.0,2.4976,-2.4976
2026-09-09,11,SNDK,long,0.0,2.5109979248046876,-2.5109979248046876
2026-09-09,11,SNDK,long,0.0,1.7760799560546876,-1.7760799560546876
2026-09-09,11,SNDK,long,0.0,0.70992001953125,-0.70992001953125
2026-09-09,11,SNDK,long,0.0,0.353260009765625,-0.353260009765625
2026-09-09,11,TSLA,long,0.0,4.1467439453125,-4.1467439453125
2026-09-09,12,TSLA,long,0.0,0.0741239990234375,-0.0741239990234375
2026-09-09,12,SNDK,long,0.0,0.706702001953125,-0.706702001953125
2026-09-09,12,SNDK,long,0.0,1.41692001953125,-1.41692001953125
2026-09-09,12,TSLA,long,0.0,0.07413657836914063,-0.07413657836914063
2026-09-09,12,MSTR,long,0.0,9.246311499023438,-9.246311499023438
2026-09-09,12,MSTR,long,0.0,3.393557830810547,-3.393557830810547
2026-09-09,12,SNDK,long,0.0,0.3536800048828125,-0.3536800048828125
2026-09-09,12,SNDK,long,0.0,1.0634400146484375,-1.0634400146484375
2026-09-09,12,MSTR,long,0.0,0.6452159912109375,-0.6452159912109375
2026-09-09,12,TSLA,long,0.0,8.56381611328125,-8.56381611328125
2026-09-09,12,MSTR,long,0.0,0.5653620025634766,-0.5653620025634766
2026-09-09,12,TSLA,long,0.0,3.9979439208984373,-3.9979439208984373
2026-09-09,12,MSTR,long,0.0,0.02689599914550781,-0.02689599914550781
2026-09-09,12,TSLA,long,0.0,8.562075830078125,-8.562075830078125
2026-09-09,12,MSTR,long,0.0,0.026907998657226564,-0.026907998657226564
2026-09-09,13,MSTR,long,0.0,4.230407885742188,-4.230407885742188
2026-09-09,13,TSLA,long,0.0,4.1230560546875,-4.1230560546875
2026-09-09,14,TSLA,long,0.0,2.2930371154785156,-2.2930371154785156
2026-09-09,14,MSTR,long,0.0,1.6387040893554687,-1.6387040893554687
2026-09-09,15,TSLA,long,0.0,1.032950830078125,-1.032950830078125
2026-09-09,15,TSLA,long,0.0,2.8702440856933595,-2.8702440856933595
2026-09-10,9,SNDK,short,0.0,9.47744013671875,-9.47744013671875
2026-09-10,9,MSTR,long,0.0,9.420839776611329,-9.420839776611329
2026-09-10,9,MSTR,long,0.0,0.02593599853515625,-0.02593599853515625
2026-09-10,9,SNDK,short,0.0,9.5590318359375,-9.5590318359375
2026-09-10,9,MSTR,long,0.0,5.32592417602539,-5.32592417602539
2026-09-10,9,MSTR,long,0.0,0.026020001220703123,-0.026020001220703123
2026-09-10,9,NVDA,short,0.0,14.013181951904297,-14.013181951904297
2026-09-10,10,MSTR,long,0.0,2.819880065917969,-2.819880065917969
2026-09-10,10,NVDA,short,0.0,0.04363800048828125,-0.04363800048828125
2026-09-10,10,MSTR,long,0.0,1.3045010375976562,-1.3045010375976562
2026-09-10,10,NVDA,short,0.0,14.008132205200196,-14.008132205200196
2026-09-10,10,MSTR,long,0.0,3.76271982421875,-3.76271982421875
2026-09-10,10,MSTR,long,0.0,3.751776123046875,-3.751776123046875
2026-09-10,10,TSLA,long,0.0,8.936377880859375,-8.936377880859375
2026-09-10,10,TSLA,long,0.0,1.6160760375976562,-1.6160760375976562
2026-09-10,10,TSLA,long,0.0,7.3747998046875,-7.3747998046875
2026-09-10,10,SNDK,long,0.0,1.020485009765625,-1.020485009765625
2026-09-10,10,NVDA,short,0.0,3.100427947998047,-3.100427947998047
2026-09-10,11,NVDA,short,0.0,0.04362999877929687,-0.04362999877929687
2026-09-10,11,TSLA,long,0.0,0.22056000366210937,-0.22056000366210937
2026-09-10,11,SNDK,long,0.0,0.3391056396484375,-0.3391056396484375
2026-09-10,11,TSLA,long,0.0,0.21927899780273438,-0.21927899780273438
2026-09-10,11,NVDA,short,0.0,0.0436260009765625,-0.0436260009765625
2026-09-10,11,TSLA,short,0.0,12.791274871826172,-12.791274871826172
2026-09-10,11,TSLA,short,0.0,12.809300384521485,-12.809300384521485
2026-09-10,11,SNDK,long,0.0,1.01685849609375,-1.01685849609375
2026-09-10,11,SNDK,long,0.0,1.3558240234375,-1.3558240234375
2026-09-10,11,NVDA,short,0.0,0.04362872009277344,-0.04362872009277344
2026-09-10,11,SNDK,long,0.0,0.3395915283203125,-0.3395915283203125
2026-09-10,12,NVDA,short,0.0,0.04378399963378906,-0.04378399963378906
2026-09-10,12,SNDK,long,0.0,2.0313720703125,-2.0313720703125
2026-09-10,12,NVDA,short,0.0,0.69830400390625,-0.69830400390625
2026-09-10,12,SNDK,long,0.0,0.676543994140625,-0.676543994140625
2026-09-10,13,SNDK,long,0.0,0.677022021484375,-0.677022021484375
2026-09-10,13,SNDK,long,0.0,0.67959599609375,-0.67959599609375
2026-09-10,13,SNDK,long,0.0,1.35811201171875,-1.35811201171875
2026-09-10,13,SNDK,long,0.0,1.359148046875,-1.359148046875
2026-09-10,13,NVDA,short,0.0,0.04375903930664062,-0.04375903930664062
2026-09-10,13,TSLA,short,0.0,2.0505548095703126,-2.0505548095703126
2026-09-10,13,TSLA,short,0.0,0.2931760009765625,-0.2931760009765625
2026-09-10,13,TSLA,short,0.0,2.345216015625,-2.345216015625
2026-09-10,14,MSTR,short,0.0,2.2256798950195313,-2.2256798950195313
2026-09-10,14,MSTR,short,0.0,2.2279159790039063,-2.2279159790039063
2026-09-10,15,SNDK,short,0.0,1.70956005859375,-1.70956005859375
2026-09-10,15,SNDK,short,0.0,1.703,-1.703
2026-09-10,15,NVDA,short,0.0,0.043598480224609375,-0.043598480224609375
2026-09-10,15,TSLA,short,0.0,3.794128076171875,-3.794128076171875
2026-09-10,15,TSLA,short,0.0,3.7877839111328124,-3.7877839111328124
2026-09-10,15,NVDA,short,0.0,0.043645001220703125,-0.043645001220703125
2026-09-10,15,NVDA,short,0.0,3.3207440185546875,-3.3207440185546875
2026-09-10,15,NVDA,short,0.0,0.174752001953125,-0.174752001953125
2026-09-11,9,SNDK,short,0.0,10.06343994140625,-10.06343994140625
2026-09-11,9,TSLA,long,0.0,8.819690295410156,-8.819690295410156
2026-09-11,9,TSLA,long,0.0,8.876248046875,-8.876248046875
2026-09-11,9,SNDK,short,0.0,9.963240234375,-9.963240234375
2026-09-11,9,MSTR,long,0.0,13.984239672851562,-13.984239672851562
2026-09-11,9,MSTR,long,0.0,2.3906628662109375,-2.3906628662109375
2026-09-11,9,MSTR,long,0.0,2.4233318328857423,-2.4233318328857423
2026-09-11,9,MSTR,long,0.0,0.026789999389648437,-0.026789999389648437
2026-09-11,10,MSTR,long,0.0,0.08204400329589843,-0.08204400329589843
2026-09-11,10,MSTR,long,0.0,3.766404183959961,-3.766404183959961
2026-09-11,10,MSTR,long,0.0,10.744395385742187,-10.744395385742187
2026-09-11,10,TSLA,long,0.0,14.457238903808594,-14.457238903808594
2026-09-11,10,TSLA,long,0.0,14.381003607177734,-14.381003607177734
2026-09-11,10,MSTR,long,0.0,9.22030228881836,-9.22030228881836
2026-09-11,10,MSTR,long,0.0,9.257819793701172,-9.257819793701172
2026-09-11,10,SNDK,long,0.0,3.94999189453125,-3.94999189453125
2026-09-11,10,TSLA,long,0.0,14.446079516601563,-14.446079516601563
2026-09-11,10,SNDK,long,0.0,0.32855,-0.32855
2026-09-11,10,TSLA,long,0.0,14.510825903320313,-14.510825903320313
2026-09-11,10,SNDK,long,0.0,0.9836580322265625,-0.9836580322265625
2026-09-11,10,SNDK,long,0.0,0.6535259765625,-0.6535259765625
2026-09-11,10,TSLA,long,0.0,0.8754840087890625,-0.8754840087890625
2026-09-11,10,MSTR,long,0.0,1.451304052734375,-1.451304052734375
2026-09-11,10,NVDA,short,0.0,11.120867938232422,-11.120867938232422
2026-09-11,10,MSTR,long,0.0,0.8924189758300781,-0.8924189758300781
2026-09-11,10,SNDK,long,0.0,1.95656396484375,-1.95656396484375
2026-09-11,10,TSLA,long,0.0,0.8759520263671875,-0.8759520263671875
2026-09-11,10,NVDA,short,0.0,3.42615,-3.42615
2026-09-11,10,MSTR,long,0.0,9.633756518554687,-9.633756518554687
2026-09-11,11,MSTR,long,0.0,12.01725,-12.01725
2026-09-11,11,NVDA,short,0.0,7.680749893188477,-7.680749893188477
2026-09-11,11,TSLA,long,0.0,14.519039514160156,-14.519039514160156
2026-09-11,11,TSLA,long,0.0,14.611774194335938,-14.611774194335938
2026-09-11,11,TSLA,long,0.0,8.20355224609375,-8.20355224609375
2026-09-11,11,SNDK,long,0.0,2.6237439453125,-2.6237439453125
2026-09-11,11,SNDK,long,0.0,2.626080078125,-2.626080078125
2026-09-11,11,TSLA,long,0.0,8.161887890625,-8.161887890625
2026-09-11,12,MSTR,long,0.0,0.53747998046875,-0.53747998046875
2026-09-11,12,MSTR,long,0.0,0.4528799896240234,-0.4528799896240234
2026-09-11,12,MSTR,long,0.0,0.07991280212402344,-0.07991280212402344
2026-09-11,12,SNDK,long,0.0,0.650216015625,-0.650216015625
2026-09-11,12,SNDK,long,0.0,0.6516,-0.6516
2026-09-11,12,SNDK,long,0.0,0.9761969970703125,-0.9761969970703125
2026-09-11,12,SNDK,long,0.0,0.978618017578125,-0.978618017578125
2026-09-11,12,MSTR,long,0.0,5.438640124511719,-5.438640124511719
2026-09-11,13,TSLA,long,0.0,1.45897998046875,-1.45897998046875
2026-09-11,13,MSTR,long,0.0,0.026652279663085938,-0.026652279663085938
2026-09-11,13,SNDK,short,0.0,0.326893994140625,-0.326893994140625
2026-09-11,13,TSLA,long,0.0,1.46147998046875,-1.46147998046875
2026-09-11,13,MSTR,long,0.0,0.02668800048828125,-0.02668800048828125
2026-09-11,13,SNDK,short,0.0,0.32716298828125,-0.32716298828125
2026-09-11,14,MSTR,long,0.0,5.311791827392578,-5.311791827392578
2026-09-11,14,SNDK,short,0.0,1.30977998046875,-1.30977998046875
2026-09-11,14,SNDK,short,0.0,1.30688798828125,-1.30688798828125
2026-09-11,14,SNDK,short,0.0,0.32696298828125,-0.32696298828125
2026-09-11,14,SNDK,short,0.0,1.3090400390625,-1.3090400390625
2026-09-11,14,TSLA,long,0.0,1.3862779907226563,-1.3862779907226563
2026-09-11,14,SNDK,short,0.0,0.98231103515625,-0.98231103515625
2026-09-11,14,TSLA,long,0.0,0.07288800048828124,-0.07288800048828124
2026-09-11,14,SNDK,short,0.0,0.6536,-0.6536
2026-09-11,15,TSLA,long,0.0,1.3147739868164063,-1.3147739868164063
2026-09-11,15,MSTR,long,0.0,5.8764379089355465,-5.8764379089355465
2026-09-11,15,SNDK,short,0.0,1.63127001953125,-1.63127001953125
2026-09-11,15,SNDK,short,0.0,0.9774840087890625,-0.9774840087890625
2026-09-11,15,MSTR,long,0.0,0.026167999267578124,-0.026167999267578124
2026-09-11,15,SNDK,short,0.0,1.959383935546875,-1.959383935546875
2026-09-11,15,MSTR,long,0.0,0.5240800170898438,-0.5240800170898438
2026-09-11,15,SNDK,short,0.0,2.612519921875,-2.612519921875
2026-09-11,15,MSTR,long,0.0,0.026248001098632814,-0.026248001098632814
2026-09-11,15,SNDK,short,0.0,0.653827978515625,-0.653827978515625
2026-09-11,15,MSTR,long,0.0,5.267405950927734,-5.267405950927734
2026-09-11,15,SNDK,short,0.0,0.653716015625,-0.653716015625
